Copyright 1986-2021 Xilinx, Inc. All Rights Reserved.
---------------------------------------------------------------------------------------------------------------------------------------
| Tool Version : Vivado v.2021.1 (lin64) Build 3247384 Thu Jun 10 19:36:07 MDT 2021
| Date         : Sun May  3 12:44:53 2026
| Host         : ielab079 running 64-bit Ubuntu 22.04.5 LTS
| Command      : report_drc -file design_1_wrapper_drc_opted.rpt -pb design_1_wrapper_drc_opted.pb -rpx design_1_wrapper_drc_opted.rpx
| Design       : design_1_wrapper
| Device       : xc7z020clg400-1
| Speed File   : -1
| Design State : Synthesized
---------------------------------------------------------------------------------------------------------------------------------------

Report DRC

Table of Contents
-----------------
1. REPORT SUMMARY
2. REPORT DETAILS

1. REPORT SUMMARY
-----------------
            Netlist: netlist
          Floorplan: design_1
      Design limits: <entire design considered>
           Ruledeck: default
             Max violations: <unlimited>
             Violations found: 614
+-----------+----------+-------------------------------------------------------------------+------------+
| Rule      | Severity | Description                                                       | Violations |
+-----------+----------+-------------------------------------------------------------------+------------+
| DPIP-1    | Warning  | Input pipelining                                                  | 200        |
| DPOP-1    | Warning  | PREG Output pipelining                                            | 154        |
| DPOP-2    | Warning  | MREG Output pipelining                                            | 110        |
| AVAL-4    | Advisory | enum_USE_DPORT_FALSE_enum_DREG_ADREG_0_connects_CED_CEAD_RSTD_GND | 100        |
| AVAL-5    | Advisory | enum_USE_MULT_NONE_enum_DREG_ADREG_0_connects_CED_CEAD_RSTD_GND   | 25         |
| REQP-1725 | Advisory | DSP_Abus_sign_bit_alert                                           | 25         |
+-----------+----------+-------------------------------------------------------------------+------------+

2. REPORT DETAILS
-----------------
DPIP-1#1 Warning
Input pipelining  
DSP design_1_i/conv2d_stream_0/inst/grp_conv2d_stream_Pipeline_VITIS_LOOP_68_3_mainLoop_cols_fu_367/fadd_32ns_32ns_32_5_full_dsp_1_U51/conv2d_stream_fadd_32ns_32ns_32_5_full_dsp_1_ip_u/inst/i_synth/ADDSUB_OP.ADDSUB/DSP.OP/DSP48E1_BODY.ALIGN_ADD/DSP2/i_no_versal_es1_workaround.DSP input design_1_i/conv2d_stream_0/inst/grp_conv2d_stream_Pipeline_VITIS_LOOP_68_3_mainLoop_cols_fu_367/fadd_32ns_32ns_32_5_full_dsp_1_U51/conv2d_stream_fadd_32ns_32ns_32_5_full_dsp_1_ip_u/inst/i_synth/ADDSUB_OP.ADDSUB/DSP.OP/DSP48E1_BODY.ALIGN_ADD/DSP2/i_no_versal_es1_workaround.DSP/A[29:0] is not pipelined. Pipelining DSP48 input will improve performance.
Related violations: <none>

DPIP-1#2 Warning
Input pipelining  
DSP design_1_i/conv2d_stream_0/inst/grp_conv2d_stream_Pipeline_VITIS_LOOP_68_3_mainLoop_cols_fu_367/fadd_32ns_32ns_32_5_full_dsp_1_U51/conv2d_stream_fadd_32ns_32ns_32_5_full_dsp_1_ip_u/inst/i_synth/ADDSUB_OP.ADDSUB/DSP.OP/DSP48E1_BODY.ALIGN_ADD/DSP2/i_no_versal_es1_workaround.DSP input design_1_i/conv2d_stream_0/inst/grp_conv2d_stream_Pipeline_VITIS_LOOP_68_3_mainLoop_cols_fu_367/fadd_32ns_32ns_32_5_full_dsp_1_U51/conv2d_stream_fadd_32ns_32ns_32_5_full_dsp_1_ip_u/inst/i_synth/ADDSUB_OP.ADDSUB/DSP.OP/DSP48E1_BODY.ALIGN_ADD/DSP2/i_no_versal_es1_workaround.DSP/B[17:0] is not pipelined. Pipelining DSP48 input will improve performance.
Related violations: <none>

DPIP-1#3 Warning
Input pipelining  
DSP design_1_i/conv2d_stream_0/inst/grp_conv2d_stream_Pipeline_VITIS_LOOP_68_3_mainLoop_cols_fu_367/fadd_32ns_32ns_32_5_full_dsp_1_U51/conv2d_stream_fadd_32ns_32ns_32_5_full_dsp_1_ip_u/inst/i_synth/ADDSUB_OP.ADDSUB/DSP.OP/DSP48E1_BODY.ALIGN_ADD/DSP2/i_no_versal_es1_workaround.DSP input design_1_i/conv2d_stream_0/inst/grp_conv2d_stream_Pipeline_VITIS_LOOP_68_3_mainLoop_cols_fu_367/fadd_32ns_32ns_32_5_full_dsp_1_U51/conv2d_stream_fadd_32ns_32ns_32_5_full_dsp_1_ip_u/inst/i_synth/ADDSUB_OP.ADDSUB/DSP.OP/DSP48E1_BODY.ALIGN_ADD/DSP2/i_no_versal_es1_workaround.DSP/C[47:0] is not pipelined. Pipelining DSP48 input will improve performance.
Related violations: <none>

DPIP-1#4 Warning
Input pipelining  
DSP design_1_i/conv2d_stream_0/inst/grp_conv2d_stream_Pipeline_VITIS_LOOP_68_3_mainLoop_cols_fu_367/fadd_32ns_32ns_32_5_full_dsp_1_U51/conv2d_stream_fadd_32ns_32ns_32_5_full_dsp_1_ip_u/inst/i_synth/ADDSUB_OP.ADDSUB/DSP.OP/DSP48E1_BODY.NORM_RND/FULL_USAGE_DSP.SHIFT_RND/i_no_versal_es1_workaround.DSP input design_1_i/conv2d_stream_0/inst/grp_conv2d_stream_Pipeline_VITIS_LOOP_68_3_mainLoop_cols_fu_367/fadd_32ns_32ns_32_5_full_dsp_1_U51/conv2d_stream_fadd_32ns_32ns_32_5_full_dsp_1_ip_u/inst/i_synth/ADDSUB_OP.ADDSUB/DSP.OP/DSP48E1_BODY.NORM_RND/FULL_USAGE_DSP.SHIFT_RND/i_no_versal_es1_workaround.DSP/C[47:0] is not pipelined. Pipelining DSP48 input will improve performance.
Related violations: <none>

DPIP-1#5 Warning
Input pipelining  
DSP design_1_i/conv2d_stream_0/inst/grp_conv2d_stream_Pipeline_VITIS_LOOP_68_3_mainLoop_cols_fu_367/fadd_32ns_32ns_32_5_full_dsp_1_U52/conv2d_stream_fadd_32ns_32ns_32_5_full_dsp_1_ip_u/inst/i_synth/ADDSUB_OP.ADDSUB/DSP.OP/DSP48E1_BODY.ALIGN_ADD/DSP2/i_no_versal_es1_workaround.DSP input design_1_i/conv2d_stream_0/inst/grp_conv2d_stream_Pipeline_VITIS_LOOP_68_3_mainLoop_cols_fu_367/fadd_32ns_32ns_32_5_full_dsp_1_U52/conv2d_stream_fadd_32ns_32ns_32_5_full_dsp_1_ip_u/inst/i_synth/ADDSUB_OP.ADDSUB/DSP.OP/DSP48E1_BODY.ALIGN_ADD/DSP2/i_no_versal_es1_workaround.DSP/A[29:0] is not pipelined. Pipelining DSP48 input will improve performance.
Related violations: <none>

DPIP-1#6 Warning
Input pipelining  
DSP design_1_i/conv2d_stream_0/inst/grp_conv2d_stream_Pipeline_VITIS_LOOP_68_3_mainLoop_cols_fu_367/fadd_32ns_32ns_32_5_full_dsp_1_U52/conv2d_stream_fadd_32ns_32ns_32_5_full_dsp_1_ip_u/inst/i_synth/ADDSUB_OP.ADDSUB/DSP.OP/DSP48E1_BODY.ALIGN_ADD/DSP2/i_no_versal_es1_workaround.DSP input design_1_i/conv2d_stream_0/inst/grp_conv2d_stream_Pipeline_VITIS_LOOP_68_3_mainLoop_cols_fu_367/fadd_32ns_32ns_32_5_full_dsp_1_U52/conv2d_stream_fadd_32ns_32ns_32_5_full_dsp_1_ip_u/inst/i_synth/ADDSUB_OP.ADDSUB/DSP.OP/DSP48E1_BODY.ALIGN_ADD/DSP2/i_no_versal_es1_workaround.DSP/B[17:0] is not pipelined. Pipelining DSP48 input will improve performance.
Related violations: <none>

DPIP-1#7 Warning
Input pipelining  
DSP design_1_i/conv2d_stream_0/inst/grp_conv2d_stream_Pipeline_VITIS_LOOP_68_3_mainLoop_cols_fu_367/fadd_32ns_32ns_32_5_full_dsp_1_U52/conv2d_stream_fadd_32ns_32ns_32_5_full_dsp_1_ip_u/inst/i_synth/ADDSUB_OP.ADDSUB/DSP.OP/DSP48E1_BODY.ALIGN_ADD/DSP2/i_no_versal_es1_workaround.DSP input design_1_i/conv2d_stream_0/inst/grp_conv2d_stream_Pipeline_VITIS_LOOP_68_3_mainLoop_cols_fu_367/fadd_32ns_32ns_32_5_full_dsp_1_U52/conv2d_stream_fadd_32ns_32ns_32_5_full_dsp_1_ip_u/inst/i_synth/ADDSUB_OP.ADDSUB/DSP.OP/DSP48E1_BODY.ALIGN_ADD/DSP2/i_no_versal_es1_workaround.DSP/C[47:0] is not pipelined. Pipelining DSP48 input will improve performance.
Related violations: <none>

DPIP-1#8 Warning
Input pipelining  
DSP design_1_i/conv2d_stream_0/inst/grp_conv2d_stream_Pipeline_VITIS_LOOP_68_3_mainLoop_cols_fu_367/fadd_32ns_32ns_32_5_full_dsp_1_U52/conv2d_stream_fadd_32ns_32ns_32_5_full_dsp_1_ip_u/inst/i_synth/ADDSUB_OP.ADDSUB/DSP.OP/DSP48E1_BODY.NORM_RND/FULL_USAGE_DSP.SHIFT_RND/i_no_versal_es1_workaround.DSP input design_1_i/conv2d_stream_0/inst/grp_conv2d_stream_Pipeline_VITIS_LOOP_68_3_mainLoop_cols_fu_367/fadd_32ns_32ns_32_5_full_dsp_1_U52/conv2d_stream_fadd_32ns_32ns_32_5_full_dsp_1_ip_u/inst/i_synth/ADDSUB_OP.ADDSUB/DSP.OP/DSP48E1_BODY.NORM_RND/FULL_USAGE_DSP.SHIFT_RND/i_no_versal_es1_workaround.DSP/C[47:0] is not pipelined. Pipelining DSP48 input will improve performance.
Related violations: <none>

DPIP-1#9 Warning
Input pipelining  
DSP design_1_i/conv2d_stream_0/inst/grp_conv2d_stream_Pipeline_VITIS_LOOP_68_3_mainLoop_cols_fu_367/fadd_32ns_32ns_32_5_full_dsp_1_U53/conv2d_stream_fadd_32ns_32ns_32_5_full_dsp_1_ip_u/inst/i_synth/ADDSUB_OP.ADDSUB/DSP.OP/DSP48E1_BODY.ALIGN_ADD/DSP2/i_no_versal_es1_workaround.DSP input design_1_i/conv2d_stream_0/inst/grp_conv2d_stream_Pipeline_VITIS_LOOP_68_3_mainLoop_cols_fu_367/fadd_32ns_32ns_32_5_full_dsp_1_U53/conv2d_stream_fadd_32ns_32ns_32_5_full_dsp_1_ip_u/inst/i_synth/ADDSUB_OP.ADDSUB/DSP.OP/DSP48E1_BODY.ALIGN_ADD/DSP2/i_no_versal_es1_workaround.DSP/A[29:0] is not pipelined. Pipelining DSP48 input will improve performance.
Related violations: <none>

DPIP-1#10 Warning
Input pipelining  
DSP design_1_i/conv2d_stream_0/inst/grp_conv2d_stream_Pipeline_VITIS_LOOP_68_3_mainLoop_cols_fu_367/fadd_32ns_32ns_32_5_full_dsp_1_U53/conv2d_stream_fadd_32ns_32ns_32_5_full_dsp_1_ip_u/inst/i_synth/ADDSUB_OP.ADDSUB/DSP.OP/DSP48E1_BODY.ALIGN_ADD/DSP2/i_no_versal_es1_workaround.DSP input design_1_i/conv2d_stream_0/inst/grp_conv2d_stream_Pipeline_VITIS_LOOP_68_3_mainLoop_cols_fu_367/fadd_32ns_32ns_32_5_full_dsp_1_U53/conv2d_stream_fadd_32ns_32ns_32_5_full_dsp_1_ip_u/inst/i_synth/ADDSUB_OP.ADDSUB/DSP.OP/DSP48E1_BODY.ALIGN_ADD/DSP2/i_no_versal_es1_workaround.DSP/B[17:0] is not pipelined. Pipelining DSP48 input will improve performance.
Related violations: <none>

DPIP-1#11 Warning
Input pipelining  
DSP design_1_i/conv2d_stream_0/inst/grp_conv2d_stream_Pipeline_VITIS_LOOP_68_3_mainLoop_cols_fu_367/fadd_32ns_32ns_32_5_full_dsp_1_U53/conv2d_stream_fadd_32ns_32ns_32_5_full_dsp_1_ip_u/inst/i_synth/ADDSUB_OP.ADDSUB/DSP.OP/DSP48E1_BODY.ALIGN_ADD/DSP2/i_no_versal_es1_workaround.DSP input design_1_i/conv2d_stream_0/inst/grp_conv2d_stream_Pipeline_VITIS_LOOP_68_3_mainLoop_cols_fu_367/fadd_32ns_32ns_32_5_full_dsp_1_U53/conv2d_stream_fadd_32ns_32ns_32_5_full_dsp_1_ip_u/inst/i_synth/ADDSUB_OP.ADDSUB/DSP.OP/DSP48E1_BODY.ALIGN_ADD/DSP2/i_no_versal_es1_workaround.DSP/C[47:0] is not pipelined. Pipelining DSP48 input will improve performance.
Related violations: <none>

DPIP-1#12 Warning
Input pipelining  
DSP design_1_i/conv2d_stream_0/inst/grp_conv2d_stream_Pipeline_VITIS_LOOP_68_3_mainLoop_cols_fu_367/fadd_32ns_32ns_32_5_full_dsp_1_U53/conv2d_stream_fadd_32ns_32ns_32_5_full_dsp_1_ip_u/inst/i_synth/ADDSUB_OP.ADDSUB/DSP.OP/DSP48E1_BODY.NORM_RND/FULL_USAGE_DSP.SHIFT_RND/i_no_versal_es1_workaround.DSP input design_1_i/conv2d_stream_0/inst/grp_conv2d_stream_Pipeline_VITIS_LOOP_68_3_mainLoop_cols_fu_367/fadd_32ns_32ns_32_5_full_dsp_1_U53/conv2d_stream_fadd_32ns_32ns_32_5_full_dsp_1_ip_u/inst/i_synth/ADDSUB_OP.ADDSUB/DSP.OP/DSP48E1_BODY.NORM_RND/FULL_USAGE_DSP.SHIFT_RND/i_no_versal_es1_workaround.DSP/C[47:0] is not pipelined. Pipelining DSP48 input will improve performance.
Related violations: <none>

DPIP-1#13 Warning
Input pipelining  
DSP design_1_i/conv2d_stream_0/inst/grp_conv2d_stream_Pipeline_VITIS_LOOP_68_3_mainLoop_cols_fu_367/fadd_32ns_32ns_32_5_full_dsp_1_U54/conv2d_stream_fadd_32ns_32ns_32_5_full_dsp_1_ip_u/inst/i_synth/ADDSUB_OP.ADDSUB/DSP.OP/DSP48E1_BODY.ALIGN_ADD/DSP2/i_no_versal_es1_workaround.DSP input design_1_i/conv2d_stream_0/inst/grp_conv2d_stream_Pipeline_VITIS_LOOP_68_3_mainLoop_cols_fu_367/fadd_32ns_32ns_32_5_full_dsp_1_U54/conv2d_stream_fadd_32ns_32ns_32_5_full_dsp_1_ip_u/inst/i_synth/ADDSUB_OP.ADDSUB/DSP.OP/DSP48E1_BODY.ALIGN_ADD/DSP2/i_no_versal_es1_workaround.DSP/A[29:0] is not pipelined. Pipelining DSP48 input will improve performance.
Related violations: <none>

DPIP-1#14 Warning
Input pipelining  
DSP design_1_i/conv2d_stream_0/inst/grp_conv2d_stream_Pipeline_VITIS_LOOP_68_3_mainLoop_cols_fu_367/fadd_32ns_32ns_32_5_full_dsp_1_U54/conv2d_stream_fadd_32ns_32ns_32_5_full_dsp_1_ip_u/inst/i_synth/ADDSUB_OP.ADDSUB/DSP.OP/DSP48E1_BODY.ALIGN_ADD/DSP2/i_no_versal_es1_workaround.DSP input design_1_i/conv2d_stream_0/inst/grp_conv2d_stream_Pipeline_VITIS_LOOP_68_3_mainLoop_cols_fu_367/fadd_32ns_32ns_32_5_full_dsp_1_U54/conv2d_stream_fadd_32ns_32ns_32_5_full_dsp_1_ip_u/inst/i_synth/ADDSUB_OP.ADDSUB/DSP.OP/DSP48E1_BODY.ALIGN_ADD/DSP2/i_no_versal_es1_workaround.DSP/B[17:0] is not pipelined. Pipelining DSP48 input will improve performance.
Related violations: <none>

DPIP-1#15 Warning
Input pipelining  
DSP design_1_i/conv2d_stream_0/inst/grp_conv2d_stream_Pipeline_VITIS_LOOP_68_3_mainLoop_cols_fu_367/fadd_32ns_32ns_32_5_full_dsp_1_U54/conv2d_stream_fadd_32ns_32ns_32_5_full_dsp_1_ip_u/inst/i_synth/ADDSUB_OP.ADDSUB/DSP.OP/DSP48E1_BODY.ALIGN_ADD/DSP2/i_no_versal_es1_workaround.DSP input design_1_i/conv2d_stream_0/inst/grp_conv2d_stream_Pipeline_VITIS_LOOP_68_3_mainLoop_cols_fu_367/fadd_32ns_32ns_32_5_full_dsp_1_U54/conv2d_stream_fadd_32ns_32ns_32_5_full_dsp_1_ip_u/inst/i_synth/ADDSUB_OP.ADDSUB/DSP.OP/DSP48E1_BODY.ALIGN_ADD/DSP2/i_no_versal_es1_workaround.DSP/C[47:0] is not pipelined. Pipelining DSP48 input will improve performance.
Related violations: <none>

DPIP-1#16 Warning
Input pipelining  
DSP design_1_i/conv2d_stream_0/inst/grp_conv2d_stream_Pipeline_VITIS_LOOP_68_3_mainLoop_cols_fu_367/fadd_32ns_32ns_32_5_full_dsp_1_U54/conv2d_stream_fadd_32ns_32ns_32_5_full_dsp_1_ip_u/inst/i_synth/ADDSUB_OP.ADDSUB/DSP.OP/DSP48E1_BODY.NORM_RND/FULL_USAGE_DSP.SHIFT_RND/i_no_versal_es1_workaround.DSP input design_1_i/conv2d_stream_0/inst/grp_conv2d_stream_Pipeline_VITIS_LOOP_68_3_mainLoop_cols_fu_367/fadd_32ns_32ns_32_5_full_dsp_1_U54/conv2d_stream_fadd_32ns_32ns_32_5_full_dsp_1_ip_u/inst/i_synth/ADDSUB_OP.ADDSUB/DSP.OP/DSP48E1_BODY.NORM_RND/FULL_USAGE_DSP.SHIFT_RND/i_no_versal_es1_workaround.DSP/C[47:0] is not pipelined. Pipelining DSP48 input will improve performance.
Related violations: <none>

DPIP-1#17 Warning
Input pipelining  
DSP design_1_i/conv2d_stream_0/inst/grp_conv2d_stream_Pipeline_VITIS_LOOP_68_3_mainLoop_cols_fu_367/fadd_32ns_32ns_32_5_full_dsp_1_U55/conv2d_stream_fadd_32ns_32ns_32_5_full_dsp_1_ip_u/inst/i_synth/ADDSUB_OP.ADDSUB/DSP.OP/DSP48E1_BODY.ALIGN_ADD/DSP2/i_no_versal_es1_workaround.DSP input design_1_i/conv2d_stream_0/inst/grp_conv2d_stream_Pipeline_VITIS_LOOP_68_3_mainLoop_cols_fu_367/fadd_32ns_32ns_32_5_full_dsp_1_U55/conv2d_stream_fadd_32ns_32ns_32_5_full_dsp_1_ip_u/inst/i_synth/ADDSUB_OP.ADDSUB/DSP.OP/DSP48E1_BODY.ALIGN_ADD/DSP2/i_no_versal_es1_workaround.DSP/A[29:0] is not pipelined. Pipelining DSP48 input will improve performance.
Related violations: <none>

DPIP-1#18 Warning
Input pipelining  
DSP design_1_i/conv2d_stream_0/inst/grp_conv2d_stream_Pipeline_VITIS_LOOP_68_3_mainLoop_cols_fu_367/fadd_32ns_32ns_32_5_full_dsp_1_U55/conv2d_stream_fadd_32ns_32ns_32_5_full_dsp_1_ip_u/inst/i_synth/ADDSUB_OP.ADDSUB/DSP.OP/DSP48E1_BODY.ALIGN_ADD/DSP2/i_no_versal_es1_workaround.DSP input design_1_i/conv2d_stream_0/inst/grp_conv2d_stream_Pipeline_VITIS_LOOP_68_3_mainLoop_cols_fu_367/fadd_32ns_32ns_32_5_full_dsp_1_U55/conv2d_stream_fadd_32ns_32ns_32_5_full_dsp_1_ip_u/inst/i_synth/ADDSUB_OP.ADDSUB/DSP.OP/DSP48E1_BODY.ALIGN_ADD/DSP2/i_no_versal_es1_workaround.DSP/B[17:0] is not pipelined. Pipelining DSP48 input will improve performance.
Related violations: <none>

DPIP-1#19 Warning
Input pipelining  
DSP design_1_i/conv2d_stream_0/inst/grp_conv2d_stream_Pipeline_VITIS_LOOP_68_3_mainLoop_cols_fu_367/fadd_32ns_32ns_32_5_full_dsp_1_U55/conv2d_stream_fadd_32ns_32ns_32_5_full_dsp_1_ip_u/inst/i_synth/ADDSUB_OP.ADDSUB/DSP.OP/DSP48E1_BODY.ALIGN_ADD/DSP2/i_no_versal_es1_workaround.DSP input design_1_i/conv2d_stream_0/inst/grp_conv2d_stream_Pipeline_VITIS_LOOP_68_3_mainLoop_cols_fu_367/fadd_32ns_32ns_32_5_full_dsp_1_U55/conv2d_stream_fadd_32ns_32ns_32_5_full_dsp_1_ip_u/inst/i_synth/ADDSUB_OP.ADDSUB/DSP.OP/DSP48E1_BODY.ALIGN_ADD/DSP2/i_no_versal_es1_workaround.DSP/C[47:0] is not pipelined. Pipelining DSP48 input will improve performance.
Related violations: <none>

DPIP-1#20 Warning
Input pipelining  
DSP design_1_i/conv2d_stream_0/inst/grp_conv2d_stream_Pipeline_VITIS_LOOP_68_3_mainLoop_cols_fu_367/fadd_32ns_32ns_32_5_full_dsp_1_U55/conv2d_stream_fadd_32ns_32ns_32_5_full_dsp_1_ip_u/inst/i_synth/ADDSUB_OP.ADDSUB/DSP.OP/DSP48E1_BODY.NORM_RND/FULL_USAGE_DSP.SHIFT_RND/i_no_versal_es1_workaround.DSP input design_1_i/conv2d_stream_0/inst/grp_conv2d_stream_Pipeline_VITIS_LOOP_68_3_mainLoop_cols_fu_367/fadd_32ns_32ns_32_5_full_dsp_1_U55/conv2d_stream_fadd_32ns_32ns_32_5_full_dsp_1_ip_u/inst/i_synth/ADDSUB_OP.ADDSUB/DSP.OP/DSP48E1_BODY.NORM_RND/FULL_USAGE_DSP.SHIFT_RND/i_no_versal_es1_workaround.DSP/C[47:0] is not pipelined. Pipelining DSP48 input will improve performance.
Related violations: <none>

DPIP-1#21 Warning
Input pipelining  
DSP design_1_i/conv2d_stream_0/inst/grp_conv2d_stream_Pipeline_VITIS_LOOP_68_3_mainLoop_cols_fu_367/fadd_32ns_32ns_32_5_full_dsp_1_U56/conv2d_stream_fadd_32ns_32ns_32_5_full_dsp_1_ip_u/inst/i_synth/ADDSUB_OP.ADDSUB/DSP.OP/DSP48E1_BODY.ALIGN_ADD/DSP2/i_no_versal_es1_workaround.DSP input design_1_i/conv2d_stream_0/inst/grp_conv2d_stream_Pipeline_VITIS_LOOP_68_3_mainLoop_cols_fu_367/fadd_32ns_32ns_32_5_full_dsp_1_U56/conv2d_stream_fadd_32ns_32ns_32_5_full_dsp_1_ip_u/inst/i_synth/ADDSUB_OP.ADDSUB/DSP.OP/DSP48E1_BODY.ALIGN_ADD/DSP2/i_no_versal_es1_workaround.DSP/A[29:0] is not pipelined. Pipelining DSP48 input will improve performance.
Related violations: <none>

DPIP-1#22 Warning
Input pipelining  
DSP design_1_i/conv2d_stream_0/inst/grp_conv2d_stream_Pipeline_VITIS_LOOP_68_3_mainLoop_cols_fu_367/fadd_32ns_32ns_32_5_full_dsp_1_U56/conv2d_stream_fadd_32ns_32ns_32_5_full_dsp_1_ip_u/inst/i_synth/ADDSUB_OP.ADDSUB/DSP.OP/DSP48E1_BODY.ALIGN_ADD/DSP2/i_no_versal_es1_workaround.DSP input design_1_i/conv2d_stream_0/inst/grp_conv2d_stream_Pipeline_VITIS_LOOP_68_3_mainLoop_cols_fu_367/fadd_32ns_32ns_32_5_full_dsp_1_U56/conv2d_stream_fadd_32ns_32ns_32_5_full_dsp_1_ip_u/inst/i_synth/ADDSUB_OP.ADDSUB/DSP.OP/DSP48E1_BODY.ALIGN_ADD/DSP2/i_no_versal_es1_workaround.DSP/B[17:0] is not pipelined. Pipelining DSP48 input will improve performance.
Related violations: <none>

DPIP-1#23 Warning
Input pipelining  
DSP design_1_i/conv2d_stream_0/inst/grp_conv2d_stream_Pipeline_VITIS_LOOP_68_3_mainLoop_cols_fu_367/fadd_32ns_32ns_32_5_full_dsp_1_U56/conv2d_stream_fadd_32ns_32ns_32_5_full_dsp_1_ip_u/inst/i_synth/ADDSUB_OP.ADDSUB/DSP.OP/DSP48E1_BODY.ALIGN_ADD/DSP2/i_no_versal_es1_workaround.DSP input design_1_i/conv2d_stream_0/inst/grp_conv2d_stream_Pipeline_VITIS_LOOP_68_3_mainLoop_cols_fu_367/fadd_32ns_32ns_32_5_full_dsp_1_U56/conv2d_stream_fadd_32ns_32ns_32_5_full_dsp_1_ip_u/inst/i_synth/ADDSUB_OP.ADDSUB/DSP.OP/DSP48E1_BODY.ALIGN_ADD/DSP2/i_no_versal_es1_workaround.DSP/C[47:0] is not pipelined. Pipelining DSP48 input will improve performance.
Related violations: <none>

DPIP-1#24 Warning
Input pipelining  
DSP design_1_i/conv2d_stream_0/inst/grp_conv2d_stream_Pipeline_VITIS_LOOP_68_3_mainLoop_cols_fu_367/fadd_32ns_32ns_32_5_full_dsp_1_U56/conv2d_stream_fadd_32ns_32ns_32_5_full_dsp_1_ip_u/inst/i_synth/ADDSUB_OP.ADDSUB/DSP.OP/DSP48E1_BODY.NORM_RND/FULL_USAGE_DSP.SHIFT_RND/i_no_versal_es1_workaround.DSP input design_1_i/conv2d_stream_0/inst/grp_conv2d_stream_Pipeline_VITIS_LOOP_68_3_mainLoop_cols_fu_367/fadd_32ns_32ns_32_5_full_dsp_1_U56/conv2d_stream_fadd_32ns_32ns_32_5_full_dsp_1_ip_u/inst/i_synth/ADDSUB_OP.ADDSUB/DSP.OP/DSP48E1_BODY.NORM_RND/FULL_USAGE_DSP.SHIFT_RND/i_no_versal_es1_workaround.DSP/C[47:0] is not pipelined. Pipelining DSP48 input will improve performance.
Related violations: <none>

DPIP-1#25 Warning
Input pipelining  
DSP design_1_i/conv2d_stream_0/inst/grp_conv2d_stream_Pipeline_VITIS_LOOP_68_3_mainLoop_cols_fu_367/fadd_32ns_32ns_32_5_full_dsp_1_U57/conv2d_stream_fadd_32ns_32ns_32_5_full_dsp_1_ip_u/inst/i_synth/ADDSUB_OP.ADDSUB/DSP.OP/DSP48E1_BODY.ALIGN_ADD/DSP2/i_no_versal_es1_workaround.DSP input design_1_i/conv2d_stream_0/inst/grp_conv2d_stream_Pipeline_VITIS_LOOP_68_3_mainLoop_cols_fu_367/fadd_32ns_32ns_32_5_full_dsp_1_U57/conv2d_stream_fadd_32ns_32ns_32_5_full_dsp_1_ip_u/inst/i_synth/ADDSUB_OP.ADDSUB/DSP.OP/DSP48E1_BODY.ALIGN_ADD/DSP2/i_no_versal_es1_workaround.DSP/A[29:0] is not pipelined. Pipelining DSP48 input will improve performance.
Related violations: <none>

DPIP-1#26 Warning
Input pipelining  
DSP design_1_i/conv2d_stream_0/inst/grp_conv2d_stream_Pipeline_VITIS_LOOP_68_3_mainLoop_cols_fu_367/fadd_32ns_32ns_32_5_full_dsp_1_U57/conv2d_stream_fadd_32ns_32ns_32_5_full_dsp_1_ip_u/inst/i_synth/ADDSUB_OP.ADDSUB/DSP.OP/DSP48E1_BODY.ALIGN_ADD/DSP2/i_no_versal_es1_workaround.DSP input design_1_i/conv2d_stream_0/inst/grp_conv2d_stream_Pipeline_VITIS_LOOP_68_3_mainLoop_cols_fu_367/fadd_32ns_32ns_32_5_full_dsp_1_U57/conv2d_stream_fadd_32ns_32ns_32_5_full_dsp_1_ip_u/inst/i_synth/ADDSUB_OP.ADDSUB/DSP.OP/DSP48E1_BODY.ALIGN_ADD/DSP2/i_no_versal_es1_workaround.DSP/B[17:0] is not pipelined. Pipelining DSP48 input will improve performance.
Related violations: <none>

DPIP-1#27 Warning
Input pipelining  
DSP design_1_i/conv2d_stream_0/inst/grp_conv2d_stream_Pipeline_VITIS_LOOP_68_3_mainLoop_cols_fu_367/fadd_32ns_32ns_32_5_full_dsp_1_U57/conv2d_stream_fadd_32ns_32ns_32_5_full_dsp_1_ip_u/inst/i_synth/ADDSUB_OP.ADDSUB/DSP.OP/DSP48E1_BODY.ALIGN_ADD/DSP2/i_no_versal_es1_workaround.DSP input design_1_i/conv2d_stream_0/inst/grp_conv2d_stream_Pipeline_VITIS_LOOP_68_3_mainLoop_cols_fu_367/fadd_32ns_32ns_32_5_full_dsp_1_U57/conv2d_stream_fadd_32ns_32ns_32_5_full_dsp_1_ip_u/inst/i_synth/ADDSUB_OP.ADDSUB/DSP.OP/DSP48E1_BODY.ALIGN_ADD/DSP2/i_no_versal_es1_workaround.DSP/C[47:0] is not pipelined. Pipelining DSP48 input will improve performance.
Related violations: <none>

DPIP-1#28 Warning
Input pipelining  
DSP design_1_i/conv2d_stream_0/inst/grp_conv2d_stream_Pipeline_VITIS_LOOP_68_3_mainLoop_cols_fu_367/fadd_32ns_32ns_32_5_full_dsp_1_U57/conv2d_stream_fadd_32ns_32ns_32_5_full_dsp_1_ip_u/inst/i_synth/ADDSUB_OP.ADDSUB/DSP.OP/DSP48E1_BODY.NORM_RND/FULL_USAGE_DSP.SHIFT_RND/i_no_versal_es1_workaround.DSP input design_1_i/conv2d_stream_0/inst/grp_conv2d_stream_Pipeline_VITIS_LOOP_68_3_mainLoop_cols_fu_367/fadd_32ns_32ns_32_5_full_dsp_1_U57/conv2d_stream_fadd_32ns_32ns_32_5_full_dsp_1_ip_u/inst/i_synth/ADDSUB_OP.ADDSUB/DSP.OP/DSP48E1_BODY.NORM_RND/FULL_USAGE_DSP.SHIFT_RND/i_no_versal_es1_workaround.DSP/C[47:0] is not pipelined. Pipelining DSP48 input will improve performance.
Related violations: <none>

DPIP-1#29 Warning
Input pipelining  
DSP design_1_i/conv2d_stream_0/inst/grp_conv2d_stream_Pipeline_VITIS_LOOP_68_3_mainLoop_cols_fu_367/fadd_32ns_32ns_32_5_full_dsp_1_U58/conv2d_stream_fadd_32ns_32ns_32_5_full_dsp_1_ip_u/inst/i_synth/ADDSUB_OP.ADDSUB/DSP.OP/DSP48E1_BODY.ALIGN_ADD/DSP2/i_no_versal_es1_workaround.DSP input design_1_i/conv2d_stream_0/inst/grp_conv2d_stream_Pipeline_VITIS_LOOP_68_3_mainLoop_cols_fu_367/fadd_32ns_32ns_32_5_full_dsp_1_U58/conv2d_stream_fadd_32ns_32ns_32_5_full_dsp_1_ip_u/inst/i_synth/ADDSUB_OP.ADDSUB/DSP.OP/DSP48E1_BODY.ALIGN_ADD/DSP2/i_no_versal_es1_workaround.DSP/A[29:0] is not pipelined. Pipelining DSP48 input will improve performance.
Related violations: <none>

DPIP-1#30 Warning
Input pipelining  
DSP design_1_i/conv2d_stream_0/inst/grp_conv2d_stream_Pipeline_VITIS_LOOP_68_3_mainLoop_cols_fu_367/fadd_32ns_32ns_32_5_full_dsp_1_U58/conv2d_stream_fadd_32ns_32ns_32_5_full_dsp_1_ip_u/inst/i_synth/ADDSUB_OP.ADDSUB/DSP.OP/DSP48E1_BODY.ALIGN_ADD/DSP2/i_no_versal_es1_workaround.DSP input design_1_i/conv2d_stream_0/inst/grp_conv2d_stream_Pipeline_VITIS_LOOP_68_3_mainLoop_cols_fu_367/fadd_32ns_32ns_32_5_full_dsp_1_U58/conv2d_stream_fadd_32ns_32ns_32_5_full_dsp_1_ip_u/inst/i_synth/ADDSUB_OP.ADDSUB/DSP.OP/DSP48E1_BODY.ALIGN_ADD/DSP2/i_no_versal_es1_workaround.DSP/B[17:0] is not pipelined. Pipelining DSP48 input will improve performance.
Related violations: <none>

DPIP-1#31 Warning
Input pipelining  
DSP design_1_i/conv2d_stream_0/inst/grp_conv2d_stream_Pipeline_VITIS_LOOP_68_3_mainLoop_cols_fu_367/fadd_32ns_32ns_32_5_full_dsp_1_U58/conv2d_stream_fadd_32ns_32ns_32_5_full_dsp_1_ip_u/inst/i_synth/ADDSUB_OP.ADDSUB/DSP.OP/DSP48E1_BODY.ALIGN_ADD/DSP2/i_no_versal_es1_workaround.DSP input design_1_i/conv2d_stream_0/inst/grp_conv2d_stream_Pipeline_VITIS_LOOP_68_3_mainLoop_cols_fu_367/fadd_32ns_32ns_32_5_full_dsp_1_U58/conv2d_stream_fadd_32ns_32ns_32_5_full_dsp_1_ip_u/inst/i_synth/ADDSUB_OP.ADDSUB/DSP.OP/DSP48E1_BODY.ALIGN_ADD/DSP2/i_no_versal_es1_workaround.DSP/C[47:0] is not pipelined. Pipelining DSP48 input will improve performance.
Related violations: <none>

DPIP-1#32 Warning
Input pipelining  
DSP design_1_i/conv2d_stream_0/inst/grp_conv2d_stream_Pipeline_VITIS_LOOP_68_3_mainLoop_cols_fu_367/fadd_32ns_32ns_32_5_full_dsp_1_U58/conv2d_stream_fadd_32ns_32ns_32_5_full_dsp_1_ip_u/inst/i_synth/ADDSUB_OP.ADDSUB/DSP.OP/DSP48E1_BODY.NORM_RND/FULL_USAGE_DSP.SHIFT_RND/i_no_versal_es1_workaround.DSP input design_1_i/conv2d_stream_0/inst/grp_conv2d_stream_Pipeline_VITIS_LOOP_68_3_mainLoop_cols_fu_367/fadd_32ns_32ns_32_5_full_dsp_1_U58/conv2d_stream_fadd_32ns_32ns_32_5_full_dsp_1_ip_u/inst/i_synth/ADDSUB_OP.ADDSUB/DSP.OP/DSP48E1_BODY.NORM_RND/FULL_USAGE_DSP.SHIFT_RND/i_no_versal_es1_workaround.DSP/C[47:0] is not pipelined. Pipelining DSP48 input will improve performance.
Related violations: <none>

DPIP-1#33 Warning
Input pipelining  
DSP design_1_i/conv2d_stream_0/inst/grp_conv2d_stream_Pipeline_VITIS_LOOP_68_3_mainLoop_cols_fu_367/fadd_32ns_32ns_32_5_full_dsp_1_U59/conv2d_stream_fadd_32ns_32ns_32_5_full_dsp_1_ip_u/inst/i_synth/ADDSUB_OP.ADDSUB/DSP.OP/DSP48E1_BODY.ALIGN_ADD/DSP2/i_no_versal_es1_workaround.DSP input design_1_i/conv2d_stream_0/inst/grp_conv2d_stream_Pipeline_VITIS_LOOP_68_3_mainLoop_cols_fu_367/fadd_32ns_32ns_32_5_full_dsp_1_U59/conv2d_stream_fadd_32ns_32ns_32_5_full_dsp_1_ip_u/inst/i_synth/ADDSUB_OP.ADDSUB/DSP.OP/DSP48E1_BODY.ALIGN_ADD/DSP2/i_no_versal_es1_workaround.DSP/A[29:0] is not pipelined. Pipelining DSP48 input will improve performance.
Related violations: <none>

DPIP-1#34 Warning
Input pipelining  
DSP design_1_i/conv2d_stream_0/inst/grp_conv2d_stream_Pipeline_VITIS_LOOP_68_3_mainLoop_cols_fu_367/fadd_32ns_32ns_32_5_full_dsp_1_U59/conv2d_stream_fadd_32ns_32ns_32_5_full_dsp_1_ip_u/inst/i_synth/ADDSUB_OP.ADDSUB/DSP.OP/DSP48E1_BODY.ALIGN_ADD/DSP2/i_no_versal_es1_workaround.DSP input design_1_i/conv2d_stream_0/inst/grp_conv2d_stream_Pipeline_VITIS_LOOP_68_3_mainLoop_cols_fu_367/fadd_32ns_32ns_32_5_full_dsp_1_U59/conv2d_stream_fadd_32ns_32ns_32_5_full_dsp_1_ip_u/inst/i_synth/ADDSUB_OP.ADDSUB/DSP.OP/DSP48E1_BODY.ALIGN_ADD/DSP2/i_no_versal_es1_workaround.DSP/B[17:0] is not pipelined. Pipelining DSP48 input will improve performance.
Related violations: <none>

DPIP-1#35 Warning
Input pipelining  
DSP design_1_i/conv2d_stream_0/inst/grp_conv2d_stream_Pipeline_VITIS_LOOP_68_3_mainLoop_cols_fu_367/fadd_32ns_32ns_32_5_full_dsp_1_U59/conv2d_stream_fadd_32ns_32ns_32_5_full_dsp_1_ip_u/inst/i_synth/ADDSUB_OP.ADDSUB/DSP.OP/DSP48E1_BODY.ALIGN_ADD/DSP2/i_no_versal_es1_workaround.DSP input design_1_i/conv2d_stream_0/inst/grp_conv2d_stream_Pipeline_VITIS_LOOP_68_3_mainLoop_cols_fu_367/fadd_32ns_32ns_32_5_full_dsp_1_U59/conv2d_stream_fadd_32ns_32ns_32_5_full_dsp_1_ip_u/inst/i_synth/ADDSUB_OP.ADDSUB/DSP.OP/DSP48E1_BODY.ALIGN_ADD/DSP2/i_no_versal_es1_workaround.DSP/C[47:0] is not pipelined. Pipelining DSP48 input will improve performance.
Related violations: <none>

DPIP-1#36 Warning
Input pipelining  
DSP design_1_i/conv2d_stream_0/inst/grp_conv2d_stream_Pipeline_VITIS_LOOP_68_3_mainLoop_cols_fu_367/fadd_32ns_32ns_32_5_full_dsp_1_U59/conv2d_stream_fadd_32ns_32ns_32_5_full_dsp_1_ip_u/inst/i_synth/ADDSUB_OP.ADDSUB/DSP.OP/DSP48E1_BODY.NORM_RND/FULL_USAGE_DSP.SHIFT_RND/i_no_versal_es1_workaround.DSP input design_1_i/conv2d_stream_0/inst/grp_conv2d_stream_Pipeline_VITIS_LOOP_68_3_mainLoop_cols_fu_367/fadd_32ns_32ns_32_5_full_dsp_1_U59/conv2d_stream_fadd_32ns_32ns_32_5_full_dsp_1_ip_u/inst/i_synth/ADDSUB_OP.ADDSUB/DSP.OP/DSP48E1_BODY.NORM_RND/FULL_USAGE_DSP.SHIFT_RND/i_no_versal_es1_workaround.DSP/C[47:0] is not pipelined. Pipelining DSP48 input will improve performance.
Related violations: <none>

DPIP-1#37 Warning
Input pipelining  
DSP design_1_i/conv2d_stream_0/inst/grp_conv2d_stream_Pipeline_VITIS_LOOP_68_3_mainLoop_cols_fu_367/fadd_32ns_32ns_32_5_full_dsp_1_U60/conv2d_stream_fadd_32ns_32ns_32_5_full_dsp_1_ip_u/inst/i_synth/ADDSUB_OP.ADDSUB/DSP.OP/DSP48E1_BODY.ALIGN_ADD/DSP2/i_no_versal_es1_workaround.DSP input design_1_i/conv2d_stream_0/inst/grp_conv2d_stream_Pipeline_VITIS_LOOP_68_3_mainLoop_cols_fu_367/fadd_32ns_32ns_32_5_full_dsp_1_U60/conv2d_stream_fadd_32ns_32ns_32_5_full_dsp_1_ip_u/inst/i_synth/ADDSUB_OP.ADDSUB/DSP.OP/DSP48E1_BODY.ALIGN_ADD/DSP2/i_no_versal_es1_workaround.DSP/A[29:0] is not pipelined. Pipelining DSP48 input will improve performance.
Related violations: <none>

DPIP-1#38 Warning
Input pipelining  
DSP design_1_i/conv2d_stream_0/inst/grp_conv2d_stream_Pipeline_VITIS_LOOP_68_3_mainLoop_cols_fu_367/fadd_32ns_32ns_32_5_full_dsp_1_U60/conv2d_stream_fadd_32ns_32ns_32_5_full_dsp_1_ip_u/inst/i_synth/ADDSUB_OP.ADDSUB/DSP.OP/DSP48E1_BODY.ALIGN_ADD/DSP2/i_no_versal_es1_workaround.DSP input design_1_i/conv2d_stream_0/inst/grp_conv2d_stream_Pipeline_VITIS_LOOP_68_3_mainLoop_cols_fu_367/fadd_32ns_32ns_32_5_full_dsp_1_U60/conv2d_stream_fadd_32ns_32ns_32_5_full_dsp_1_ip_u/inst/i_synth/ADDSUB_OP.ADDSUB/DSP.OP/DSP48E1_BODY.ALIGN_ADD/DSP2/i_no_versal_es1_workaround.DSP/B[17:0] is not pipelined. Pipelining DSP48 input will improve performance.
Related violations: <none>

DPIP-1#39 Warning
Input pipelining  
DSP design_1_i/conv2d_stream_0/inst/grp_conv2d_stream_Pipeline_VITIS_LOOP_68_3_mainLoop_cols_fu_367/fadd_32ns_32ns_32_5_full_dsp_1_U60/conv2d_stream_fadd_32ns_32ns_32_5_full_dsp_1_ip_u/inst/i_synth/ADDSUB_OP.ADDSUB/DSP.OP/DSP48E1_BODY.ALIGN_ADD/DSP2/i_no_versal_es1_workaround.DSP input design_1_i/conv2d_stream_0/inst/grp_conv2d_stream_Pipeline_VITIS_LOOP_68_3_mainLoop_cols_fu_367/fadd_32ns_32ns_32_5_full_dsp_1_U60/conv2d_stream_fadd_32ns_32ns_32_5_full_dsp_1_ip_u/inst/i_synth/ADDSUB_OP.ADDSUB/DSP.OP/DSP48E1_BODY.ALIGN_ADD/DSP2/i_no_versal_es1_workaround.DSP/C[47:0] is not pipelined. Pipelining DSP48 input will improve performance.
Related violations: <none>

DPIP-1#40 Warning
Input pipelining  
DSP design_1_i/conv2d_stream_0/inst/grp_conv2d_stream_Pipeline_VITIS_LOOP_68_3_mainLoop_cols_fu_367/fadd_32ns_32ns_32_5_full_dsp_1_U60/conv2d_stream_fadd_32ns_32ns_32_5_full_dsp_1_ip_u/inst/i_synth/ADDSUB_OP.ADDSUB/DSP.OP/DSP48E1_BODY.NORM_RND/FULL_USAGE_DSP.SHIFT_RND/i_no_versal_es1_workaround.DSP input design_1_i/conv2d_stream_0/inst/grp_conv2d_stream_Pipeline_VITIS_LOOP_68_3_mainLoop_cols_fu_367/fadd_32ns_32ns_32_5_full_dsp_1_U60/conv2d_stream_fadd_32ns_32ns_32_5_full_dsp_1_ip_u/inst/i_synth/ADDSUB_OP.ADDSUB/DSP.OP/DSP48E1_BODY.NORM_RND/FULL_USAGE_DSP.SHIFT_RND/i_no_versal_es1_workaround.DSP/C[47:0] is not pipelined. Pipelining DSP48 input will improve performance.
Related violations: <none>

DPIP-1#41 Warning
Input pipelining  
DSP design_1_i/conv2d_stream_0/inst/grp_conv2d_stream_Pipeline_VITIS_LOOP_68_3_mainLoop_cols_fu_367/fadd_32ns_32ns_32_5_full_dsp_1_U61/conv2d_stream_fadd_32ns_32ns_32_5_full_dsp_1_ip_u/inst/i_synth/ADDSUB_OP.ADDSUB/DSP.OP/DSP48E1_BODY.ALIGN_ADD/DSP2/i_no_versal_es1_workaround.DSP input design_1_i/conv2d_stream_0/inst/grp_conv2d_stream_Pipeline_VITIS_LOOP_68_3_mainLoop_cols_fu_367/fadd_32ns_32ns_32_5_full_dsp_1_U61/conv2d_stream_fadd_32ns_32ns_32_5_full_dsp_1_ip_u/inst/i_synth/ADDSUB_OP.ADDSUB/DSP.OP/DSP48E1_BODY.ALIGN_ADD/DSP2/i_no_versal_es1_workaround.DSP/A[29:0] is not pipelined. Pipelining DSP48 input will improve performance.
Related violations: <none>

DPIP-1#42 Warning
Input pipelining  
DSP design_1_i/conv2d_stream_0/inst/grp_conv2d_stream_Pipeline_VITIS_LOOP_68_3_mainLoop_cols_fu_367/fadd_32ns_32ns_32_5_full_dsp_1_U61/conv2d_stream_fadd_32ns_32ns_32_5_full_dsp_1_ip_u/inst/i_synth/ADDSUB_OP.ADDSUB/DSP.OP/DSP48E1_BODY.ALIGN_ADD/DSP2/i_no_versal_es1_workaround.DSP input design_1_i/conv2d_stream_0/inst/grp_conv2d_stream_Pipeline_VITIS_LOOP_68_3_mainLoop_cols_fu_367/fadd_32ns_32ns_32_5_full_dsp_1_U61/conv2d_stream_fadd_32ns_32ns_32_5_full_dsp_1_ip_u/inst/i_synth/ADDSUB_OP.ADDSUB/DSP.OP/DSP48E1_BODY.ALIGN_ADD/DSP2/i_no_versal_es1_workaround.DSP/B[17:0] is not pipelined. Pipelining DSP48 input will improve performance.
Related violations: <none>

DPIP-1#43 Warning
Input pipelining  
DSP design_1_i/conv2d_stream_0/inst/grp_conv2d_stream_Pipeline_VITIS_LOOP_68_3_mainLoop_cols_fu_367/fadd_32ns_32ns_32_5_full_dsp_1_U61/conv2d_stream_fadd_32ns_32ns_32_5_full_dsp_1_ip_u/inst/i_synth/ADDSUB_OP.ADDSUB/DSP.OP/DSP48E1_BODY.ALIGN_ADD/DSP2/i_no_versal_es1_workaround.DSP input design_1_i/conv2d_stream_0/inst/grp_conv2d_stream_Pipeline_VITIS_LOOP_68_3_mainLoop_cols_fu_367/fadd_32ns_32ns_32_5_full_dsp_1_U61/conv2d_stream_fadd_32ns_32ns_32_5_full_dsp_1_ip_u/inst/i_synth/ADDSUB_OP.ADDSUB/DSP.OP/DSP48E1_BODY.ALIGN_ADD/DSP2/i_no_versal_es1_workaround.DSP/C[47:0] is not pipelined. Pipelining DSP48 input will improve performance.
Related violations: <none>

DPIP-1#44 Warning
Input pipelining  
DSP design_1_i/conv2d_stream_0/inst/grp_conv2d_stream_Pipeline_VITIS_LOOP_68_3_mainLoop_cols_fu_367/fadd_32ns_32ns_32_5_full_dsp_1_U61/conv2d_stream_fadd_32ns_32ns_32_5_full_dsp_1_ip_u/inst/i_synth/ADDSUB_OP.ADDSUB/DSP.OP/DSP48E1_BODY.NORM_RND/FULL_USAGE_DSP.SHIFT_RND/i_no_versal_es1_workaround.DSP input design_1_i/conv2d_stream_0/inst/grp_conv2d_stream_Pipeline_VITIS_LOOP_68_3_mainLoop_cols_fu_367/fadd_32ns_32ns_32_5_full_dsp_1_U61/conv2d_stream_fadd_32ns_32ns_32_5_full_dsp_1_ip_u/inst/i_synth/ADDSUB_OP.ADDSUB/DSP.OP/DSP48E1_BODY.NORM_RND/FULL_USAGE_DSP.SHIFT_RND/i_no_versal_es1_workaround.DSP/C[47:0] is not pipelined. Pipelining DSP48 input will improve performance.
Related violations: <none>

DPIP-1#45 Warning
Input pipelining  
DSP design_1_i/conv2d_stream_0/inst/grp_conv2d_stream_Pipeline_VITIS_LOOP_68_3_mainLoop_cols_fu_367/fadd_32ns_32ns_32_5_full_dsp_1_U62/conv2d_stream_fadd_32ns_32ns_32_5_full_dsp_1_ip_u/inst/i_synth/ADDSUB_OP.ADDSUB/DSP.OP/DSP48E1_BODY.ALIGN_ADD/DSP2/i_no_versal_es1_workaround.DSP input design_1_i/conv2d_stream_0/inst/grp_conv2d_stream_Pipeline_VITIS_LOOP_68_3_mainLoop_cols_fu_367/fadd_32ns_32ns_32_5_full_dsp_1_U62/conv2d_stream_fadd_32ns_32ns_32_5_full_dsp_1_ip_u/inst/i_synth/ADDSUB_OP.ADDSUB/DSP.OP/DSP48E1_BODY.ALIGN_ADD/DSP2/i_no_versal_es1_workaround.DSP/A[29:0] is not pipelined. Pipelining DSP48 input will improve performance.
Related violations: <none>

DPIP-1#46 Warning
Input pipelining  
DSP design_1_i/conv2d_stream_0/inst/grp_conv2d_stream_Pipeline_VITIS_LOOP_68_3_mainLoop_cols_fu_367/fadd_32ns_32ns_32_5_full_dsp_1_U62/conv2d_stream_fadd_32ns_32ns_32_5_full_dsp_1_ip_u/inst/i_synth/ADDSUB_OP.ADDSUB/DSP.OP/DSP48E1_BODY.ALIGN_ADD/DSP2/i_no_versal_es1_workaround.DSP input design_1_i/conv2d_stream_0/inst/grp_conv2d_stream_Pipeline_VITIS_LOOP_68_3_mainLoop_cols_fu_367/fadd_32ns_32ns_32_5_full_dsp_1_U62/conv2d_stream_fadd_32ns_32ns_32_5_full_dsp_1_ip_u/inst/i_synth/ADDSUB_OP.ADDSUB/DSP.OP/DSP48E1_BODY.ALIGN_ADD/DSP2/i_no_versal_es1_workaround.DSP/B[17:0] is not pipelined. Pipelining DSP48 input will improve performance.
Related violations: <none>

DPIP-1#47 Warning
Input pipelining  
DSP design_1_i/conv2d_stream_0/inst/grp_conv2d_stream_Pipeline_VITIS_LOOP_68_3_mainLoop_cols_fu_367/fadd_32ns_32ns_32_5_full_dsp_1_U62/conv2d_stream_fadd_32ns_32ns_32_5_full_dsp_1_ip_u/inst/i_synth/ADDSUB_OP.ADDSUB/DSP.OP/DSP48E1_BODY.ALIGN_ADD/DSP2/i_no_versal_es1_workaround.DSP input design_1_i/conv2d_stream_0/inst/grp_conv2d_stream_Pipeline_VITIS_LOOP_68_3_mainLoop_cols_fu_367/fadd_32ns_32ns_32_5_full_dsp_1_U62/conv2d_stream_fadd_32ns_32ns_32_5_full_dsp_1_ip_u/inst/i_synth/ADDSUB_OP.ADDSUB/DSP.OP/DSP48E1_BODY.ALIGN_ADD/DSP2/i_no_versal_es1_workaround.DSP/C[47:0] is not pipelined. Pipelining DSP48 input will improve performance.
Related violations: <none>

DPIP-1#48 Warning
Input pipelining  
DSP design_1_i/conv2d_stream_0/inst/grp_conv2d_stream_Pipeline_VITIS_LOOP_68_3_mainLoop_cols_fu_367/fadd_32ns_32ns_32_5_full_dsp_1_U62/conv2d_stream_fadd_32ns_32ns_32_5_full_dsp_1_ip_u/inst/i_synth/ADDSUB_OP.ADDSUB/DSP.OP/DSP48E1_BODY.NORM_RND/FULL_USAGE_DSP.SHIFT_RND/i_no_versal_es1_workaround.DSP input design_1_i/conv2d_stream_0/inst/grp_conv2d_stream_Pipeline_VITIS_LOOP_68_3_mainLoop_cols_fu_367/fadd_32ns_32ns_32_5_full_dsp_1_U62/conv2d_stream_fadd_32ns_32ns_32_5_full_dsp_1_ip_u/inst/i_synth/ADDSUB_OP.ADDSUB/DSP.OP/DSP48E1_BODY.NORM_RND/FULL_USAGE_DSP.SHIFT_RND/i_no_versal_es1_workaround.DSP/C[47:0] is not pipelined. Pipelining DSP48 input will improve performance.
Related violations: <none>

DPIP-1#49 Warning
Input pipelining  
DSP design_1_i/conv2d_stream_0/inst/grp_conv2d_stream_Pipeline_VITIS_LOOP_68_3_mainLoop_cols_fu_367/fadd_32ns_32ns_32_5_full_dsp_1_U63/conv2d_stream_fadd_32ns_32ns_32_5_full_dsp_1_ip_u/inst/i_synth/ADDSUB_OP.ADDSUB/DSP.OP/DSP48E1_BODY.ALIGN_ADD/DSP2/i_no_versal_es1_workaround.DSP input design_1_i/conv2d_stream_0/inst/grp_conv2d_stream_Pipeline_VITIS_LOOP_68_3_mainLoop_cols_fu_367/fadd_32ns_32ns_32_5_full_dsp_1_U63/conv2d_stream_fadd_32ns_32ns_32_5_full_dsp_1_ip_u/inst/i_synth/ADDSUB_OP.ADDSUB/DSP.OP/DSP48E1_BODY.ALIGN_ADD/DSP2/i_no_versal_es1_workaround.DSP/A[29:0] is not pipelined. Pipelining DSP48 input will improve performance.
Related violations: <none>

DPIP-1#50 Warning
Input pipelining  
DSP design_1_i/conv2d_stream_0/inst/grp_conv2d_stream_Pipeline_VITIS_LOOP_68_3_mainLoop_cols_fu_367/fadd_32ns_32ns_32_5_full_dsp_1_U63/conv2d_stream_fadd_32ns_32ns_32_5_full_dsp_1_ip_u/inst/i_synth/ADDSUB_OP.ADDSUB/DSP.OP/DSP48E1_BODY.ALIGN_ADD/DSP2/i_no_versal_es1_workaround.DSP input design_1_i/conv2d_stream_0/inst/grp_conv2d_stream_Pipeline_VITIS_LOOP_68_3_mainLoop_cols_fu_367/fadd_32ns_32ns_32_5_full_dsp_1_U63/conv2d_stream_fadd_32ns_32ns_32_5_full_dsp_1_ip_u/inst/i_synth/ADDSUB_OP.ADDSUB/DSP.OP/DSP48E1_BODY.ALIGN_ADD/DSP2/i_no_versal_es1_workaround.DSP/B[17:0] is not pipelined. Pipelining DSP48 input will improve performance.
Related violations: <none>

DPIP-1#51 Warning
Input pipelining  
DSP design_1_i/conv2d_stream_0/inst/grp_conv2d_stream_Pipeline_VITIS_LOOP_68_3_mainLoop_cols_fu_367/fadd_32ns_32ns_32_5_full_dsp_1_U63/conv2d_stream_fadd_32ns_32ns_32_5_full_dsp_1_ip_u/inst/i_synth/ADDSUB_OP.ADDSUB/DSP.OP/DSP48E1_BODY.ALIGN_ADD/DSP2/i_no_versal_es1_workaround.DSP input design_1_i/conv2d_stream_0/inst/grp_conv2d_stream_Pipeline_VITIS_LOOP_68_3_mainLoop_cols_fu_367/fadd_32ns_32ns_32_5_full_dsp_1_U63/conv2d_stream_fadd_32ns_32ns_32_5_full_dsp_1_ip_u/inst/i_synth/ADDSUB_OP.ADDSUB/DSP.OP/DSP48E1_BODY.ALIGN_ADD/DSP2/i_no_versal_es1_workaround.DSP/C[47:0] is not pipelined. Pipelining DSP48 input will improve performance.
Related violations: <none>

DPIP-1#52 Warning
Input pipelining  
DSP design_1_i/conv2d_stream_0/inst/grp_conv2d_stream_Pipeline_VITIS_LOOP_68_3_mainLoop_cols_fu_367/fadd_32ns_32ns_32_5_full_dsp_1_U63/conv2d_stream_fadd_32ns_32ns_32_5_full_dsp_1_ip_u/inst/i_synth/ADDSUB_OP.ADDSUB/DSP.OP/DSP48E1_BODY.NORM_RND/FULL_USAGE_DSP.SHIFT_RND/i_no_versal_es1_workaround.DSP input design_1_i/conv2d_stream_0/inst/grp_conv2d_stream_Pipeline_VITIS_LOOP_68_3_mainLoop_cols_fu_367/fadd_32ns_32ns_32_5_full_dsp_1_U63/conv2d_stream_fadd_32ns_32ns_32_5_full_dsp_1_ip_u/inst/i_synth/ADDSUB_OP.ADDSUB/DSP.OP/DSP48E1_BODY.NORM_RND/FULL_USAGE_DSP.SHIFT_RND/i_no_versal_es1_workaround.DSP/C[47:0] is not pipelined. Pipelining DSP48 input will improve performance.
Related violations: <none>

DPIP-1#53 Warning
Input pipelining  
DSP design_1_i/conv2d_stream_0/inst/grp_conv2d_stream_Pipeline_VITIS_LOOP_68_3_mainLoop_cols_fu_367/fadd_32ns_32ns_32_5_full_dsp_1_U64/conv2d_stream_fadd_32ns_32ns_32_5_full_dsp_1_ip_u/inst/i_synth/ADDSUB_OP.ADDSUB/DSP.OP/DSP48E1_BODY.ALIGN_ADD/DSP2/i_no_versal_es1_workaround.DSP input design_1_i/conv2d_stream_0/inst/grp_conv2d_stream_Pipeline_VITIS_LOOP_68_3_mainLoop_cols_fu_367/fadd_32ns_32ns_32_5_full_dsp_1_U64/conv2d_stream_fadd_32ns_32ns_32_5_full_dsp_1_ip_u/inst/i_synth/ADDSUB_OP.ADDSUB/DSP.OP/DSP48E1_BODY.ALIGN_ADD/DSP2/i_no_versal_es1_workaround.DSP/A[29:0] is not pipelined. Pipelining DSP48 input will improve performance.
Related violations: <none>

DPIP-1#54 Warning
Input pipelining  
DSP design_1_i/conv2d_stream_0/inst/grp_conv2d_stream_Pipeline_VITIS_LOOP_68_3_mainLoop_cols_fu_367/fadd_32ns_32ns_32_5_full_dsp_1_U64/conv2d_stream_fadd_32ns_32ns_32_5_full_dsp_1_ip_u/inst/i_synth/ADDSUB_OP.ADDSUB/DSP.OP/DSP48E1_BODY.ALIGN_ADD/DSP2/i_no_versal_es1_workaround.DSP input design_1_i/conv2d_stream_0/inst/grp_conv2d_stream_Pipeline_VITIS_LOOP_68_3_mainLoop_cols_fu_367/fadd_32ns_32ns_32_5_full_dsp_1_U64/conv2d_stream_fadd_32ns_32ns_32_5_full_dsp_1_ip_u/inst/i_synth/ADDSUB_OP.ADDSUB/DSP.OP/DSP48E1_BODY.ALIGN_ADD/DSP2/i_no_versal_es1_workaround.DSP/B[17:0] is not pipelined. Pipelining DSP48 input will improve performance.
Related violations: <none>

DPIP-1#55 Warning
Input pipelining  
DSP design_1_i/conv2d_stream_0/inst/grp_conv2d_stream_Pipeline_VITIS_LOOP_68_3_mainLoop_cols_fu_367/fadd_32ns_32ns_32_5_full_dsp_1_U64/conv2d_stream_fadd_32ns_32ns_32_5_full_dsp_1_ip_u/inst/i_synth/ADDSUB_OP.ADDSUB/DSP.OP/DSP48E1_BODY.ALIGN_ADD/DSP2/i_no_versal_es1_workaround.DSP input design_1_i/conv2d_stream_0/inst/grp_conv2d_stream_Pipeline_VITIS_LOOP_68_3_mainLoop_cols_fu_367/fadd_32ns_32ns_32_5_full_dsp_1_U64/conv2d_stream_fadd_32ns_32ns_32_5_full_dsp_1_ip_u/inst/i_synth/ADDSUB_OP.ADDSUB/DSP.OP/DSP48E1_BODY.ALIGN_ADD/DSP2/i_no_versal_es1_workaround.DSP/C[47:0] is not pipelined. Pipelining DSP48 input will improve performance.
Related violations: <none>

DPIP-1#56 Warning
Input pipelining  
DSP design_1_i/conv2d_stream_0/inst/grp_conv2d_stream_Pipeline_VITIS_LOOP_68_3_mainLoop_cols_fu_367/fadd_32ns_32ns_32_5_full_dsp_1_U64/conv2d_stream_fadd_32ns_32ns_32_5_full_dsp_1_ip_u/inst/i_synth/ADDSUB_OP.ADDSUB/DSP.OP/DSP48E1_BODY.NORM_RND/FULL_USAGE_DSP.SHIFT_RND/i_no_versal_es1_workaround.DSP input design_1_i/conv2d_stream_0/inst/grp_conv2d_stream_Pipeline_VITIS_LOOP_68_3_mainLoop_cols_fu_367/fadd_32ns_32ns_32_5_full_dsp_1_U64/conv2d_stream_fadd_32ns_32ns_32_5_full_dsp_1_ip_u/inst/i_synth/ADDSUB_OP.ADDSUB/DSP.OP/DSP48E1_BODY.NORM_RND/FULL_USAGE_DSP.SHIFT_RND/i_no_versal_es1_workaround.DSP/C[47:0] is not pipelined. Pipelining DSP48 input will improve performance.
Related violations: <none>

DPIP-1#57 Warning
Input pipelining  
DSP design_1_i/conv2d_stream_0/inst/grp_conv2d_stream_Pipeline_VITIS_LOOP_68_3_mainLoop_cols_fu_367/fadd_32ns_32ns_32_5_full_dsp_1_U65/conv2d_stream_fadd_32ns_32ns_32_5_full_dsp_1_ip_u/inst/i_synth/ADDSUB_OP.ADDSUB/DSP.OP/DSP48E1_BODY.ALIGN_ADD/DSP2/i_no_versal_es1_workaround.DSP input design_1_i/conv2d_stream_0/inst/grp_conv2d_stream_Pipeline_VITIS_LOOP_68_3_mainLoop_cols_fu_367/fadd_32ns_32ns_32_5_full_dsp_1_U65/conv2d_stream_fadd_32ns_32ns_32_5_full_dsp_1_ip_u/inst/i_synth/ADDSUB_OP.ADDSUB/DSP.OP/DSP48E1_BODY.ALIGN_ADD/DSP2/i_no_versal_es1_workaround.DSP/A[29:0] is not pipelined. Pipelining DSP48 input will improve performance.
Related violations: <none>

DPIP-1#58 Warning
Input pipelining  
DSP design_1_i/conv2d_stream_0/inst/grp_conv2d_stream_Pipeline_VITIS_LOOP_68_3_mainLoop_cols_fu_367/fadd_32ns_32ns_32_5_full_dsp_1_U65/conv2d_stream_fadd_32ns_32ns_32_5_full_dsp_1_ip_u/inst/i_synth/ADDSUB_OP.ADDSUB/DSP.OP/DSP48E1_BODY.ALIGN_ADD/DSP2/i_no_versal_es1_workaround.DSP input design_1_i/conv2d_stream_0/inst/grp_conv2d_stream_Pipeline_VITIS_LOOP_68_3_mainLoop_cols_fu_367/fadd_32ns_32ns_32_5_full_dsp_1_U65/conv2d_stream_fadd_32ns_32ns_32_5_full_dsp_1_ip_u/inst/i_synth/ADDSUB_OP.ADDSUB/DSP.OP/DSP48E1_BODY.ALIGN_ADD/DSP2/i_no_versal_es1_workaround.DSP/B[17:0] is not pipelined. Pipelining DSP48 input will improve performance.
Related violations: <none>

DPIP-1#59 Warning
Input pipelining  
DSP design_1_i/conv2d_stream_0/inst/grp_conv2d_stream_Pipeline_VITIS_LOOP_68_3_mainLoop_cols_fu_367/fadd_32ns_32ns_32_5_full_dsp_1_U65/conv2d_stream_fadd_32ns_32ns_32_5_full_dsp_1_ip_u/inst/i_synth/ADDSUB_OP.ADDSUB/DSP.OP/DSP48E1_BODY.ALIGN_ADD/DSP2/i_no_versal_es1_workaround.DSP input design_1_i/conv2d_stream_0/inst/grp_conv2d_stream_Pipeline_VITIS_LOOP_68_3_mainLoop_cols_fu_367/fadd_32ns_32ns_32_5_full_dsp_1_U65/conv2d_stream_fadd_32ns_32ns_32_5_full_dsp_1_ip_u/inst/i_synth/ADDSUB_OP.ADDSUB/DSP.OP/DSP48E1_BODY.ALIGN_ADD/DSP2/i_no_versal_es1_workaround.DSP/C[47:0] is not pipelined. Pipelining DSP48 input will improve performance.
Related violations: <none>

DPIP-1#60 Warning
Input pipelining  
DSP design_1_i/conv2d_stream_0/inst/grp_conv2d_stream_Pipeline_VITIS_LOOP_68_3_mainLoop_cols_fu_367/fadd_32ns_32ns_32_5_full_dsp_1_U65/conv2d_stream_fadd_32ns_32ns_32_5_full_dsp_1_ip_u/inst/i_synth/ADDSUB_OP.ADDSUB/DSP.OP/DSP48E1_BODY.NORM_RND/FULL_USAGE_DSP.SHIFT_RND/i_no_versal_es1_workaround.DSP input design_1_i/conv2d_stream_0/inst/grp_conv2d_stream_Pipeline_VITIS_LOOP_68_3_mainLoop_cols_fu_367/fadd_32ns_32ns_32_5_full_dsp_1_U65/conv2d_stream_fadd_32ns_32ns_32_5_full_dsp_1_ip_u/inst/i_synth/ADDSUB_OP.ADDSUB/DSP.OP/DSP48E1_BODY.NORM_RND/FULL_USAGE_DSP.SHIFT_RND/i_no_versal_es1_workaround.DSP/C[47:0] is not pipelined. Pipelining DSP48 input will improve performance.
Related violations: <none>

DPIP-1#61 Warning
Input pipelining  
DSP design_1_i/conv2d_stream_0/inst/grp_conv2d_stream_Pipeline_VITIS_LOOP_68_3_mainLoop_cols_fu_367/fadd_32ns_32ns_32_5_full_dsp_1_U66/conv2d_stream_fadd_32ns_32ns_32_5_full_dsp_1_ip_u/inst/i_synth/ADDSUB_OP.ADDSUB/DSP.OP/DSP48E1_BODY.ALIGN_ADD/DSP2/i_no_versal_es1_workaround.DSP input design_1_i/conv2d_stream_0/inst/grp_conv2d_stream_Pipeline_VITIS_LOOP_68_3_mainLoop_cols_fu_367/fadd_32ns_32ns_32_5_full_dsp_1_U66/conv2d_stream_fadd_32ns_32ns_32_5_full_dsp_1_ip_u/inst/i_synth/ADDSUB_OP.ADDSUB/DSP.OP/DSP48E1_BODY.ALIGN_ADD/DSP2/i_no_versal_es1_workaround.DSP/A[29:0] is not pipelined. Pipelining DSP48 input will improve performance.
Related violations: <none>

DPIP-1#62 Warning
Input pipelining  
DSP design_1_i/conv2d_stream_0/inst/grp_conv2d_stream_Pipeline_VITIS_LOOP_68_3_mainLoop_cols_fu_367/fadd_32ns_32ns_32_5_full_dsp_1_U66/conv2d_stream_fadd_32ns_32ns_32_5_full_dsp_1_ip_u/inst/i_synth/ADDSUB_OP.ADDSUB/DSP.OP/DSP48E1_BODY.ALIGN_ADD/DSP2/i_no_versal_es1_workaround.DSP input design_1_i/conv2d_stream_0/inst/grp_conv2d_stream_Pipeline_VITIS_LOOP_68_3_mainLoop_cols_fu_367/fadd_32ns_32ns_32_5_full_dsp_1_U66/conv2d_stream_fadd_32ns_32ns_32_5_full_dsp_1_ip_u/inst/i_synth/ADDSUB_OP.ADDSUB/DSP.OP/DSP48E1_BODY.ALIGN_ADD/DSP2/i_no_versal_es1_workaround.DSP/B[17:0] is not pipelined. Pipelining DSP48 input will improve performance.
Related violations: <none>

DPIP-1#63 Warning
Input pipelining  
DSP design_1_i/conv2d_stream_0/inst/grp_conv2d_stream_Pipeline_VITIS_LOOP_68_3_mainLoop_cols_fu_367/fadd_32ns_32ns_32_5_full_dsp_1_U66/conv2d_stream_fadd_32ns_32ns_32_5_full_dsp_1_ip_u/inst/i_synth/ADDSUB_OP.ADDSUB/DSP.OP/DSP48E1_BODY.ALIGN_ADD/DSP2/i_no_versal_es1_workaround.DSP input design_1_i/conv2d_stream_0/inst/grp_conv2d_stream_Pipeline_VITIS_LOOP_68_3_mainLoop_cols_fu_367/fadd_32ns_32ns_32_5_full_dsp_1_U66/conv2d_stream_fadd_32ns_32ns_32_5_full_dsp_1_ip_u/inst/i_synth/ADDSUB_OP.ADDSUB/DSP.OP/DSP48E1_BODY.ALIGN_ADD/DSP2/i_no_versal_es1_workaround.DSP/C[47:0] is not pipelined. Pipelining DSP48 input will improve performance.
Related violations: <none>

DPIP-1#64 Warning
Input pipelining  
DSP design_1_i/conv2d_stream_0/inst/grp_conv2d_stream_Pipeline_VITIS_LOOP_68_3_mainLoop_cols_fu_367/fadd_32ns_32ns_32_5_full_dsp_1_U66/conv2d_stream_fadd_32ns_32ns_32_5_full_dsp_1_ip_u/inst/i_synth/ADDSUB_OP.ADDSUB/DSP.OP/DSP48E1_BODY.NORM_RND/FULL_USAGE_DSP.SHIFT_RND/i_no_versal_es1_workaround.DSP input design_1_i/conv2d_stream_0/inst/grp_conv2d_stream_Pipeline_VITIS_LOOP_68_3_mainLoop_cols_fu_367/fadd_32ns_32ns_32_5_full_dsp_1_U66/conv2d_stream_fadd_32ns_32ns_32_5_full_dsp_1_ip_u/inst/i_synth/ADDSUB_OP.ADDSUB/DSP.OP/DSP48E1_BODY.NORM_RND/FULL_USAGE_DSP.SHIFT_RND/i_no_versal_es1_workaround.DSP/C[47:0] is not pipelined. Pipelining DSP48 input will improve performance.
Related violations: <none>

DPIP-1#65 Warning
Input pipelining  
DSP design_1_i/conv2d_stream_0/inst/grp_conv2d_stream_Pipeline_VITIS_LOOP_68_3_mainLoop_cols_fu_367/fadd_32ns_32ns_32_5_full_dsp_1_U67/conv2d_stream_fadd_32ns_32ns_32_5_full_dsp_1_ip_u/inst/i_synth/ADDSUB_OP.ADDSUB/DSP.OP/DSP48E1_BODY.ALIGN_ADD/DSP2/i_no_versal_es1_workaround.DSP input design_1_i/conv2d_stream_0/inst/grp_conv2d_stream_Pipeline_VITIS_LOOP_68_3_mainLoop_cols_fu_367/fadd_32ns_32ns_32_5_full_dsp_1_U67/conv2d_stream_fadd_32ns_32ns_32_5_full_dsp_1_ip_u/inst/i_synth/ADDSUB_OP.ADDSUB/DSP.OP/DSP48E1_BODY.ALIGN_ADD/DSP2/i_no_versal_es1_workaround.DSP/A[29:0] is not pipelined. Pipelining DSP48 input will improve performance.
Related violations: <none>

DPIP-1#66 Warning
Input pipelining  
DSP design_1_i/conv2d_stream_0/inst/grp_conv2d_stream_Pipeline_VITIS_LOOP_68_3_mainLoop_cols_fu_367/fadd_32ns_32ns_32_5_full_dsp_1_U67/conv2d_stream_fadd_32ns_32ns_32_5_full_dsp_1_ip_u/inst/i_synth/ADDSUB_OP.ADDSUB/DSP.OP/DSP48E1_BODY.ALIGN_ADD/DSP2/i_no_versal_es1_workaround.DSP input design_1_i/conv2d_stream_0/inst/grp_conv2d_stream_Pipeline_VITIS_LOOP_68_3_mainLoop_cols_fu_367/fadd_32ns_32ns_32_5_full_dsp_1_U67/conv2d_stream_fadd_32ns_32ns_32_5_full_dsp_1_ip_u/inst/i_synth/ADDSUB_OP.ADDSUB/DSP.OP/DSP48E1_BODY.ALIGN_ADD/DSP2/i_no_versal_es1_workaround.DSP/B[17:0] is not pipelined. Pipelining DSP48 input will improve performance.
Related violations: <none>

DPIP-1#67 Warning
Input pipelining  
DSP design_1_i/conv2d_stream_0/inst/grp_conv2d_stream_Pipeline_VITIS_LOOP_68_3_mainLoop_cols_fu_367/fadd_32ns_32ns_32_5_full_dsp_1_U67/conv2d_stream_fadd_32ns_32ns_32_5_full_dsp_1_ip_u/inst/i_synth/ADDSUB_OP.ADDSUB/DSP.OP/DSP48E1_BODY.ALIGN_ADD/DSP2/i_no_versal_es1_workaround.DSP input design_1_i/conv2d_stream_0/inst/grp_conv2d_stream_Pipeline_VITIS_LOOP_68_3_mainLoop_cols_fu_367/fadd_32ns_32ns_32_5_full_dsp_1_U67/conv2d_stream_fadd_32ns_32ns_32_5_full_dsp_1_ip_u/inst/i_synth/ADDSUB_OP.ADDSUB/DSP.OP/DSP48E1_BODY.ALIGN_ADD/DSP2/i_no_versal_es1_workaround.DSP/C[47:0] is not pipelined. Pipelining DSP48 input will improve performance.
Related violations: <none>

DPIP-1#68 Warning
Input pipelining  
DSP design_1_i/conv2d_stream_0/inst/grp_conv2d_stream_Pipeline_VITIS_LOOP_68_3_mainLoop_cols_fu_367/fadd_32ns_32ns_32_5_full_dsp_1_U67/conv2d_stream_fadd_32ns_32ns_32_5_full_dsp_1_ip_u/inst/i_synth/ADDSUB_OP.ADDSUB/DSP.OP/DSP48E1_BODY.NORM_RND/FULL_USAGE_DSP.SHIFT_RND/i_no_versal_es1_workaround.DSP input design_1_i/conv2d_stream_0/inst/grp_conv2d_stream_Pipeline_VITIS_LOOP_68_3_mainLoop_cols_fu_367/fadd_32ns_32ns_32_5_full_dsp_1_U67/conv2d_stream_fadd_32ns_32ns_32_5_full_dsp_1_ip_u/inst/i_synth/ADDSUB_OP.ADDSUB/DSP.OP/DSP48E1_BODY.NORM_RND/FULL_USAGE_DSP.SHIFT_RND/i_no_versal_es1_workaround.DSP/C[47:0] is not pipelined. Pipelining DSP48 input will improve performance.
Related violations: <none>

DPIP-1#69 Warning
Input pipelining  
DSP design_1_i/conv2d_stream_0/inst/grp_conv2d_stream_Pipeline_VITIS_LOOP_68_3_mainLoop_cols_fu_367/fadd_32ns_32ns_32_5_full_dsp_1_U68/conv2d_stream_fadd_32ns_32ns_32_5_full_dsp_1_ip_u/inst/i_synth/ADDSUB_OP.ADDSUB/DSP.OP/DSP48E1_BODY.ALIGN_ADD/DSP2/i_no_versal_es1_workaround.DSP input design_1_i/conv2d_stream_0/inst/grp_conv2d_stream_Pipeline_VITIS_LOOP_68_3_mainLoop_cols_fu_367/fadd_32ns_32ns_32_5_full_dsp_1_U68/conv2d_stream_fadd_32ns_32ns_32_5_full_dsp_1_ip_u/inst/i_synth/ADDSUB_OP.ADDSUB/DSP.OP/DSP48E1_BODY.ALIGN_ADD/DSP2/i_no_versal_es1_workaround.DSP/A[29:0] is not pipelined. Pipelining DSP48 input will improve performance.
Related violations: <none>

DPIP-1#70 Warning
Input pipelining  
DSP design_1_i/conv2d_stream_0/inst/grp_conv2d_stream_Pipeline_VITIS_LOOP_68_3_mainLoop_cols_fu_367/fadd_32ns_32ns_32_5_full_dsp_1_U68/conv2d_stream_fadd_32ns_32ns_32_5_full_dsp_1_ip_u/inst/i_synth/ADDSUB_OP.ADDSUB/DSP.OP/DSP48E1_BODY.ALIGN_ADD/DSP2/i_no_versal_es1_workaround.DSP input design_1_i/conv2d_stream_0/inst/grp_conv2d_stream_Pipeline_VITIS_LOOP_68_3_mainLoop_cols_fu_367/fadd_32ns_32ns_32_5_full_dsp_1_U68/conv2d_stream_fadd_32ns_32ns_32_5_full_dsp_1_ip_u/inst/i_synth/ADDSUB_OP.ADDSUB/DSP.OP/DSP48E1_BODY.ALIGN_ADD/DSP2/i_no_versal_es1_workaround.DSP/B[17:0] is not pipelined. Pipelining DSP48 input will improve performance.
Related violations: <none>

DPIP-1#71 Warning
Input pipelining  
DSP design_1_i/conv2d_stream_0/inst/grp_conv2d_stream_Pipeline_VITIS_LOOP_68_3_mainLoop_cols_fu_367/fadd_32ns_32ns_32_5_full_dsp_1_U68/conv2d_stream_fadd_32ns_32ns_32_5_full_dsp_1_ip_u/inst/i_synth/ADDSUB_OP.ADDSUB/DSP.OP/DSP48E1_BODY.ALIGN_ADD/DSP2/i_no_versal_es1_workaround.DSP input design_1_i/conv2d_stream_0/inst/grp_conv2d_stream_Pipeline_VITIS_LOOP_68_3_mainLoop_cols_fu_367/fadd_32ns_32ns_32_5_full_dsp_1_U68/conv2d_stream_fadd_32ns_32ns_32_5_full_dsp_1_ip_u/inst/i_synth/ADDSUB_OP.ADDSUB/DSP.OP/DSP48E1_BODY.ALIGN_ADD/DSP2/i_no_versal_es1_workaround.DSP/C[47:0] is not pipelined. Pipelining DSP48 input will improve performance.
Related violations: <none>

DPIP-1#72 Warning
Input pipelining  
DSP design_1_i/conv2d_stream_0/inst/grp_conv2d_stream_Pipeline_VITIS_LOOP_68_3_mainLoop_cols_fu_367/fadd_32ns_32ns_32_5_full_dsp_1_U68/conv2d_stream_fadd_32ns_32ns_32_5_full_dsp_1_ip_u/inst/i_synth/ADDSUB_OP.ADDSUB/DSP.OP/DSP48E1_BODY.NORM_RND/FULL_USAGE_DSP.SHIFT_RND/i_no_versal_es1_workaround.DSP input design_1_i/conv2d_stream_0/inst/grp_conv2d_stream_Pipeline_VITIS_LOOP_68_3_mainLoop_cols_fu_367/fadd_32ns_32ns_32_5_full_dsp_1_U68/conv2d_stream_fadd_32ns_32ns_32_5_full_dsp_1_ip_u/inst/i_synth/ADDSUB_OP.ADDSUB/DSP.OP/DSP48E1_BODY.NORM_RND/FULL_USAGE_DSP.SHIFT_RND/i_no_versal_es1_workaround.DSP/C[47:0] is not pipelined. Pipelining DSP48 input will improve performance.
Related violations: <none>

DPIP-1#73 Warning
Input pipelining  
DSP design_1_i/conv2d_stream_0/inst/grp_conv2d_stream_Pipeline_VITIS_LOOP_68_3_mainLoop_cols_fu_367/fadd_32ns_32ns_32_5_full_dsp_1_U69/conv2d_stream_fadd_32ns_32ns_32_5_full_dsp_1_ip_u/inst/i_synth/ADDSUB_OP.ADDSUB/DSP.OP/DSP48E1_BODY.ALIGN_ADD/DSP2/i_no_versal_es1_workaround.DSP input design_1_i/conv2d_stream_0/inst/grp_conv2d_stream_Pipeline_VITIS_LOOP_68_3_mainLoop_cols_fu_367/fadd_32ns_32ns_32_5_full_dsp_1_U69/conv2d_stream_fadd_32ns_32ns_32_5_full_dsp_1_ip_u/inst/i_synth/ADDSUB_OP.ADDSUB/DSP.OP/DSP48E1_BODY.ALIGN_ADD/DSP2/i_no_versal_es1_workaround.DSP/A[29:0] is not pipelined. Pipelining DSP48 input will improve performance.
Related violations: <none>

DPIP-1#74 Warning
Input pipelining  
DSP design_1_i/conv2d_stream_0/inst/grp_conv2d_stream_Pipeline_VITIS_LOOP_68_3_mainLoop_cols_fu_367/fadd_32ns_32ns_32_5_full_dsp_1_U69/conv2d_stream_fadd_32ns_32ns_32_5_full_dsp_1_ip_u/inst/i_synth/ADDSUB_OP.ADDSUB/DSP.OP/DSP48E1_BODY.ALIGN_ADD/DSP2/i_no_versal_es1_workaround.DSP input design_1_i/conv2d_stream_0/inst/grp_conv2d_stream_Pipeline_VITIS_LOOP_68_3_mainLoop_cols_fu_367/fadd_32ns_32ns_32_5_full_dsp_1_U69/conv2d_stream_fadd_32ns_32ns_32_5_full_dsp_1_ip_u/inst/i_synth/ADDSUB_OP.ADDSUB/DSP.OP/DSP48E1_BODY.ALIGN_ADD/DSP2/i_no_versal_es1_workaround.DSP/B[17:0] is not pipelined. Pipelining DSP48 input will improve performance.
Related violations: <none>

DPIP-1#75 Warning
Input pipelining  
DSP design_1_i/conv2d_stream_0/inst/grp_conv2d_stream_Pipeline_VITIS_LOOP_68_3_mainLoop_cols_fu_367/fadd_32ns_32ns_32_5_full_dsp_1_U69/conv2d_stream_fadd_32ns_32ns_32_5_full_dsp_1_ip_u/inst/i_synth/ADDSUB_OP.ADDSUB/DSP.OP/DSP48E1_BODY.ALIGN_ADD/DSP2/i_no_versal_es1_workaround.DSP input design_1_i/conv2d_stream_0/inst/grp_conv2d_stream_Pipeline_VITIS_LOOP_68_3_mainLoop_cols_fu_367/fadd_32ns_32ns_32_5_full_dsp_1_U69/conv2d_stream_fadd_32ns_32ns_32_5_full_dsp_1_ip_u/inst/i_synth/ADDSUB_OP.ADDSUB/DSP.OP/DSP48E1_BODY.ALIGN_ADD/DSP2/i_no_versal_es1_workaround.DSP/C[47:0] is not pipelined. Pipelining DSP48 input will improve performance.
Related violations: <none>

DPIP-1#76 Warning
Input pipelining  
DSP design_1_i/conv2d_stream_0/inst/grp_conv2d_stream_Pipeline_VITIS_LOOP_68_3_mainLoop_cols_fu_367/fadd_32ns_32ns_32_5_full_dsp_1_U69/conv2d_stream_fadd_32ns_32ns_32_5_full_dsp_1_ip_u/inst/i_synth/ADDSUB_OP.ADDSUB/DSP.OP/DSP48E1_BODY.NORM_RND/FULL_USAGE_DSP.SHIFT_RND/i_no_versal_es1_workaround.DSP input design_1_i/conv2d_stream_0/inst/grp_conv2d_stream_Pipeline_VITIS_LOOP_68_3_mainLoop_cols_fu_367/fadd_32ns_32ns_32_5_full_dsp_1_U69/conv2d_stream_fadd_32ns_32ns_32_5_full_dsp_1_ip_u/inst/i_synth/ADDSUB_OP.ADDSUB/DSP.OP/DSP48E1_BODY.NORM_RND/FULL_USAGE_DSP.SHIFT_RND/i_no_versal_es1_workaround.DSP/C[47:0] is not pipelined. Pipelining DSP48 input will improve performance.
Related violations: <none>

DPIP-1#77 Warning
Input pipelining  
DSP design_1_i/conv2d_stream_0/inst/grp_conv2d_stream_Pipeline_VITIS_LOOP_68_3_mainLoop_cols_fu_367/fadd_32ns_32ns_32_5_full_dsp_1_U70/conv2d_stream_fadd_32ns_32ns_32_5_full_dsp_1_ip_u/inst/i_synth/ADDSUB_OP.ADDSUB/DSP.OP/DSP48E1_BODY.ALIGN_ADD/DSP2/i_no_versal_es1_workaround.DSP input design_1_i/conv2d_stream_0/inst/grp_conv2d_stream_Pipeline_VITIS_LOOP_68_3_mainLoop_cols_fu_367/fadd_32ns_32ns_32_5_full_dsp_1_U70/conv2d_stream_fadd_32ns_32ns_32_5_full_dsp_1_ip_u/inst/i_synth/ADDSUB_OP.ADDSUB/DSP.OP/DSP48E1_BODY.ALIGN_ADD/DSP2/i_no_versal_es1_workaround.DSP/A[29:0] is not pipelined. Pipelining DSP48 input will improve performance.
Related violations: <none>

DPIP-1#78 Warning
Input pipelining  
DSP design_1_i/conv2d_stream_0/inst/grp_conv2d_stream_Pipeline_VITIS_LOOP_68_3_mainLoop_cols_fu_367/fadd_32ns_32ns_32_5_full_dsp_1_U70/conv2d_stream_fadd_32ns_32ns_32_5_full_dsp_1_ip_u/inst/i_synth/ADDSUB_OP.ADDSUB/DSP.OP/DSP48E1_BODY.ALIGN_ADD/DSP2/i_no_versal_es1_workaround.DSP input design_1_i/conv2d_stream_0/inst/grp_conv2d_stream_Pipeline_VITIS_LOOP_68_3_mainLoop_cols_fu_367/fadd_32ns_32ns_32_5_full_dsp_1_U70/conv2d_stream_fadd_32ns_32ns_32_5_full_dsp_1_ip_u/inst/i_synth/ADDSUB_OP.ADDSUB/DSP.OP/DSP48E1_BODY.ALIGN_ADD/DSP2/i_no_versal_es1_workaround.DSP/B[17:0] is not pipelined. Pipelining DSP48 input will improve performance.
Related violations: <none>

DPIP-1#79 Warning
Input pipelining  
DSP design_1_i/conv2d_stream_0/inst/grp_conv2d_stream_Pipeline_VITIS_LOOP_68_3_mainLoop_cols_fu_367/fadd_32ns_32ns_32_5_full_dsp_1_U70/conv2d_stream_fadd_32ns_32ns_32_5_full_dsp_1_ip_u/inst/i_synth/ADDSUB_OP.ADDSUB/DSP.OP/DSP48E1_BODY.ALIGN_ADD/DSP2/i_no_versal_es1_workaround.DSP input design_1_i/conv2d_stream_0/inst/grp_conv2d_stream_Pipeline_VITIS_LOOP_68_3_mainLoop_cols_fu_367/fadd_32ns_32ns_32_5_full_dsp_1_U70/conv2d_stream_fadd_32ns_32ns_32_5_full_dsp_1_ip_u/inst/i_synth/ADDSUB_OP.ADDSUB/DSP.OP/DSP48E1_BODY.ALIGN_ADD/DSP2/i_no_versal_es1_workaround.DSP/C[47:0] is not pipelined. Pipelining DSP48 input will improve performance.
Related violations: <none>

DPIP-1#80 Warning
Input pipelining  
DSP design_1_i/conv2d_stream_0/inst/grp_conv2d_stream_Pipeline_VITIS_LOOP_68_3_mainLoop_cols_fu_367/fadd_32ns_32ns_32_5_full_dsp_1_U70/conv2d_stream_fadd_32ns_32ns_32_5_full_dsp_1_ip_u/inst/i_synth/ADDSUB_OP.ADDSUB/DSP.OP/DSP48E1_BODY.NORM_RND/FULL_USAGE_DSP.SHIFT_RND/i_no_versal_es1_workaround.DSP input design_1_i/conv2d_stream_0/inst/grp_conv2d_stream_Pipeline_VITIS_LOOP_68_3_mainLoop_cols_fu_367/fadd_32ns_32ns_32_5_full_dsp_1_U70/conv2d_stream_fadd_32ns_32ns_32_5_full_dsp_1_ip_u/inst/i_synth/ADDSUB_OP.ADDSUB/DSP.OP/DSP48E1_BODY.NORM_RND/FULL_USAGE_DSP.SHIFT_RND/i_no_versal_es1_workaround.DSP/C[47:0] is not pipelined. Pipelining DSP48 input will improve performance.
Related violations: <none>

DPIP-1#81 Warning
Input pipelining  
DSP design_1_i/conv2d_stream_0/inst/grp_conv2d_stream_Pipeline_VITIS_LOOP_68_3_mainLoop_cols_fu_367/fadd_32ns_32ns_32_5_full_dsp_1_U71/conv2d_stream_fadd_32ns_32ns_32_5_full_dsp_1_ip_u/inst/i_synth/ADDSUB_OP.ADDSUB/DSP.OP/DSP48E1_BODY.ALIGN_ADD/DSP2/i_no_versal_es1_workaround.DSP input design_1_i/conv2d_stream_0/inst/grp_conv2d_stream_Pipeline_VITIS_LOOP_68_3_mainLoop_cols_fu_367/fadd_32ns_32ns_32_5_full_dsp_1_U71/conv2d_stream_fadd_32ns_32ns_32_5_full_dsp_1_ip_u/inst/i_synth/ADDSUB_OP.ADDSUB/DSP.OP/DSP48E1_BODY.ALIGN_ADD/DSP2/i_no_versal_es1_workaround.DSP/A[29:0] is not pipelined. Pipelining DSP48 input will improve performance.
Related violations: <none>

DPIP-1#82 Warning
Input pipelining  
DSP design_1_i/conv2d_stream_0/inst/grp_conv2d_stream_Pipeline_VITIS_LOOP_68_3_mainLoop_cols_fu_367/fadd_32ns_32ns_32_5_full_dsp_1_U71/conv2d_stream_fadd_32ns_32ns_32_5_full_dsp_1_ip_u/inst/i_synth/ADDSUB_OP.ADDSUB/DSP.OP/DSP48E1_BODY.ALIGN_ADD/DSP2/i_no_versal_es1_workaround.DSP input design_1_i/conv2d_stream_0/inst/grp_conv2d_stream_Pipeline_VITIS_LOOP_68_3_mainLoop_cols_fu_367/fadd_32ns_32ns_32_5_full_dsp_1_U71/conv2d_stream_fadd_32ns_32ns_32_5_full_dsp_1_ip_u/inst/i_synth/ADDSUB_OP.ADDSUB/DSP.OP/DSP48E1_BODY.ALIGN_ADD/DSP2/i_no_versal_es1_workaround.DSP/B[17:0] is not pipelined. Pipelining DSP48 input will improve performance.
Related violations: <none>

DPIP-1#83 Warning
Input pipelining  
DSP design_1_i/conv2d_stream_0/inst/grp_conv2d_stream_Pipeline_VITIS_LOOP_68_3_mainLoop_cols_fu_367/fadd_32ns_32ns_32_5_full_dsp_1_U71/conv2d_stream_fadd_32ns_32ns_32_5_full_dsp_1_ip_u/inst/i_synth/ADDSUB_OP.ADDSUB/DSP.OP/DSP48E1_BODY.ALIGN_ADD/DSP2/i_no_versal_es1_workaround.DSP input design_1_i/conv2d_stream_0/inst/grp_conv2d_stream_Pipeline_VITIS_LOOP_68_3_mainLoop_cols_fu_367/fadd_32ns_32ns_32_5_full_dsp_1_U71/conv2d_stream_fadd_32ns_32ns_32_5_full_dsp_1_ip_u/inst/i_synth/ADDSUB_OP.ADDSUB/DSP.OP/DSP48E1_BODY.ALIGN_ADD/DSP2/i_no_versal_es1_workaround.DSP/C[47:0] is not pipelined. Pipelining DSP48 input will improve performance.
Related violations: <none>

DPIP-1#84 Warning
Input pipelining  
DSP design_1_i/conv2d_stream_0/inst/grp_conv2d_stream_Pipeline_VITIS_LOOP_68_3_mainLoop_cols_fu_367/fadd_32ns_32ns_32_5_full_dsp_1_U71/conv2d_stream_fadd_32ns_32ns_32_5_full_dsp_1_ip_u/inst/i_synth/ADDSUB_OP.ADDSUB/DSP.OP/DSP48E1_BODY.NORM_RND/FULL_USAGE_DSP.SHIFT_RND/i_no_versal_es1_workaround.DSP input design_1_i/conv2d_stream_0/inst/grp_conv2d_stream_Pipeline_VITIS_LOOP_68_3_mainLoop_cols_fu_367/fadd_32ns_32ns_32_5_full_dsp_1_U71/conv2d_stream_fadd_32ns_32ns_32_5_full_dsp_1_ip_u/inst/i_synth/ADDSUB_OP.ADDSUB/DSP.OP/DSP48E1_BODY.NORM_RND/FULL_USAGE_DSP.SHIFT_RND/i_no_versal_es1_workaround.DSP/C[47:0] is not pipelined. Pipelining DSP48 input will improve performance.
Related violations: <none>

DPIP-1#85 Warning
Input pipelining  
DSP design_1_i/conv2d_stream_0/inst/grp_conv2d_stream_Pipeline_VITIS_LOOP_68_3_mainLoop_cols_fu_367/fadd_32ns_32ns_32_5_full_dsp_1_U72/conv2d_stream_fadd_32ns_32ns_32_5_full_dsp_1_ip_u/inst/i_synth/ADDSUB_OP.ADDSUB/DSP.OP/DSP48E1_BODY.ALIGN_ADD/DSP2/i_no_versal_es1_workaround.DSP input design_1_i/conv2d_stream_0/inst/grp_conv2d_stream_Pipeline_VITIS_LOOP_68_3_mainLoop_cols_fu_367/fadd_32ns_32ns_32_5_full_dsp_1_U72/conv2d_stream_fadd_32ns_32ns_32_5_full_dsp_1_ip_u/inst/i_synth/ADDSUB_OP.ADDSUB/DSP.OP/DSP48E1_BODY.ALIGN_ADD/DSP2/i_no_versal_es1_workaround.DSP/A[29:0] is not pipelined. Pipelining DSP48 input will improve performance.
Related violations: <none>

DPIP-1#86 Warning
Input pipelining  
DSP design_1_i/conv2d_stream_0/inst/grp_conv2d_stream_Pipeline_VITIS_LOOP_68_3_mainLoop_cols_fu_367/fadd_32ns_32ns_32_5_full_dsp_1_U72/conv2d_stream_fadd_32ns_32ns_32_5_full_dsp_1_ip_u/inst/i_synth/ADDSUB_OP.ADDSUB/DSP.OP/DSP48E1_BODY.ALIGN_ADD/DSP2/i_no_versal_es1_workaround.DSP input design_1_i/conv2d_stream_0/inst/grp_conv2d_stream_Pipeline_VITIS_LOOP_68_3_mainLoop_cols_fu_367/fadd_32ns_32ns_32_5_full_dsp_1_U72/conv2d_stream_fadd_32ns_32ns_32_5_full_dsp_1_ip_u/inst/i_synth/ADDSUB_OP.ADDSUB/DSP.OP/DSP48E1_BODY.ALIGN_ADD/DSP2/i_no_versal_es1_workaround.DSP/B[17:0] is not pipelined. Pipelining DSP48 input will improve performance.
Related violations: <none>

DPIP-1#87 Warning
Input pipelining  
DSP design_1_i/conv2d_stream_0/inst/grp_conv2d_stream_Pipeline_VITIS_LOOP_68_3_mainLoop_cols_fu_367/fadd_32ns_32ns_32_5_full_dsp_1_U72/conv2d_stream_fadd_32ns_32ns_32_5_full_dsp_1_ip_u/inst/i_synth/ADDSUB_OP.ADDSUB/DSP.OP/DSP48E1_BODY.ALIGN_ADD/DSP2/i_no_versal_es1_workaround.DSP input design_1_i/conv2d_stream_0/inst/grp_conv2d_stream_Pipeline_VITIS_LOOP_68_3_mainLoop_cols_fu_367/fadd_32ns_32ns_32_5_full_dsp_1_U72/conv2d_stream_fadd_32ns_32ns_32_5_full_dsp_1_ip_u/inst/i_synth/ADDSUB_OP.ADDSUB/DSP.OP/DSP48E1_BODY.ALIGN_ADD/DSP2/i_no_versal_es1_workaround.DSP/C[47:0] is not pipelined. Pipelining DSP48 input will improve performance.
Related violations: <none>

DPIP-1#88 Warning
Input pipelining  
DSP design_1_i/conv2d_stream_0/inst/grp_conv2d_stream_Pipeline_VITIS_LOOP_68_3_mainLoop_cols_fu_367/fadd_32ns_32ns_32_5_full_dsp_1_U72/conv2d_stream_fadd_32ns_32ns_32_5_full_dsp_1_ip_u/inst/i_synth/ADDSUB_OP.ADDSUB/DSP.OP/DSP48E1_BODY.NORM_RND/FULL_USAGE_DSP.SHIFT_RND/i_no_versal_es1_workaround.DSP input design_1_i/conv2d_stream_0/inst/grp_conv2d_stream_Pipeline_VITIS_LOOP_68_3_mainLoop_cols_fu_367/fadd_32ns_32ns_32_5_full_dsp_1_U72/conv2d_stream_fadd_32ns_32ns_32_5_full_dsp_1_ip_u/inst/i_synth/ADDSUB_OP.ADDSUB/DSP.OP/DSP48E1_BODY.NORM_RND/FULL_USAGE_DSP.SHIFT_RND/i_no_versal_es1_workaround.DSP/C[47:0] is not pipelined. Pipelining DSP48 input will improve performance.
Related violations: <none>

DPIP-1#89 Warning
Input pipelining  
DSP design_1_i/conv2d_stream_0/inst/grp_conv2d_stream_Pipeline_VITIS_LOOP_68_3_mainLoop_cols_fu_367/fadd_32ns_32ns_32_5_full_dsp_1_U73/conv2d_stream_fadd_32ns_32ns_32_5_full_dsp_1_ip_u/inst/i_synth/ADDSUB_OP.ADDSUB/DSP.OP/DSP48E1_BODY.ALIGN_ADD/DSP2/i_no_versal_es1_workaround.DSP input design_1_i/conv2d_stream_0/inst/grp_conv2d_stream_Pipeline_VITIS_LOOP_68_3_mainLoop_cols_fu_367/fadd_32ns_32ns_32_5_full_dsp_1_U73/conv2d_stream_fadd_32ns_32ns_32_5_full_dsp_1_ip_u/inst/i_synth/ADDSUB_OP.ADDSUB/DSP.OP/DSP48E1_BODY.ALIGN_ADD/DSP2/i_no_versal_es1_workaround.DSP/A[29:0] is not pipelined. Pipelining DSP48 input will improve performance.
Related violations: <none>

DPIP-1#90 Warning
Input pipelining  
DSP design_1_i/conv2d_stream_0/inst/grp_conv2d_stream_Pipeline_VITIS_LOOP_68_3_mainLoop_cols_fu_367/fadd_32ns_32ns_32_5_full_dsp_1_U73/conv2d_stream_fadd_32ns_32ns_32_5_full_dsp_1_ip_u/inst/i_synth/ADDSUB_OP.ADDSUB/DSP.OP/DSP48E1_BODY.ALIGN_ADD/DSP2/i_no_versal_es1_workaround.DSP input design_1_i/conv2d_stream_0/inst/grp_conv2d_stream_Pipeline_VITIS_LOOP_68_3_mainLoop_cols_fu_367/fadd_32ns_32ns_32_5_full_dsp_1_U73/conv2d_stream_fadd_32ns_32ns_32_5_full_dsp_1_ip_u/inst/i_synth/ADDSUB_OP.ADDSUB/DSP.OP/DSP48E1_BODY.ALIGN_ADD/DSP2/i_no_versal_es1_workaround.DSP/B[17:0] is not pipelined. Pipelining DSP48 input will improve performance.
Related violations: <none>

DPIP-1#91 Warning
Input pipelining  
DSP design_1_i/conv2d_stream_0/inst/grp_conv2d_stream_Pipeline_VITIS_LOOP_68_3_mainLoop_cols_fu_367/fadd_32ns_32ns_32_5_full_dsp_1_U73/conv2d_stream_fadd_32ns_32ns_32_5_full_dsp_1_ip_u/inst/i_synth/ADDSUB_OP.ADDSUB/DSP.OP/DSP48E1_BODY.ALIGN_ADD/DSP2/i_no_versal_es1_workaround.DSP input design_1_i/conv2d_stream_0/inst/grp_conv2d_stream_Pipeline_VITIS_LOOP_68_3_mainLoop_cols_fu_367/fadd_32ns_32ns_32_5_full_dsp_1_U73/conv2d_stream_fadd_32ns_32ns_32_5_full_dsp_1_ip_u/inst/i_synth/ADDSUB_OP.ADDSUB/DSP.OP/DSP48E1_BODY.ALIGN_ADD/DSP2/i_no_versal_es1_workaround.DSP/C[47:0] is not pipelined. Pipelining DSP48 input will improve performance.
Related violations: <none>

DPIP-1#92 Warning
Input pipelining  
DSP design_1_i/conv2d_stream_0/inst/grp_conv2d_stream_Pipeline_VITIS_LOOP_68_3_mainLoop_cols_fu_367/fadd_32ns_32ns_32_5_full_dsp_1_U73/conv2d_stream_fadd_32ns_32ns_32_5_full_dsp_1_ip_u/inst/i_synth/ADDSUB_OP.ADDSUB/DSP.OP/DSP48E1_BODY.NORM_RND/FULL_USAGE_DSP.SHIFT_RND/i_no_versal_es1_workaround.DSP input design_1_i/conv2d_stream_0/inst/grp_conv2d_stream_Pipeline_VITIS_LOOP_68_3_mainLoop_cols_fu_367/fadd_32ns_32ns_32_5_full_dsp_1_U73/conv2d_stream_fadd_32ns_32ns_32_5_full_dsp_1_ip_u/inst/i_synth/ADDSUB_OP.ADDSUB/DSP.OP/DSP48E1_BODY.NORM_RND/FULL_USAGE_DSP.SHIFT_RND/i_no_versal_es1_workaround.DSP/C[47:0] is not pipelined. Pipelining DSP48 input will improve performance.
Related violations: <none>

DPIP-1#93 Warning
Input pipelining  
DSP design_1_i/conv2d_stream_0/inst/grp_conv2d_stream_Pipeline_VITIS_LOOP_68_3_mainLoop_cols_fu_367/fadd_32ns_32ns_32_5_full_dsp_1_U74/conv2d_stream_fadd_32ns_32ns_32_5_full_dsp_1_ip_u/inst/i_synth/ADDSUB_OP.ADDSUB/DSP.OP/DSP48E1_BODY.ALIGN_ADD/DSP2/i_no_versal_es1_workaround.DSP input design_1_i/conv2d_stream_0/inst/grp_conv2d_stream_Pipeline_VITIS_LOOP_68_3_mainLoop_cols_fu_367/fadd_32ns_32ns_32_5_full_dsp_1_U74/conv2d_stream_fadd_32ns_32ns_32_5_full_dsp_1_ip_u/inst/i_synth/ADDSUB_OP.ADDSUB/DSP.OP/DSP48E1_BODY.ALIGN_ADD/DSP2/i_no_versal_es1_workaround.DSP/A[29:0] is not pipelined. Pipelining DSP48 input will improve performance.
Related violations: <none>

DPIP-1#94 Warning
Input pipelining  
DSP design_1_i/conv2d_stream_0/inst/grp_conv2d_stream_Pipeline_VITIS_LOOP_68_3_mainLoop_cols_fu_367/fadd_32ns_32ns_32_5_full_dsp_1_U74/conv2d_stream_fadd_32ns_32ns_32_5_full_dsp_1_ip_u/inst/i_synth/ADDSUB_OP.ADDSUB/DSP.OP/DSP48E1_BODY.ALIGN_ADD/DSP2/i_no_versal_es1_workaround.DSP input design_1_i/conv2d_stream_0/inst/grp_conv2d_stream_Pipeline_VITIS_LOOP_68_3_mainLoop_cols_fu_367/fadd_32ns_32ns_32_5_full_dsp_1_U74/conv2d_stream_fadd_32ns_32ns_32_5_full_dsp_1_ip_u/inst/i_synth/ADDSUB_OP.ADDSUB/DSP.OP/DSP48E1_BODY.ALIGN_ADD/DSP2/i_no_versal_es1_workaround.DSP/B[17:0] is not pipelined. Pipelining DSP48 input will improve performance.
Related violations: <none>

DPIP-1#95 Warning
Input pipelining  
DSP design_1_i/conv2d_stream_0/inst/grp_conv2d_stream_Pipeline_VITIS_LOOP_68_3_mainLoop_cols_fu_367/fadd_32ns_32ns_32_5_full_dsp_1_U74/conv2d_stream_fadd_32ns_32ns_32_5_full_dsp_1_ip_u/inst/i_synth/ADDSUB_OP.ADDSUB/DSP.OP/DSP48E1_BODY.ALIGN_ADD/DSP2/i_no_versal_es1_workaround.DSP input design_1_i/conv2d_stream_0/inst/grp_conv2d_stream_Pipeline_VITIS_LOOP_68_3_mainLoop_cols_fu_367/fadd_32ns_32ns_32_5_full_dsp_1_U74/conv2d_stream_fadd_32ns_32ns_32_5_full_dsp_1_ip_u/inst/i_synth/ADDSUB_OP.ADDSUB/DSP.OP/DSP48E1_BODY.ALIGN_ADD/DSP2/i_no_versal_es1_workaround.DSP/C[47:0] is not pipelined. Pipelining DSP48 input will improve performance.
Related violations: <none>

DPIP-1#96 Warning
Input pipelining  
DSP design_1_i/conv2d_stream_0/inst/grp_conv2d_stream_Pipeline_VITIS_LOOP_68_3_mainLoop_cols_fu_367/fadd_32ns_32ns_32_5_full_dsp_1_U74/conv2d_stream_fadd_32ns_32ns_32_5_full_dsp_1_ip_u/inst/i_synth/ADDSUB_OP.ADDSUB/DSP.OP/DSP48E1_BODY.NORM_RND/FULL_USAGE_DSP.SHIFT_RND/i_no_versal_es1_workaround.DSP input design_1_i/conv2d_stream_0/inst/grp_conv2d_stream_Pipeline_VITIS_LOOP_68_3_mainLoop_cols_fu_367/fadd_32ns_32ns_32_5_full_dsp_1_U74/conv2d_stream_fadd_32ns_32ns_32_5_full_dsp_1_ip_u/inst/i_synth/ADDSUB_OP.ADDSUB/DSP.OP/DSP48E1_BODY.NORM_RND/FULL_USAGE_DSP.SHIFT_RND/i_no_versal_es1_workaround.DSP/C[47:0] is not pipelined. Pipelining DSP48 input will improve performance.
Related violations: <none>

DPIP-1#97 Warning
Input pipelining  
DSP design_1_i/conv2d_stream_0/inst/grp_conv2d_stream_Pipeline_VITIS_LOOP_68_3_mainLoop_cols_fu_367/fadd_32ns_32ns_32_5_full_dsp_1_U75/conv2d_stream_fadd_32ns_32ns_32_5_full_dsp_1_ip_u/inst/i_synth/ADDSUB_OP.ADDSUB/DSP.OP/DSP48E1_BODY.ALIGN_ADD/DSP2/i_no_versal_es1_workaround.DSP input design_1_i/conv2d_stream_0/inst/grp_conv2d_stream_Pipeline_VITIS_LOOP_68_3_mainLoop_cols_fu_367/fadd_32ns_32ns_32_5_full_dsp_1_U75/conv2d_stream_fadd_32ns_32ns_32_5_full_dsp_1_ip_u/inst/i_synth/ADDSUB_OP.ADDSUB/DSP.OP/DSP48E1_BODY.ALIGN_ADD/DSP2/i_no_versal_es1_workaround.DSP/A[29:0] is not pipelined. Pipelining DSP48 input will improve performance.
Related violations: <none>

DPIP-1#98 Warning
Input pipelining  
DSP design_1_i/conv2d_stream_0/inst/grp_conv2d_stream_Pipeline_VITIS_LOOP_68_3_mainLoop_cols_fu_367/fadd_32ns_32ns_32_5_full_dsp_1_U75/conv2d_stream_fadd_32ns_32ns_32_5_full_dsp_1_ip_u/inst/i_synth/ADDSUB_OP.ADDSUB/DSP.OP/DSP48E1_BODY.ALIGN_ADD/DSP2/i_no_versal_es1_workaround.DSP input design_1_i/conv2d_stream_0/inst/grp_conv2d_stream_Pipeline_VITIS_LOOP_68_3_mainLoop_cols_fu_367/fadd_32ns_32ns_32_5_full_dsp_1_U75/conv2d_stream_fadd_32ns_32ns_32_5_full_dsp_1_ip_u/inst/i_synth/ADDSUB_OP.ADDSUB/DSP.OP/DSP48E1_BODY.ALIGN_ADD/DSP2/i_no_versal_es1_workaround.DSP/B[17:0] is not pipelined. Pipelining DSP48 input will improve performance.
Related violations: <none>

DPIP-1#99 Warning
Input pipelining  
DSP design_1_i/conv2d_stream_0/inst/grp_conv2d_stream_Pipeline_VITIS_LOOP_68_3_mainLoop_cols_fu_367/fadd_32ns_32ns_32_5_full_dsp_1_U75/conv2d_stream_fadd_32ns_32ns_32_5_full_dsp_1_ip_u/inst/i_synth/ADDSUB_OP.ADDSUB/DSP.OP/DSP48E1_BODY.ALIGN_ADD/DSP2/i_no_versal_es1_workaround.DSP input design_1_i/conv2d_stream_0/inst/grp_conv2d_stream_Pipeline_VITIS_LOOP_68_3_mainLoop_cols_fu_367/fadd_32ns_32ns_32_5_full_dsp_1_U75/conv2d_stream_fadd_32ns_32ns_32_5_full_dsp_1_ip_u/inst/i_synth/ADDSUB_OP.ADDSUB/DSP.OP/DSP48E1_BODY.ALIGN_ADD/DSP2/i_no_versal_es1_workaround.DSP/C[47:0] is not pipelined. Pipelining DSP48 input will improve performance.
Related violations: <none>

DPIP-1#100 Warning
Input pipelining  
DSP design_1_i/conv2d_stream_0/inst/grp_conv2d_stream_Pipeline_VITIS_LOOP_68_3_mainLoop_cols_fu_367/fadd_32ns_32ns_32_5_full_dsp_1_U75/conv2d_stream_fadd_32ns_32ns_32_5_full_dsp_1_ip_u/inst/i_synth/ADDSUB_OP.ADDSUB/DSP.OP/DSP48E1_BODY.NORM_RND/FULL_USAGE_DSP.SHIFT_RND/i_no_versal_es1_workaround.DSP input design_1_i/conv2d_stream_0/inst/grp_conv2d_stream_Pipeline_VITIS_LOOP_68_3_mainLoop_cols_fu_367/fadd_32ns_32ns_32_5_full_dsp_1_U75/conv2d_stream_fadd_32ns_32ns_32_5_full_dsp_1_ip_u/inst/i_synth/ADDSUB_OP.ADDSUB/DSP.OP/DSP48E1_BODY.NORM_RND/FULL_USAGE_DSP.SHIFT_RND/i_no_versal_es1_workaround.DSP/C[47:0] is not pipelined. Pipelining DSP48 input will improve performance.
Related violations: <none>

DPIP-1#101 Warning
Input pipelining  
DSP design_1_i/conv2d_stream_0/inst/grp_conv2d_stream_Pipeline_VITIS_LOOP_68_3_mainLoop_cols_fu_367/fmul_32ns_32ns_32_3_max_dsp_1_U100/conv2d_stream_fmul_32ns_32ns_32_3_max_dsp_1_ip_u/inst/i_synth/MULT.OP/i_non_prim.MULT/DSP48E1_SPD_SGL_VARIANT.FIX_MULT/DSP1/i_no_versal_es1_workaround.DSP input design_1_i/conv2d_stream_0/inst/grp_conv2d_stream_Pipeline_VITIS_LOOP_68_3_mainLoop_cols_fu_367/fmul_32ns_32ns_32_3_max_dsp_1_U100/conv2d_stream_fmul_32ns_32ns_32_3_max_dsp_1_ip_u/inst/i_synth/MULT.OP/i_non_prim.MULT/DSP48E1_SPD_SGL_VARIANT.FIX_MULT/DSP1/i_no_versal_es1_workaround.DSP/A[29:0] is not pipelined. Pipelining DSP48 input will improve performance.
Related violations: <none>

DPIP-1#102 Warning
Input pipelining  
DSP design_1_i/conv2d_stream_0/inst/grp_conv2d_stream_Pipeline_VITIS_LOOP_68_3_mainLoop_cols_fu_367/fmul_32ns_32ns_32_3_max_dsp_1_U100/conv2d_stream_fmul_32ns_32ns_32_3_max_dsp_1_ip_u/inst/i_synth/MULT.OP/i_non_prim.MULT/DSP48E1_SPD_SGL_VARIANT.FIX_MULT/DSP1/i_no_versal_es1_workaround.DSP input design_1_i/conv2d_stream_0/inst/grp_conv2d_stream_Pipeline_VITIS_LOOP_68_3_mainLoop_cols_fu_367/fmul_32ns_32ns_32_3_max_dsp_1_U100/conv2d_stream_fmul_32ns_32ns_32_3_max_dsp_1_ip_u/inst/i_synth/MULT.OP/i_non_prim.MULT/DSP48E1_SPD_SGL_VARIANT.FIX_MULT/DSP1/i_no_versal_es1_workaround.DSP/B[17:0] is not pipelined. Pipelining DSP48 input will improve performance.
Related violations: <none>

DPIP-1#103 Warning
Input pipelining  
DSP design_1_i/conv2d_stream_0/inst/grp_conv2d_stream_Pipeline_VITIS_LOOP_68_3_mainLoop_cols_fu_367/fmul_32ns_32ns_32_3_max_dsp_1_U100/conv2d_stream_fmul_32ns_32ns_32_3_max_dsp_1_ip_u/inst/i_synth/MULT.OP/i_non_prim.MULT/DSP48E1_SPD_SGL_VARIANT.FIX_MULT/DSP2/i_no_versal_es1_workaround.DSP input design_1_i/conv2d_stream_0/inst/grp_conv2d_stream_Pipeline_VITIS_LOOP_68_3_mainLoop_cols_fu_367/fmul_32ns_32ns_32_3_max_dsp_1_U100/conv2d_stream_fmul_32ns_32ns_32_3_max_dsp_1_ip_u/inst/i_synth/MULT.OP/i_non_prim.MULT/DSP48E1_SPD_SGL_VARIANT.FIX_MULT/DSP2/i_no_versal_es1_workaround.DSP/B[17:0] is not pipelined. Pipelining DSP48 input will improve performance.
Related violations: <none>

DPIP-1#104 Warning
Input pipelining  
DSP design_1_i/conv2d_stream_0/inst/grp_conv2d_stream_Pipeline_VITIS_LOOP_68_3_mainLoop_cols_fu_367/fmul_32ns_32ns_32_3_max_dsp_1_U100/conv2d_stream_fmul_32ns_32ns_32_3_max_dsp_1_ip_u/inst/i_synth/MULT.OP/i_non_prim.R_AND_R/LAT_OPT.FULL.R_AND_R/DSP48E1_SGL_EXP_IP.OLD_ADD.ADD/i_no_versal_es1_workaround.DSP input design_1_i/conv2d_stream_0/inst/grp_conv2d_stream_Pipeline_VITIS_LOOP_68_3_mainLoop_cols_fu_367/fmul_32ns_32ns_32_3_max_dsp_1_U100/conv2d_stream_fmul_32ns_32ns_32_3_max_dsp_1_ip_u/inst/i_synth/MULT.OP/i_non_prim.R_AND_R/LAT_OPT.FULL.R_AND_R/DSP48E1_SGL_EXP_IP.OLD_ADD.ADD/i_no_versal_es1_workaround.DSP/C[47:0] is not pipelined. Pipelining DSP48 input will improve performance.
Related violations: <none>

DPIP-1#105 Warning
Input pipelining  
DSP design_1_i/conv2d_stream_0/inst/grp_conv2d_stream_Pipeline_VITIS_LOOP_68_3_mainLoop_cols_fu_367/fmul_32ns_32ns_32_3_max_dsp_1_U76/conv2d_stream_fmul_32ns_32ns_32_3_max_dsp_1_ip_u/inst/i_synth/MULT.OP/i_non_prim.MULT/DSP48E1_SPD_SGL_VARIANT.FIX_MULT/DSP1/i_no_versal_es1_workaround.DSP input design_1_i/conv2d_stream_0/inst/grp_conv2d_stream_Pipeline_VITIS_LOOP_68_3_mainLoop_cols_fu_367/fmul_32ns_32ns_32_3_max_dsp_1_U76/conv2d_stream_fmul_32ns_32ns_32_3_max_dsp_1_ip_u/inst/i_synth/MULT.OP/i_non_prim.MULT/DSP48E1_SPD_SGL_VARIANT.FIX_MULT/DSP1/i_no_versal_es1_workaround.DSP/A[29:0] is not pipelined. Pipelining DSP48 input will improve performance.
Related violations: <none>

DPIP-1#106 Warning
Input pipelining  
DSP design_1_i/conv2d_stream_0/inst/grp_conv2d_stream_Pipeline_VITIS_LOOP_68_3_mainLoop_cols_fu_367/fmul_32ns_32ns_32_3_max_dsp_1_U76/conv2d_stream_fmul_32ns_32ns_32_3_max_dsp_1_ip_u/inst/i_synth/MULT.OP/i_non_prim.MULT/DSP48E1_SPD_SGL_VARIANT.FIX_MULT/DSP1/i_no_versal_es1_workaround.DSP input design_1_i/conv2d_stream_0/inst/grp_conv2d_stream_Pipeline_VITIS_LOOP_68_3_mainLoop_cols_fu_367/fmul_32ns_32ns_32_3_max_dsp_1_U76/conv2d_stream_fmul_32ns_32ns_32_3_max_dsp_1_ip_u/inst/i_synth/MULT.OP/i_non_prim.MULT/DSP48E1_SPD_SGL_VARIANT.FIX_MULT/DSP1/i_no_versal_es1_workaround.DSP/B[17:0] is not pipelined. Pipelining DSP48 input will improve performance.
Related violations: <none>

DPIP-1#107 Warning
Input pipelining  
DSP design_1_i/conv2d_stream_0/inst/grp_conv2d_stream_Pipeline_VITIS_LOOP_68_3_mainLoop_cols_fu_367/fmul_32ns_32ns_32_3_max_dsp_1_U76/conv2d_stream_fmul_32ns_32ns_32_3_max_dsp_1_ip_u/inst/i_synth/MULT.OP/i_non_prim.MULT/DSP48E1_SPD_SGL_VARIANT.FIX_MULT/DSP2/i_no_versal_es1_workaround.DSP input design_1_i/conv2d_stream_0/inst/grp_conv2d_stream_Pipeline_VITIS_LOOP_68_3_mainLoop_cols_fu_367/fmul_32ns_32ns_32_3_max_dsp_1_U76/conv2d_stream_fmul_32ns_32ns_32_3_max_dsp_1_ip_u/inst/i_synth/MULT.OP/i_non_prim.MULT/DSP48E1_SPD_SGL_VARIANT.FIX_MULT/DSP2/i_no_versal_es1_workaround.DSP/B[17:0] is not pipelined. Pipelining DSP48 input will improve performance.
Related violations: <none>

DPIP-1#108 Warning
Input pipelining  
DSP design_1_i/conv2d_stream_0/inst/grp_conv2d_stream_Pipeline_VITIS_LOOP_68_3_mainLoop_cols_fu_367/fmul_32ns_32ns_32_3_max_dsp_1_U76/conv2d_stream_fmul_32ns_32ns_32_3_max_dsp_1_ip_u/inst/i_synth/MULT.OP/i_non_prim.R_AND_R/LAT_OPT.FULL.R_AND_R/DSP48E1_SGL_EXP_IP.OLD_ADD.ADD/i_no_versal_es1_workaround.DSP input design_1_i/conv2d_stream_0/inst/grp_conv2d_stream_Pipeline_VITIS_LOOP_68_3_mainLoop_cols_fu_367/fmul_32ns_32ns_32_3_max_dsp_1_U76/conv2d_stream_fmul_32ns_32ns_32_3_max_dsp_1_ip_u/inst/i_synth/MULT.OP/i_non_prim.R_AND_R/LAT_OPT.FULL.R_AND_R/DSP48E1_SGL_EXP_IP.OLD_ADD.ADD/i_no_versal_es1_workaround.DSP/C[47:0] is not pipelined. Pipelining DSP48 input will improve performance.
Related violations: <none>

DPIP-1#109 Warning
Input pipelining  
DSP design_1_i/conv2d_stream_0/inst/grp_conv2d_stream_Pipeline_VITIS_LOOP_68_3_mainLoop_cols_fu_367/fmul_32ns_32ns_32_3_max_dsp_1_U77/conv2d_stream_fmul_32ns_32ns_32_3_max_dsp_1_ip_u/inst/i_synth/MULT.OP/i_non_prim.MULT/DSP48E1_SPD_SGL_VARIANT.FIX_MULT/DSP1/i_no_versal_es1_workaround.DSP input design_1_i/conv2d_stream_0/inst/grp_conv2d_stream_Pipeline_VITIS_LOOP_68_3_mainLoop_cols_fu_367/fmul_32ns_32ns_32_3_max_dsp_1_U77/conv2d_stream_fmul_32ns_32ns_32_3_max_dsp_1_ip_u/inst/i_synth/MULT.OP/i_non_prim.MULT/DSP48E1_SPD_SGL_VARIANT.FIX_MULT/DSP1/i_no_versal_es1_workaround.DSP/A[29:0] is not pipelined. Pipelining DSP48 input will improve performance.
Related violations: <none>

DPIP-1#110 Warning
Input pipelining  
DSP design_1_i/conv2d_stream_0/inst/grp_conv2d_stream_Pipeline_VITIS_LOOP_68_3_mainLoop_cols_fu_367/fmul_32ns_32ns_32_3_max_dsp_1_U77/conv2d_stream_fmul_32ns_32ns_32_3_max_dsp_1_ip_u/inst/i_synth/MULT.OP/i_non_prim.MULT/DSP48E1_SPD_SGL_VARIANT.FIX_MULT/DSP1/i_no_versal_es1_workaround.DSP input design_1_i/conv2d_stream_0/inst/grp_conv2d_stream_Pipeline_VITIS_LOOP_68_3_mainLoop_cols_fu_367/fmul_32ns_32ns_32_3_max_dsp_1_U77/conv2d_stream_fmul_32ns_32ns_32_3_max_dsp_1_ip_u/inst/i_synth/MULT.OP/i_non_prim.MULT/DSP48E1_SPD_SGL_VARIANT.FIX_MULT/DSP1/i_no_versal_es1_workaround.DSP/B[17:0] is not pipelined. Pipelining DSP48 input will improve performance.
Related violations: <none>

DPIP-1#111 Warning
Input pipelining  
DSP design_1_i/conv2d_stream_0/inst/grp_conv2d_stream_Pipeline_VITIS_LOOP_68_3_mainLoop_cols_fu_367/fmul_32ns_32ns_32_3_max_dsp_1_U77/conv2d_stream_fmul_32ns_32ns_32_3_max_dsp_1_ip_u/inst/i_synth/MULT.OP/i_non_prim.MULT/DSP48E1_SPD_SGL_VARIANT.FIX_MULT/DSP2/i_no_versal_es1_workaround.DSP input design_1_i/conv2d_stream_0/inst/grp_conv2d_stream_Pipeline_VITIS_LOOP_68_3_mainLoop_cols_fu_367/fmul_32ns_32ns_32_3_max_dsp_1_U77/conv2d_stream_fmul_32ns_32ns_32_3_max_dsp_1_ip_u/inst/i_synth/MULT.OP/i_non_prim.MULT/DSP48E1_SPD_SGL_VARIANT.FIX_MULT/DSP2/i_no_versal_es1_workaround.DSP/B[17:0] is not pipelined. Pipelining DSP48 input will improve performance.
Related violations: <none>

DPIP-1#112 Warning
Input pipelining  
DSP design_1_i/conv2d_stream_0/inst/grp_conv2d_stream_Pipeline_VITIS_LOOP_68_3_mainLoop_cols_fu_367/fmul_32ns_32ns_32_3_max_dsp_1_U77/conv2d_stream_fmul_32ns_32ns_32_3_max_dsp_1_ip_u/inst/i_synth/MULT.OP/i_non_prim.R_AND_R/LAT_OPT.FULL.R_AND_R/DSP48E1_SGL_EXP_IP.OLD_ADD.ADD/i_no_versal_es1_workaround.DSP input design_1_i/conv2d_stream_0/inst/grp_conv2d_stream_Pipeline_VITIS_LOOP_68_3_mainLoop_cols_fu_367/fmul_32ns_32ns_32_3_max_dsp_1_U77/conv2d_stream_fmul_32ns_32ns_32_3_max_dsp_1_ip_u/inst/i_synth/MULT.OP/i_non_prim.R_AND_R/LAT_OPT.FULL.R_AND_R/DSP48E1_SGL_EXP_IP.OLD_ADD.ADD/i_no_versal_es1_workaround.DSP/C[47:0] is not pipelined. Pipelining DSP48 input will improve performance.
Related violations: <none>

DPIP-1#113 Warning
Input pipelining  
DSP design_1_i/conv2d_stream_0/inst/grp_conv2d_stream_Pipeline_VITIS_LOOP_68_3_mainLoop_cols_fu_367/fmul_32ns_32ns_32_3_max_dsp_1_U78/conv2d_stream_fmul_32ns_32ns_32_3_max_dsp_1_ip_u/inst/i_synth/MULT.OP/i_non_prim.MULT/DSP48E1_SPD_SGL_VARIANT.FIX_MULT/DSP1/i_no_versal_es1_workaround.DSP input design_1_i/conv2d_stream_0/inst/grp_conv2d_stream_Pipeline_VITIS_LOOP_68_3_mainLoop_cols_fu_367/fmul_32ns_32ns_32_3_max_dsp_1_U78/conv2d_stream_fmul_32ns_32ns_32_3_max_dsp_1_ip_u/inst/i_synth/MULT.OP/i_non_prim.MULT/DSP48E1_SPD_SGL_VARIANT.FIX_MULT/DSP1/i_no_versal_es1_workaround.DSP/A[29:0] is not pipelined. Pipelining DSP48 input will improve performance.
Related violations: <none>

DPIP-1#114 Warning
Input pipelining  
DSP design_1_i/conv2d_stream_0/inst/grp_conv2d_stream_Pipeline_VITIS_LOOP_68_3_mainLoop_cols_fu_367/fmul_32ns_32ns_32_3_max_dsp_1_U78/conv2d_stream_fmul_32ns_32ns_32_3_max_dsp_1_ip_u/inst/i_synth/MULT.OP/i_non_prim.MULT/DSP48E1_SPD_SGL_VARIANT.FIX_MULT/DSP1/i_no_versal_es1_workaround.DSP input design_1_i/conv2d_stream_0/inst/grp_conv2d_stream_Pipeline_VITIS_LOOP_68_3_mainLoop_cols_fu_367/fmul_32ns_32ns_32_3_max_dsp_1_U78/conv2d_stream_fmul_32ns_32ns_32_3_max_dsp_1_ip_u/inst/i_synth/MULT.OP/i_non_prim.MULT/DSP48E1_SPD_SGL_VARIANT.FIX_MULT/DSP1/i_no_versal_es1_workaround.DSP/B[17:0] is not pipelined. Pipelining DSP48 input will improve performance.
Related violations: <none>

DPIP-1#115 Warning
Input pipelining  
DSP design_1_i/conv2d_stream_0/inst/grp_conv2d_stream_Pipeline_VITIS_LOOP_68_3_mainLoop_cols_fu_367/fmul_32ns_32ns_32_3_max_dsp_1_U78/conv2d_stream_fmul_32ns_32ns_32_3_max_dsp_1_ip_u/inst/i_synth/MULT.OP/i_non_prim.MULT/DSP48E1_SPD_SGL_VARIANT.FIX_MULT/DSP2/i_no_versal_es1_workaround.DSP input design_1_i/conv2d_stream_0/inst/grp_conv2d_stream_Pipeline_VITIS_LOOP_68_3_mainLoop_cols_fu_367/fmul_32ns_32ns_32_3_max_dsp_1_U78/conv2d_stream_fmul_32ns_32ns_32_3_max_dsp_1_ip_u/inst/i_synth/MULT.OP/i_non_prim.MULT/DSP48E1_SPD_SGL_VARIANT.FIX_MULT/DSP2/i_no_versal_es1_workaround.DSP/B[17:0] is not pipelined. Pipelining DSP48 input will improve performance.
Related violations: <none>

DPIP-1#116 Warning
Input pipelining  
DSP design_1_i/conv2d_stream_0/inst/grp_conv2d_stream_Pipeline_VITIS_LOOP_68_3_mainLoop_cols_fu_367/fmul_32ns_32ns_32_3_max_dsp_1_U78/conv2d_stream_fmul_32ns_32ns_32_3_max_dsp_1_ip_u/inst/i_synth/MULT.OP/i_non_prim.R_AND_R/LAT_OPT.FULL.R_AND_R/DSP48E1_SGL_EXP_IP.OLD_ADD.ADD/i_no_versal_es1_workaround.DSP input design_1_i/conv2d_stream_0/inst/grp_conv2d_stream_Pipeline_VITIS_LOOP_68_3_mainLoop_cols_fu_367/fmul_32ns_32ns_32_3_max_dsp_1_U78/conv2d_stream_fmul_32ns_32ns_32_3_max_dsp_1_ip_u/inst/i_synth/MULT.OP/i_non_prim.R_AND_R/LAT_OPT.FULL.R_AND_R/DSP48E1_SGL_EXP_IP.OLD_ADD.ADD/i_no_versal_es1_workaround.DSP/C[47:0] is not pipelined. Pipelining DSP48 input will improve performance.
Related violations: <none>

DPIP-1#117 Warning
Input pipelining  
DSP design_1_i/conv2d_stream_0/inst/grp_conv2d_stream_Pipeline_VITIS_LOOP_68_3_mainLoop_cols_fu_367/fmul_32ns_32ns_32_3_max_dsp_1_U79/conv2d_stream_fmul_32ns_32ns_32_3_max_dsp_1_ip_u/inst/i_synth/MULT.OP/i_non_prim.MULT/DSP48E1_SPD_SGL_VARIANT.FIX_MULT/DSP1/i_no_versal_es1_workaround.DSP input design_1_i/conv2d_stream_0/inst/grp_conv2d_stream_Pipeline_VITIS_LOOP_68_3_mainLoop_cols_fu_367/fmul_32ns_32ns_32_3_max_dsp_1_U79/conv2d_stream_fmul_32ns_32ns_32_3_max_dsp_1_ip_u/inst/i_synth/MULT.OP/i_non_prim.MULT/DSP48E1_SPD_SGL_VARIANT.FIX_MULT/DSP1/i_no_versal_es1_workaround.DSP/A[29:0] is not pipelined. Pipelining DSP48 input will improve performance.
Related violations: <none>

DPIP-1#118 Warning
Input pipelining  
DSP design_1_i/conv2d_stream_0/inst/grp_conv2d_stream_Pipeline_VITIS_LOOP_68_3_mainLoop_cols_fu_367/fmul_32ns_32ns_32_3_max_dsp_1_U79/conv2d_stream_fmul_32ns_32ns_32_3_max_dsp_1_ip_u/inst/i_synth/MULT.OP/i_non_prim.MULT/DSP48E1_SPD_SGL_VARIANT.FIX_MULT/DSP1/i_no_versal_es1_workaround.DSP input design_1_i/conv2d_stream_0/inst/grp_conv2d_stream_Pipeline_VITIS_LOOP_68_3_mainLoop_cols_fu_367/fmul_32ns_32ns_32_3_max_dsp_1_U79/conv2d_stream_fmul_32ns_32ns_32_3_max_dsp_1_ip_u/inst/i_synth/MULT.OP/i_non_prim.MULT/DSP48E1_SPD_SGL_VARIANT.FIX_MULT/DSP1/i_no_versal_es1_workaround.DSP/B[17:0] is not pipelined. Pipelining DSP48 input will improve performance.
Related violations: <none>

DPIP-1#119 Warning
Input pipelining  
DSP design_1_i/conv2d_stream_0/inst/grp_conv2d_stream_Pipeline_VITIS_LOOP_68_3_mainLoop_cols_fu_367/fmul_32ns_32ns_32_3_max_dsp_1_U79/conv2d_stream_fmul_32ns_32ns_32_3_max_dsp_1_ip_u/inst/i_synth/MULT.OP/i_non_prim.MULT/DSP48E1_SPD_SGL_VARIANT.FIX_MULT/DSP2/i_no_versal_es1_workaround.DSP input design_1_i/conv2d_stream_0/inst/grp_conv2d_stream_Pipeline_VITIS_LOOP_68_3_mainLoop_cols_fu_367/fmul_32ns_32ns_32_3_max_dsp_1_U79/conv2d_stream_fmul_32ns_32ns_32_3_max_dsp_1_ip_u/inst/i_synth/MULT.OP/i_non_prim.MULT/DSP48E1_SPD_SGL_VARIANT.FIX_MULT/DSP2/i_no_versal_es1_workaround.DSP/B[17:0] is not pipelined. Pipelining DSP48 input will improve performance.
Related violations: <none>

DPIP-1#120 Warning
Input pipelining  
DSP design_1_i/conv2d_stream_0/inst/grp_conv2d_stream_Pipeline_VITIS_LOOP_68_3_mainLoop_cols_fu_367/fmul_32ns_32ns_32_3_max_dsp_1_U79/conv2d_stream_fmul_32ns_32ns_32_3_max_dsp_1_ip_u/inst/i_synth/MULT.OP/i_non_prim.R_AND_R/LAT_OPT.FULL.R_AND_R/DSP48E1_SGL_EXP_IP.OLD_ADD.ADD/i_no_versal_es1_workaround.DSP input design_1_i/conv2d_stream_0/inst/grp_conv2d_stream_Pipeline_VITIS_LOOP_68_3_mainLoop_cols_fu_367/fmul_32ns_32ns_32_3_max_dsp_1_U79/conv2d_stream_fmul_32ns_32ns_32_3_max_dsp_1_ip_u/inst/i_synth/MULT.OP/i_non_prim.R_AND_R/LAT_OPT.FULL.R_AND_R/DSP48E1_SGL_EXP_IP.OLD_ADD.ADD/i_no_versal_es1_workaround.DSP/C[47:0] is not pipelined. Pipelining DSP48 input will improve performance.
Related violations: <none>

DPIP-1#121 Warning
Input pipelining  
DSP design_1_i/conv2d_stream_0/inst/grp_conv2d_stream_Pipeline_VITIS_LOOP_68_3_mainLoop_cols_fu_367/fmul_32ns_32ns_32_3_max_dsp_1_U80/conv2d_stream_fmul_32ns_32ns_32_3_max_dsp_1_ip_u/inst/i_synth/MULT.OP/i_non_prim.MULT/DSP48E1_SPD_SGL_VARIANT.FIX_MULT/DSP1/i_no_versal_es1_workaround.DSP input design_1_i/conv2d_stream_0/inst/grp_conv2d_stream_Pipeline_VITIS_LOOP_68_3_mainLoop_cols_fu_367/fmul_32ns_32ns_32_3_max_dsp_1_U80/conv2d_stream_fmul_32ns_32ns_32_3_max_dsp_1_ip_u/inst/i_synth/MULT.OP/i_non_prim.MULT/DSP48E1_SPD_SGL_VARIANT.FIX_MULT/DSP1/i_no_versal_es1_workaround.DSP/A[29:0] is not pipelined. Pipelining DSP48 input will improve performance.
Related violations: <none>

DPIP-1#122 Warning
Input pipelining  
DSP design_1_i/conv2d_stream_0/inst/grp_conv2d_stream_Pipeline_VITIS_LOOP_68_3_mainLoop_cols_fu_367/fmul_32ns_32ns_32_3_max_dsp_1_U80/conv2d_stream_fmul_32ns_32ns_32_3_max_dsp_1_ip_u/inst/i_synth/MULT.OP/i_non_prim.MULT/DSP48E1_SPD_SGL_VARIANT.FIX_MULT/DSP1/i_no_versal_es1_workaround.DSP input design_1_i/conv2d_stream_0/inst/grp_conv2d_stream_Pipeline_VITIS_LOOP_68_3_mainLoop_cols_fu_367/fmul_32ns_32ns_32_3_max_dsp_1_U80/conv2d_stream_fmul_32ns_32ns_32_3_max_dsp_1_ip_u/inst/i_synth/MULT.OP/i_non_prim.MULT/DSP48E1_SPD_SGL_VARIANT.FIX_MULT/DSP1/i_no_versal_es1_workaround.DSP/B[17:0] is not pipelined. Pipelining DSP48 input will improve performance.
Related violations: <none>

DPIP-1#123 Warning
Input pipelining  
DSP design_1_i/conv2d_stream_0/inst/grp_conv2d_stream_Pipeline_VITIS_LOOP_68_3_mainLoop_cols_fu_367/fmul_32ns_32ns_32_3_max_dsp_1_U80/conv2d_stream_fmul_32ns_32ns_32_3_max_dsp_1_ip_u/inst/i_synth/MULT.OP/i_non_prim.MULT/DSP48E1_SPD_SGL_VARIANT.FIX_MULT/DSP2/i_no_versal_es1_workaround.DSP input design_1_i/conv2d_stream_0/inst/grp_conv2d_stream_Pipeline_VITIS_LOOP_68_3_mainLoop_cols_fu_367/fmul_32ns_32ns_32_3_max_dsp_1_U80/conv2d_stream_fmul_32ns_32ns_32_3_max_dsp_1_ip_u/inst/i_synth/MULT.OP/i_non_prim.MULT/DSP48E1_SPD_SGL_VARIANT.FIX_MULT/DSP2/i_no_versal_es1_workaround.DSP/B[17:0] is not pipelined. Pipelining DSP48 input will improve performance.
Related violations: <none>

DPIP-1#124 Warning
Input pipelining  
DSP design_1_i/conv2d_stream_0/inst/grp_conv2d_stream_Pipeline_VITIS_LOOP_68_3_mainLoop_cols_fu_367/fmul_32ns_32ns_32_3_max_dsp_1_U80/conv2d_stream_fmul_32ns_32ns_32_3_max_dsp_1_ip_u/inst/i_synth/MULT.OP/i_non_prim.R_AND_R/LAT_OPT.FULL.R_AND_R/DSP48E1_SGL_EXP_IP.OLD_ADD.ADD/i_no_versal_es1_workaround.DSP input design_1_i/conv2d_stream_0/inst/grp_conv2d_stream_Pipeline_VITIS_LOOP_68_3_mainLoop_cols_fu_367/fmul_32ns_32ns_32_3_max_dsp_1_U80/conv2d_stream_fmul_32ns_32ns_32_3_max_dsp_1_ip_u/inst/i_synth/MULT.OP/i_non_prim.R_AND_R/LAT_OPT.FULL.R_AND_R/DSP48E1_SGL_EXP_IP.OLD_ADD.ADD/i_no_versal_es1_workaround.DSP/C[47:0] is not pipelined. Pipelining DSP48 input will improve performance.
Related violations: <none>

DPIP-1#125 Warning
Input pipelining  
DSP design_1_i/conv2d_stream_0/inst/grp_conv2d_stream_Pipeline_VITIS_LOOP_68_3_mainLoop_cols_fu_367/fmul_32ns_32ns_32_3_max_dsp_1_U81/conv2d_stream_fmul_32ns_32ns_32_3_max_dsp_1_ip_u/inst/i_synth/MULT.OP/i_non_prim.MULT/DSP48E1_SPD_SGL_VARIANT.FIX_MULT/DSP1/i_no_versal_es1_workaround.DSP input design_1_i/conv2d_stream_0/inst/grp_conv2d_stream_Pipeline_VITIS_LOOP_68_3_mainLoop_cols_fu_367/fmul_32ns_32ns_32_3_max_dsp_1_U81/conv2d_stream_fmul_32ns_32ns_32_3_max_dsp_1_ip_u/inst/i_synth/MULT.OP/i_non_prim.MULT/DSP48E1_SPD_SGL_VARIANT.FIX_MULT/DSP1/i_no_versal_es1_workaround.DSP/A[29:0] is not pipelined. Pipelining DSP48 input will improve performance.
Related violations: <none>

DPIP-1#126 Warning
Input pipelining  
DSP design_1_i/conv2d_stream_0/inst/grp_conv2d_stream_Pipeline_VITIS_LOOP_68_3_mainLoop_cols_fu_367/fmul_32ns_32ns_32_3_max_dsp_1_U81/conv2d_stream_fmul_32ns_32ns_32_3_max_dsp_1_ip_u/inst/i_synth/MULT.OP/i_non_prim.MULT/DSP48E1_SPD_SGL_VARIANT.FIX_MULT/DSP1/i_no_versal_es1_workaround.DSP input design_1_i/conv2d_stream_0/inst/grp_conv2d_stream_Pipeline_VITIS_LOOP_68_3_mainLoop_cols_fu_367/fmul_32ns_32ns_32_3_max_dsp_1_U81/conv2d_stream_fmul_32ns_32ns_32_3_max_dsp_1_ip_u/inst/i_synth/MULT.OP/i_non_prim.MULT/DSP48E1_SPD_SGL_VARIANT.FIX_MULT/DSP1/i_no_versal_es1_workaround.DSP/B[17:0] is not pipelined. Pipelining DSP48 input will improve performance.
Related violations: <none>

DPIP-1#127 Warning
Input pipelining  
DSP design_1_i/conv2d_stream_0/inst/grp_conv2d_stream_Pipeline_VITIS_LOOP_68_3_mainLoop_cols_fu_367/fmul_32ns_32ns_32_3_max_dsp_1_U81/conv2d_stream_fmul_32ns_32ns_32_3_max_dsp_1_ip_u/inst/i_synth/MULT.OP/i_non_prim.MULT/DSP48E1_SPD_SGL_VARIANT.FIX_MULT/DSP2/i_no_versal_es1_workaround.DSP input design_1_i/conv2d_stream_0/inst/grp_conv2d_stream_Pipeline_VITIS_LOOP_68_3_mainLoop_cols_fu_367/fmul_32ns_32ns_32_3_max_dsp_1_U81/conv2d_stream_fmul_32ns_32ns_32_3_max_dsp_1_ip_u/inst/i_synth/MULT.OP/i_non_prim.MULT/DSP48E1_SPD_SGL_VARIANT.FIX_MULT/DSP2/i_no_versal_es1_workaround.DSP/B[17:0] is not pipelined. Pipelining DSP48 input will improve performance.
Related violations: <none>

DPIP-1#128 Warning
Input pipelining  
DSP design_1_i/conv2d_stream_0/inst/grp_conv2d_stream_Pipeline_VITIS_LOOP_68_3_mainLoop_cols_fu_367/fmul_32ns_32ns_32_3_max_dsp_1_U81/conv2d_stream_fmul_32ns_32ns_32_3_max_dsp_1_ip_u/inst/i_synth/MULT.OP/i_non_prim.R_AND_R/LAT_OPT.FULL.R_AND_R/DSP48E1_SGL_EXP_IP.OLD_ADD.ADD/i_no_versal_es1_workaround.DSP input design_1_i/conv2d_stream_0/inst/grp_conv2d_stream_Pipeline_VITIS_LOOP_68_3_mainLoop_cols_fu_367/fmul_32ns_32ns_32_3_max_dsp_1_U81/conv2d_stream_fmul_32ns_32ns_32_3_max_dsp_1_ip_u/inst/i_synth/MULT.OP/i_non_prim.R_AND_R/LAT_OPT.FULL.R_AND_R/DSP48E1_SGL_EXP_IP.OLD_ADD.ADD/i_no_versal_es1_workaround.DSP/C[47:0] is not pipelined. Pipelining DSP48 input will improve performance.
Related violations: <none>

DPIP-1#129 Warning
Input pipelining  
DSP design_1_i/conv2d_stream_0/inst/grp_conv2d_stream_Pipeline_VITIS_LOOP_68_3_mainLoop_cols_fu_367/fmul_32ns_32ns_32_3_max_dsp_1_U82/conv2d_stream_fmul_32ns_32ns_32_3_max_dsp_1_ip_u/inst/i_synth/MULT.OP/i_non_prim.MULT/DSP48E1_SPD_SGL_VARIANT.FIX_MULT/DSP1/i_no_versal_es1_workaround.DSP input design_1_i/conv2d_stream_0/inst/grp_conv2d_stream_Pipeline_VITIS_LOOP_68_3_mainLoop_cols_fu_367/fmul_32ns_32ns_32_3_max_dsp_1_U82/conv2d_stream_fmul_32ns_32ns_32_3_max_dsp_1_ip_u/inst/i_synth/MULT.OP/i_non_prim.MULT/DSP48E1_SPD_SGL_VARIANT.FIX_MULT/DSP1/i_no_versal_es1_workaround.DSP/A[29:0] is not pipelined. Pipelining DSP48 input will improve performance.
Related violations: <none>

DPIP-1#130 Warning
Input pipelining  
DSP design_1_i/conv2d_stream_0/inst/grp_conv2d_stream_Pipeline_VITIS_LOOP_68_3_mainLoop_cols_fu_367/fmul_32ns_32ns_32_3_max_dsp_1_U82/conv2d_stream_fmul_32ns_32ns_32_3_max_dsp_1_ip_u/inst/i_synth/MULT.OP/i_non_prim.MULT/DSP48E1_SPD_SGL_VARIANT.FIX_MULT/DSP1/i_no_versal_es1_workaround.DSP input design_1_i/conv2d_stream_0/inst/grp_conv2d_stream_Pipeline_VITIS_LOOP_68_3_mainLoop_cols_fu_367/fmul_32ns_32ns_32_3_max_dsp_1_U82/conv2d_stream_fmul_32ns_32ns_32_3_max_dsp_1_ip_u/inst/i_synth/MULT.OP/i_non_prim.MULT/DSP48E1_SPD_SGL_VARIANT.FIX_MULT/DSP1/i_no_versal_es1_workaround.DSP/B[17:0] is not pipelined. Pipelining DSP48 input will improve performance.
Related violations: <none>

DPIP-1#131 Warning
Input pipelining  
DSP design_1_i/conv2d_stream_0/inst/grp_conv2d_stream_Pipeline_VITIS_LOOP_68_3_mainLoop_cols_fu_367/fmul_32ns_32ns_32_3_max_dsp_1_U82/conv2d_stream_fmul_32ns_32ns_32_3_max_dsp_1_ip_u/inst/i_synth/MULT.OP/i_non_prim.MULT/DSP48E1_SPD_SGL_VARIANT.FIX_MULT/DSP2/i_no_versal_es1_workaround.DSP input design_1_i/conv2d_stream_0/inst/grp_conv2d_stream_Pipeline_VITIS_LOOP_68_3_mainLoop_cols_fu_367/fmul_32ns_32ns_32_3_max_dsp_1_U82/conv2d_stream_fmul_32ns_32ns_32_3_max_dsp_1_ip_u/inst/i_synth/MULT.OP/i_non_prim.MULT/DSP48E1_SPD_SGL_VARIANT.FIX_MULT/DSP2/i_no_versal_es1_workaround.DSP/B[17:0] is not pipelined. Pipelining DSP48 input will improve performance.
Related violations: <none>

DPIP-1#132 Warning
Input pipelining  
DSP design_1_i/conv2d_stream_0/inst/grp_conv2d_stream_Pipeline_VITIS_LOOP_68_3_mainLoop_cols_fu_367/fmul_32ns_32ns_32_3_max_dsp_1_U82/conv2d_stream_fmul_32ns_32ns_32_3_max_dsp_1_ip_u/inst/i_synth/MULT.OP/i_non_prim.R_AND_R/LAT_OPT.FULL.R_AND_R/DSP48E1_SGL_EXP_IP.OLD_ADD.ADD/i_no_versal_es1_workaround.DSP input design_1_i/conv2d_stream_0/inst/grp_conv2d_stream_Pipeline_VITIS_LOOP_68_3_mainLoop_cols_fu_367/fmul_32ns_32ns_32_3_max_dsp_1_U82/conv2d_stream_fmul_32ns_32ns_32_3_max_dsp_1_ip_u/inst/i_synth/MULT.OP/i_non_prim.R_AND_R/LAT_OPT.FULL.R_AND_R/DSP48E1_SGL_EXP_IP.OLD_ADD.ADD/i_no_versal_es1_workaround.DSP/C[47:0] is not pipelined. Pipelining DSP48 input will improve performance.
Related violations: <none>

DPIP-1#133 Warning
Input pipelining  
DSP design_1_i/conv2d_stream_0/inst/grp_conv2d_stream_Pipeline_VITIS_LOOP_68_3_mainLoop_cols_fu_367/fmul_32ns_32ns_32_3_max_dsp_1_U83/conv2d_stream_fmul_32ns_32ns_32_3_max_dsp_1_ip_u/inst/i_synth/MULT.OP/i_non_prim.MULT/DSP48E1_SPD_SGL_VARIANT.FIX_MULT/DSP1/i_no_versal_es1_workaround.DSP input design_1_i/conv2d_stream_0/inst/grp_conv2d_stream_Pipeline_VITIS_LOOP_68_3_mainLoop_cols_fu_367/fmul_32ns_32ns_32_3_max_dsp_1_U83/conv2d_stream_fmul_32ns_32ns_32_3_max_dsp_1_ip_u/inst/i_synth/MULT.OP/i_non_prim.MULT/DSP48E1_SPD_SGL_VARIANT.FIX_MULT/DSP1/i_no_versal_es1_workaround.DSP/A[29:0] is not pipelined. Pipelining DSP48 input will improve performance.
Related violations: <none>

DPIP-1#134 Warning
Input pipelining  
DSP design_1_i/conv2d_stream_0/inst/grp_conv2d_stream_Pipeline_VITIS_LOOP_68_3_mainLoop_cols_fu_367/fmul_32ns_32ns_32_3_max_dsp_1_U83/conv2d_stream_fmul_32ns_32ns_32_3_max_dsp_1_ip_u/inst/i_synth/MULT.OP/i_non_prim.MULT/DSP48E1_SPD_SGL_VARIANT.FIX_MULT/DSP1/i_no_versal_es1_workaround.DSP input design_1_i/conv2d_stream_0/inst/grp_conv2d_stream_Pipeline_VITIS_LOOP_68_3_mainLoop_cols_fu_367/fmul_32ns_32ns_32_3_max_dsp_1_U83/conv2d_stream_fmul_32ns_32ns_32_3_max_dsp_1_ip_u/inst/i_synth/MULT.OP/i_non_prim.MULT/DSP48E1_SPD_SGL_VARIANT.FIX_MULT/DSP1/i_no_versal_es1_workaround.DSP/B[17:0] is not pipelined. Pipelining DSP48 input will improve performance.
Related violations: <none>

DPIP-1#135 Warning
Input pipelining  
DSP design_1_i/conv2d_stream_0/inst/grp_conv2d_stream_Pipeline_VITIS_LOOP_68_3_mainLoop_cols_fu_367/fmul_32ns_32ns_32_3_max_dsp_1_U83/conv2d_stream_fmul_32ns_32ns_32_3_max_dsp_1_ip_u/inst/i_synth/MULT.OP/i_non_prim.MULT/DSP48E1_SPD_SGL_VARIANT.FIX_MULT/DSP2/i_no_versal_es1_workaround.DSP input design_1_i/conv2d_stream_0/inst/grp_conv2d_stream_Pipeline_VITIS_LOOP_68_3_mainLoop_cols_fu_367/fmul_32ns_32ns_32_3_max_dsp_1_U83/conv2d_stream_fmul_32ns_32ns_32_3_max_dsp_1_ip_u/inst/i_synth/MULT.OP/i_non_prim.MULT/DSP48E1_SPD_SGL_VARIANT.FIX_MULT/DSP2/i_no_versal_es1_workaround.DSP/B[17:0] is not pipelined. Pipelining DSP48 input will improve performance.
Related violations: <none>

DPIP-1#136 Warning
Input pipelining  
DSP design_1_i/conv2d_stream_0/inst/grp_conv2d_stream_Pipeline_VITIS_LOOP_68_3_mainLoop_cols_fu_367/fmul_32ns_32ns_32_3_max_dsp_1_U83/conv2d_stream_fmul_32ns_32ns_32_3_max_dsp_1_ip_u/inst/i_synth/MULT.OP/i_non_prim.R_AND_R/LAT_OPT.FULL.R_AND_R/DSP48E1_SGL_EXP_IP.OLD_ADD.ADD/i_no_versal_es1_workaround.DSP input design_1_i/conv2d_stream_0/inst/grp_conv2d_stream_Pipeline_VITIS_LOOP_68_3_mainLoop_cols_fu_367/fmul_32ns_32ns_32_3_max_dsp_1_U83/conv2d_stream_fmul_32ns_32ns_32_3_max_dsp_1_ip_u/inst/i_synth/MULT.OP/i_non_prim.R_AND_R/LAT_OPT.FULL.R_AND_R/DSP48E1_SGL_EXP_IP.OLD_ADD.ADD/i_no_versal_es1_workaround.DSP/C[47:0] is not pipelined. Pipelining DSP48 input will improve performance.
Related violations: <none>

DPIP-1#137 Warning
Input pipelining  
DSP design_1_i/conv2d_stream_0/inst/grp_conv2d_stream_Pipeline_VITIS_LOOP_68_3_mainLoop_cols_fu_367/fmul_32ns_32ns_32_3_max_dsp_1_U84/conv2d_stream_fmul_32ns_32ns_32_3_max_dsp_1_ip_u/inst/i_synth/MULT.OP/i_non_prim.MULT/DSP48E1_SPD_SGL_VARIANT.FIX_MULT/DSP1/i_no_versal_es1_workaround.DSP input design_1_i/conv2d_stream_0/inst/grp_conv2d_stream_Pipeline_VITIS_LOOP_68_3_mainLoop_cols_fu_367/fmul_32ns_32ns_32_3_max_dsp_1_U84/conv2d_stream_fmul_32ns_32ns_32_3_max_dsp_1_ip_u/inst/i_synth/MULT.OP/i_non_prim.MULT/DSP48E1_SPD_SGL_VARIANT.FIX_MULT/DSP1/i_no_versal_es1_workaround.DSP/A[29:0] is not pipelined. Pipelining DSP48 input will improve performance.
Related violations: <none>

DPIP-1#138 Warning
Input pipelining  
DSP design_1_i/conv2d_stream_0/inst/grp_conv2d_stream_Pipeline_VITIS_LOOP_68_3_mainLoop_cols_fu_367/fmul_32ns_32ns_32_3_max_dsp_1_U84/conv2d_stream_fmul_32ns_32ns_32_3_max_dsp_1_ip_u/inst/i_synth/MULT.OP/i_non_prim.MULT/DSP48E1_SPD_SGL_VARIANT.FIX_MULT/DSP1/i_no_versal_es1_workaround.DSP input design_1_i/conv2d_stream_0/inst/grp_conv2d_stream_Pipeline_VITIS_LOOP_68_3_mainLoop_cols_fu_367/fmul_32ns_32ns_32_3_max_dsp_1_U84/conv2d_stream_fmul_32ns_32ns_32_3_max_dsp_1_ip_u/inst/i_synth/MULT.OP/i_non_prim.MULT/DSP48E1_SPD_SGL_VARIANT.FIX_MULT/DSP1/i_no_versal_es1_workaround.DSP/B[17:0] is not pipelined. Pipelining DSP48 input will improve performance.
Related violations: <none>

DPIP-1#139 Warning
Input pipelining  
DSP design_1_i/conv2d_stream_0/inst/grp_conv2d_stream_Pipeline_VITIS_LOOP_68_3_mainLoop_cols_fu_367/fmul_32ns_32ns_32_3_max_dsp_1_U84/conv2d_stream_fmul_32ns_32ns_32_3_max_dsp_1_ip_u/inst/i_synth/MULT.OP/i_non_prim.MULT/DSP48E1_SPD_SGL_VARIANT.FIX_MULT/DSP2/i_no_versal_es1_workaround.DSP input design_1_i/conv2d_stream_0/inst/grp_conv2d_stream_Pipeline_VITIS_LOOP_68_3_mainLoop_cols_fu_367/fmul_32ns_32ns_32_3_max_dsp_1_U84/conv2d_stream_fmul_32ns_32ns_32_3_max_dsp_1_ip_u/inst/i_synth/MULT.OP/i_non_prim.MULT/DSP48E1_SPD_SGL_VARIANT.FIX_MULT/DSP2/i_no_versal_es1_workaround.DSP/B[17:0] is not pipelined. Pipelining DSP48 input will improve performance.
Related violations: <none>

DPIP-1#140 Warning
Input pipelining  
DSP design_1_i/conv2d_stream_0/inst/grp_conv2d_stream_Pipeline_VITIS_LOOP_68_3_mainLoop_cols_fu_367/fmul_32ns_32ns_32_3_max_dsp_1_U84/conv2d_stream_fmul_32ns_32ns_32_3_max_dsp_1_ip_u/inst/i_synth/MULT.OP/i_non_prim.R_AND_R/LAT_OPT.FULL.R_AND_R/DSP48E1_SGL_EXP_IP.OLD_ADD.ADD/i_no_versal_es1_workaround.DSP input design_1_i/conv2d_stream_0/inst/grp_conv2d_stream_Pipeline_VITIS_LOOP_68_3_mainLoop_cols_fu_367/fmul_32ns_32ns_32_3_max_dsp_1_U84/conv2d_stream_fmul_32ns_32ns_32_3_max_dsp_1_ip_u/inst/i_synth/MULT.OP/i_non_prim.R_AND_R/LAT_OPT.FULL.R_AND_R/DSP48E1_SGL_EXP_IP.OLD_ADD.ADD/i_no_versal_es1_workaround.DSP/C[47:0] is not pipelined. Pipelining DSP48 input will improve performance.
Related violations: <none>

DPIP-1#141 Warning
Input pipelining  
DSP design_1_i/conv2d_stream_0/inst/grp_conv2d_stream_Pipeline_VITIS_LOOP_68_3_mainLoop_cols_fu_367/fmul_32ns_32ns_32_3_max_dsp_1_U85/conv2d_stream_fmul_32ns_32ns_32_3_max_dsp_1_ip_u/inst/i_synth/MULT.OP/i_non_prim.MULT/DSP48E1_SPD_SGL_VARIANT.FIX_MULT/DSP1/i_no_versal_es1_workaround.DSP input design_1_i/conv2d_stream_0/inst/grp_conv2d_stream_Pipeline_VITIS_LOOP_68_3_mainLoop_cols_fu_367/fmul_32ns_32ns_32_3_max_dsp_1_U85/conv2d_stream_fmul_32ns_32ns_32_3_max_dsp_1_ip_u/inst/i_synth/MULT.OP/i_non_prim.MULT/DSP48E1_SPD_SGL_VARIANT.FIX_MULT/DSP1/i_no_versal_es1_workaround.DSP/A[29:0] is not pipelined. Pipelining DSP48 input will improve performance.
Related violations: <none>

DPIP-1#142 Warning
Input pipelining  
DSP design_1_i/conv2d_stream_0/inst/grp_conv2d_stream_Pipeline_VITIS_LOOP_68_3_mainLoop_cols_fu_367/fmul_32ns_32ns_32_3_max_dsp_1_U85/conv2d_stream_fmul_32ns_32ns_32_3_max_dsp_1_ip_u/inst/i_synth/MULT.OP/i_non_prim.MULT/DSP48E1_SPD_SGL_VARIANT.FIX_MULT/DSP1/i_no_versal_es1_workaround.DSP input design_1_i/conv2d_stream_0/inst/grp_conv2d_stream_Pipeline_VITIS_LOOP_68_3_mainLoop_cols_fu_367/fmul_32ns_32ns_32_3_max_dsp_1_U85/conv2d_stream_fmul_32ns_32ns_32_3_max_dsp_1_ip_u/inst/i_synth/MULT.OP/i_non_prim.MULT/DSP48E1_SPD_SGL_VARIANT.FIX_MULT/DSP1/i_no_versal_es1_workaround.DSP/B[17:0] is not pipelined. Pipelining DSP48 input will improve performance.
Related violations: <none>

DPIP-1#143 Warning
Input pipelining  
DSP design_1_i/conv2d_stream_0/inst/grp_conv2d_stream_Pipeline_VITIS_LOOP_68_3_mainLoop_cols_fu_367/fmul_32ns_32ns_32_3_max_dsp_1_U85/conv2d_stream_fmul_32ns_32ns_32_3_max_dsp_1_ip_u/inst/i_synth/MULT.OP/i_non_prim.MULT/DSP48E1_SPD_SGL_VARIANT.FIX_MULT/DSP2/i_no_versal_es1_workaround.DSP input design_1_i/conv2d_stream_0/inst/grp_conv2d_stream_Pipeline_VITIS_LOOP_68_3_mainLoop_cols_fu_367/fmul_32ns_32ns_32_3_max_dsp_1_U85/conv2d_stream_fmul_32ns_32ns_32_3_max_dsp_1_ip_u/inst/i_synth/MULT.OP/i_non_prim.MULT/DSP48E1_SPD_SGL_VARIANT.FIX_MULT/DSP2/i_no_versal_es1_workaround.DSP/B[17:0] is not pipelined. Pipelining DSP48 input will improve performance.
Related violations: <none>

DPIP-1#144 Warning
Input pipelining  
DSP design_1_i/conv2d_stream_0/inst/grp_conv2d_stream_Pipeline_VITIS_LOOP_68_3_mainLoop_cols_fu_367/fmul_32ns_32ns_32_3_max_dsp_1_U85/conv2d_stream_fmul_32ns_32ns_32_3_max_dsp_1_ip_u/inst/i_synth/MULT.OP/i_non_prim.R_AND_R/LAT_OPT.FULL.R_AND_R/DSP48E1_SGL_EXP_IP.OLD_ADD.ADD/i_no_versal_es1_workaround.DSP input design_1_i/conv2d_stream_0/inst/grp_conv2d_stream_Pipeline_VITIS_LOOP_68_3_mainLoop_cols_fu_367/fmul_32ns_32ns_32_3_max_dsp_1_U85/conv2d_stream_fmul_32ns_32ns_32_3_max_dsp_1_ip_u/inst/i_synth/MULT.OP/i_non_prim.R_AND_R/LAT_OPT.FULL.R_AND_R/DSP48E1_SGL_EXP_IP.OLD_ADD.ADD/i_no_versal_es1_workaround.DSP/C[47:0] is not pipelined. Pipelining DSP48 input will improve performance.
Related violations: <none>

DPIP-1#145 Warning
Input pipelining  
DSP design_1_i/conv2d_stream_0/inst/grp_conv2d_stream_Pipeline_VITIS_LOOP_68_3_mainLoop_cols_fu_367/fmul_32ns_32ns_32_3_max_dsp_1_U86/conv2d_stream_fmul_32ns_32ns_32_3_max_dsp_1_ip_u/inst/i_synth/MULT.OP/i_non_prim.MULT/DSP48E1_SPD_SGL_VARIANT.FIX_MULT/DSP1/i_no_versal_es1_workaround.DSP input design_1_i/conv2d_stream_0/inst/grp_conv2d_stream_Pipeline_VITIS_LOOP_68_3_mainLoop_cols_fu_367/fmul_32ns_32ns_32_3_max_dsp_1_U86/conv2d_stream_fmul_32ns_32ns_32_3_max_dsp_1_ip_u/inst/i_synth/MULT.OP/i_non_prim.MULT/DSP48E1_SPD_SGL_VARIANT.FIX_MULT/DSP1/i_no_versal_es1_workaround.DSP/A[29:0] is not pipelined. Pipelining DSP48 input will improve performance.
Related violations: <none>

DPIP-1#146 Warning
Input pipelining  
DSP design_1_i/conv2d_stream_0/inst/grp_conv2d_stream_Pipeline_VITIS_LOOP_68_3_mainLoop_cols_fu_367/fmul_32ns_32ns_32_3_max_dsp_1_U86/conv2d_stream_fmul_32ns_32ns_32_3_max_dsp_1_ip_u/inst/i_synth/MULT.OP/i_non_prim.MULT/DSP48E1_SPD_SGL_VARIANT.FIX_MULT/DSP1/i_no_versal_es1_workaround.DSP input design_1_i/conv2d_stream_0/inst/grp_conv2d_stream_Pipeline_VITIS_LOOP_68_3_mainLoop_cols_fu_367/fmul_32ns_32ns_32_3_max_dsp_1_U86/conv2d_stream_fmul_32ns_32ns_32_3_max_dsp_1_ip_u/inst/i_synth/MULT.OP/i_non_prim.MULT/DSP48E1_SPD_SGL_VARIANT.FIX_MULT/DSP1/i_no_versal_es1_workaround.DSP/B[17:0] is not pipelined. Pipelining DSP48 input will improve performance.
Related violations: <none>

DPIP-1#147 Warning
Input pipelining  
DSP design_1_i/conv2d_stream_0/inst/grp_conv2d_stream_Pipeline_VITIS_LOOP_68_3_mainLoop_cols_fu_367/fmul_32ns_32ns_32_3_max_dsp_1_U86/conv2d_stream_fmul_32ns_32ns_32_3_max_dsp_1_ip_u/inst/i_synth/MULT.OP/i_non_prim.MULT/DSP48E1_SPD_SGL_VARIANT.FIX_MULT/DSP2/i_no_versal_es1_workaround.DSP input design_1_i/conv2d_stream_0/inst/grp_conv2d_stream_Pipeline_VITIS_LOOP_68_3_mainLoop_cols_fu_367/fmul_32ns_32ns_32_3_max_dsp_1_U86/conv2d_stream_fmul_32ns_32ns_32_3_max_dsp_1_ip_u/inst/i_synth/MULT.OP/i_non_prim.MULT/DSP48E1_SPD_SGL_VARIANT.FIX_MULT/DSP2/i_no_versal_es1_workaround.DSP/B[17:0] is not pipelined. Pipelining DSP48 input will improve performance.
Related violations: <none>

DPIP-1#148 Warning
Input pipelining  
DSP design_1_i/conv2d_stream_0/inst/grp_conv2d_stream_Pipeline_VITIS_LOOP_68_3_mainLoop_cols_fu_367/fmul_32ns_32ns_32_3_max_dsp_1_U86/conv2d_stream_fmul_32ns_32ns_32_3_max_dsp_1_ip_u/inst/i_synth/MULT.OP/i_non_prim.R_AND_R/LAT_OPT.FULL.R_AND_R/DSP48E1_SGL_EXP_IP.OLD_ADD.ADD/i_no_versal_es1_workaround.DSP input design_1_i/conv2d_stream_0/inst/grp_conv2d_stream_Pipeline_VITIS_LOOP_68_3_mainLoop_cols_fu_367/fmul_32ns_32ns_32_3_max_dsp_1_U86/conv2d_stream_fmul_32ns_32ns_32_3_max_dsp_1_ip_u/inst/i_synth/MULT.OP/i_non_prim.R_AND_R/LAT_OPT.FULL.R_AND_R/DSP48E1_SGL_EXP_IP.OLD_ADD.ADD/i_no_versal_es1_workaround.DSP/C[47:0] is not pipelined. Pipelining DSP48 input will improve performance.
Related violations: <none>

DPIP-1#149 Warning
Input pipelining  
DSP design_1_i/conv2d_stream_0/inst/grp_conv2d_stream_Pipeline_VITIS_LOOP_68_3_mainLoop_cols_fu_367/fmul_32ns_32ns_32_3_max_dsp_1_U87/conv2d_stream_fmul_32ns_32ns_32_3_max_dsp_1_ip_u/inst/i_synth/MULT.OP/i_non_prim.MULT/DSP48E1_SPD_SGL_VARIANT.FIX_MULT/DSP1/i_no_versal_es1_workaround.DSP input design_1_i/conv2d_stream_0/inst/grp_conv2d_stream_Pipeline_VITIS_LOOP_68_3_mainLoop_cols_fu_367/fmul_32ns_32ns_32_3_max_dsp_1_U87/conv2d_stream_fmul_32ns_32ns_32_3_max_dsp_1_ip_u/inst/i_synth/MULT.OP/i_non_prim.MULT/DSP48E1_SPD_SGL_VARIANT.FIX_MULT/DSP1/i_no_versal_es1_workaround.DSP/A[29:0] is not pipelined. Pipelining DSP48 input will improve performance.
Related violations: <none>

DPIP-1#150 Warning
Input pipelining  
DSP design_1_i/conv2d_stream_0/inst/grp_conv2d_stream_Pipeline_VITIS_LOOP_68_3_mainLoop_cols_fu_367/fmul_32ns_32ns_32_3_max_dsp_1_U87/conv2d_stream_fmul_32ns_32ns_32_3_max_dsp_1_ip_u/inst/i_synth/MULT.OP/i_non_prim.MULT/DSP48E1_SPD_SGL_VARIANT.FIX_MULT/DSP1/i_no_versal_es1_workaround.DSP input design_1_i/conv2d_stream_0/inst/grp_conv2d_stream_Pipeline_VITIS_LOOP_68_3_mainLoop_cols_fu_367/fmul_32ns_32ns_32_3_max_dsp_1_U87/conv2d_stream_fmul_32ns_32ns_32_3_max_dsp_1_ip_u/inst/i_synth/MULT.OP/i_non_prim.MULT/DSP48E1_SPD_SGL_VARIANT.FIX_MULT/DSP1/i_no_versal_es1_workaround.DSP/B[17:0] is not pipelined. Pipelining DSP48 input will improve performance.
Related violations: <none>

DPIP-1#151 Warning
Input pipelining  
DSP design_1_i/conv2d_stream_0/inst/grp_conv2d_stream_Pipeline_VITIS_LOOP_68_3_mainLoop_cols_fu_367/fmul_32ns_32ns_32_3_max_dsp_1_U87/conv2d_stream_fmul_32ns_32ns_32_3_max_dsp_1_ip_u/inst/i_synth/MULT.OP/i_non_prim.MULT/DSP48E1_SPD_SGL_VARIANT.FIX_MULT/DSP2/i_no_versal_es1_workaround.DSP input design_1_i/conv2d_stream_0/inst/grp_conv2d_stream_Pipeline_VITIS_LOOP_68_3_mainLoop_cols_fu_367/fmul_32ns_32ns_32_3_max_dsp_1_U87/conv2d_stream_fmul_32ns_32ns_32_3_max_dsp_1_ip_u/inst/i_synth/MULT.OP/i_non_prim.MULT/DSP48E1_SPD_SGL_VARIANT.FIX_MULT/DSP2/i_no_versal_es1_workaround.DSP/B[17:0] is not pipelined. Pipelining DSP48 input will improve performance.
Related violations: <none>

DPIP-1#152 Warning
Input pipelining  
DSP design_1_i/conv2d_stream_0/inst/grp_conv2d_stream_Pipeline_VITIS_LOOP_68_3_mainLoop_cols_fu_367/fmul_32ns_32ns_32_3_max_dsp_1_U87/conv2d_stream_fmul_32ns_32ns_32_3_max_dsp_1_ip_u/inst/i_synth/MULT.OP/i_non_prim.R_AND_R/LAT_OPT.FULL.R_AND_R/DSP48E1_SGL_EXP_IP.OLD_ADD.ADD/i_no_versal_es1_workaround.DSP input design_1_i/conv2d_stream_0/inst/grp_conv2d_stream_Pipeline_VITIS_LOOP_68_3_mainLoop_cols_fu_367/fmul_32ns_32ns_32_3_max_dsp_1_U87/conv2d_stream_fmul_32ns_32ns_32_3_max_dsp_1_ip_u/inst/i_synth/MULT.OP/i_non_prim.R_AND_R/LAT_OPT.FULL.R_AND_R/DSP48E1_SGL_EXP_IP.OLD_ADD.ADD/i_no_versal_es1_workaround.DSP/C[47:0] is not pipelined. Pipelining DSP48 input will improve performance.
Related violations: <none>

DPIP-1#153 Warning
Input pipelining  
DSP design_1_i/conv2d_stream_0/inst/grp_conv2d_stream_Pipeline_VITIS_LOOP_68_3_mainLoop_cols_fu_367/fmul_32ns_32ns_32_3_max_dsp_1_U88/conv2d_stream_fmul_32ns_32ns_32_3_max_dsp_1_ip_u/inst/i_synth/MULT.OP/i_non_prim.MULT/DSP48E1_SPD_SGL_VARIANT.FIX_MULT/DSP1/i_no_versal_es1_workaround.DSP input design_1_i/conv2d_stream_0/inst/grp_conv2d_stream_Pipeline_VITIS_LOOP_68_3_mainLoop_cols_fu_367/fmul_32ns_32ns_32_3_max_dsp_1_U88/conv2d_stream_fmul_32ns_32ns_32_3_max_dsp_1_ip_u/inst/i_synth/MULT.OP/i_non_prim.MULT/DSP48E1_SPD_SGL_VARIANT.FIX_MULT/DSP1/i_no_versal_es1_workaround.DSP/A[29:0] is not pipelined. Pipelining DSP48 input will improve performance.
Related violations: <none>

DPIP-1#154 Warning
Input pipelining  
DSP design_1_i/conv2d_stream_0/inst/grp_conv2d_stream_Pipeline_VITIS_LOOP_68_3_mainLoop_cols_fu_367/fmul_32ns_32ns_32_3_max_dsp_1_U88/conv2d_stream_fmul_32ns_32ns_32_3_max_dsp_1_ip_u/inst/i_synth/MULT.OP/i_non_prim.MULT/DSP48E1_SPD_SGL_VARIANT.FIX_MULT/DSP1/i_no_versal_es1_workaround.DSP input design_1_i/conv2d_stream_0/inst/grp_conv2d_stream_Pipeline_VITIS_LOOP_68_3_mainLoop_cols_fu_367/fmul_32ns_32ns_32_3_max_dsp_1_U88/conv2d_stream_fmul_32ns_32ns_32_3_max_dsp_1_ip_u/inst/i_synth/MULT.OP/i_non_prim.MULT/DSP48E1_SPD_SGL_VARIANT.FIX_MULT/DSP1/i_no_versal_es1_workaround.DSP/B[17:0] is not pipelined. Pipelining DSP48 input will improve performance.
Related violations: <none>

DPIP-1#155 Warning
Input pipelining  
DSP design_1_i/conv2d_stream_0/inst/grp_conv2d_stream_Pipeline_VITIS_LOOP_68_3_mainLoop_cols_fu_367/fmul_32ns_32ns_32_3_max_dsp_1_U88/conv2d_stream_fmul_32ns_32ns_32_3_max_dsp_1_ip_u/inst/i_synth/MULT.OP/i_non_prim.MULT/DSP48E1_SPD_SGL_VARIANT.FIX_MULT/DSP2/i_no_versal_es1_workaround.DSP input design_1_i/conv2d_stream_0/inst/grp_conv2d_stream_Pipeline_VITIS_LOOP_68_3_mainLoop_cols_fu_367/fmul_32ns_32ns_32_3_max_dsp_1_U88/conv2d_stream_fmul_32ns_32ns_32_3_max_dsp_1_ip_u/inst/i_synth/MULT.OP/i_non_prim.MULT/DSP48E1_SPD_SGL_VARIANT.FIX_MULT/DSP2/i_no_versal_es1_workaround.DSP/B[17:0] is not pipelined. Pipelining DSP48 input will improve performance.
Related violations: <none>

DPIP-1#156 Warning
Input pipelining  
DSP design_1_i/conv2d_stream_0/inst/grp_conv2d_stream_Pipeline_VITIS_LOOP_68_3_mainLoop_cols_fu_367/fmul_32ns_32ns_32_3_max_dsp_1_U88/conv2d_stream_fmul_32ns_32ns_32_3_max_dsp_1_ip_u/inst/i_synth/MULT.OP/i_non_prim.R_AND_R/LAT_OPT.FULL.R_AND_R/DSP48E1_SGL_EXP_IP.OLD_ADD.ADD/i_no_versal_es1_workaround.DSP input design_1_i/conv2d_stream_0/inst/grp_conv2d_stream_Pipeline_VITIS_LOOP_68_3_mainLoop_cols_fu_367/fmul_32ns_32ns_32_3_max_dsp_1_U88/conv2d_stream_fmul_32ns_32ns_32_3_max_dsp_1_ip_u/inst/i_synth/MULT.OP/i_non_prim.R_AND_R/LAT_OPT.FULL.R_AND_R/DSP48E1_SGL_EXP_IP.OLD_ADD.ADD/i_no_versal_es1_workaround.DSP/C[47:0] is not pipelined. Pipelining DSP48 input will improve performance.
Related violations: <none>

DPIP-1#157 Warning
Input pipelining  
DSP design_1_i/conv2d_stream_0/inst/grp_conv2d_stream_Pipeline_VITIS_LOOP_68_3_mainLoop_cols_fu_367/fmul_32ns_32ns_32_3_max_dsp_1_U89/conv2d_stream_fmul_32ns_32ns_32_3_max_dsp_1_ip_u/inst/i_synth/MULT.OP/i_non_prim.MULT/DSP48E1_SPD_SGL_VARIANT.FIX_MULT/DSP1/i_no_versal_es1_workaround.DSP input design_1_i/conv2d_stream_0/inst/grp_conv2d_stream_Pipeline_VITIS_LOOP_68_3_mainLoop_cols_fu_367/fmul_32ns_32ns_32_3_max_dsp_1_U89/conv2d_stream_fmul_32ns_32ns_32_3_max_dsp_1_ip_u/inst/i_synth/MULT.OP/i_non_prim.MULT/DSP48E1_SPD_SGL_VARIANT.FIX_MULT/DSP1/i_no_versal_es1_workaround.DSP/A[29:0] is not pipelined. Pipelining DSP48 input will improve performance.
Related violations: <none>

DPIP-1#158 Warning
Input pipelining  
DSP design_1_i/conv2d_stream_0/inst/grp_conv2d_stream_Pipeline_VITIS_LOOP_68_3_mainLoop_cols_fu_367/fmul_32ns_32ns_32_3_max_dsp_1_U89/conv2d_stream_fmul_32ns_32ns_32_3_max_dsp_1_ip_u/inst/i_synth/MULT.OP/i_non_prim.MULT/DSP48E1_SPD_SGL_VARIANT.FIX_MULT/DSP1/i_no_versal_es1_workaround.DSP input design_1_i/conv2d_stream_0/inst/grp_conv2d_stream_Pipeline_VITIS_LOOP_68_3_mainLoop_cols_fu_367/fmul_32ns_32ns_32_3_max_dsp_1_U89/conv2d_stream_fmul_32ns_32ns_32_3_max_dsp_1_ip_u/inst/i_synth/MULT.OP/i_non_prim.MULT/DSP48E1_SPD_SGL_VARIANT.FIX_MULT/DSP1/i_no_versal_es1_workaround.DSP/B[17:0] is not pipelined. Pipelining DSP48 input will improve performance.
Related violations: <none>

DPIP-1#159 Warning
Input pipelining  
DSP design_1_i/conv2d_stream_0/inst/grp_conv2d_stream_Pipeline_VITIS_LOOP_68_3_mainLoop_cols_fu_367/fmul_32ns_32ns_32_3_max_dsp_1_U89/conv2d_stream_fmul_32ns_32ns_32_3_max_dsp_1_ip_u/inst/i_synth/MULT.OP/i_non_prim.MULT/DSP48E1_SPD_SGL_VARIANT.FIX_MULT/DSP2/i_no_versal_es1_workaround.DSP input design_1_i/conv2d_stream_0/inst/grp_conv2d_stream_Pipeline_VITIS_LOOP_68_3_mainLoop_cols_fu_367/fmul_32ns_32ns_32_3_max_dsp_1_U89/conv2d_stream_fmul_32ns_32ns_32_3_max_dsp_1_ip_u/inst/i_synth/MULT.OP/i_non_prim.MULT/DSP48E1_SPD_SGL_VARIANT.FIX_MULT/DSP2/i_no_versal_es1_workaround.DSP/B[17:0] is not pipelined. Pipelining DSP48 input will improve performance.
Related violations: <none>

DPIP-1#160 Warning
Input pipelining  
DSP design_1_i/conv2d_stream_0/inst/grp_conv2d_stream_Pipeline_VITIS_LOOP_68_3_mainLoop_cols_fu_367/fmul_32ns_32ns_32_3_max_dsp_1_U89/conv2d_stream_fmul_32ns_32ns_32_3_max_dsp_1_ip_u/inst/i_synth/MULT.OP/i_non_prim.R_AND_R/LAT_OPT.FULL.R_AND_R/DSP48E1_SGL_EXP_IP.OLD_ADD.ADD/i_no_versal_es1_workaround.DSP input design_1_i/conv2d_stream_0/inst/grp_conv2d_stream_Pipeline_VITIS_LOOP_68_3_mainLoop_cols_fu_367/fmul_32ns_32ns_32_3_max_dsp_1_U89/conv2d_stream_fmul_32ns_32ns_32_3_max_dsp_1_ip_u/inst/i_synth/MULT.OP/i_non_prim.R_AND_R/LAT_OPT.FULL.R_AND_R/DSP48E1_SGL_EXP_IP.OLD_ADD.ADD/i_no_versal_es1_workaround.DSP/C[47:0] is not pipelined. Pipelining DSP48 input will improve performance.
Related violations: <none>

DPIP-1#161 Warning
Input pipelining  
DSP design_1_i/conv2d_stream_0/inst/grp_conv2d_stream_Pipeline_VITIS_LOOP_68_3_mainLoop_cols_fu_367/fmul_32ns_32ns_32_3_max_dsp_1_U90/conv2d_stream_fmul_32ns_32ns_32_3_max_dsp_1_ip_u/inst/i_synth/MULT.OP/i_non_prim.MULT/DSP48E1_SPD_SGL_VARIANT.FIX_MULT/DSP1/i_no_versal_es1_workaround.DSP input design_1_i/conv2d_stream_0/inst/grp_conv2d_stream_Pipeline_VITIS_LOOP_68_3_mainLoop_cols_fu_367/fmul_32ns_32ns_32_3_max_dsp_1_U90/conv2d_stream_fmul_32ns_32ns_32_3_max_dsp_1_ip_u/inst/i_synth/MULT.OP/i_non_prim.MULT/DSP48E1_SPD_SGL_VARIANT.FIX_MULT/DSP1/i_no_versal_es1_workaround.DSP/A[29:0] is not pipelined. Pipelining DSP48 input will improve performance.
Related violations: <none>

DPIP-1#162 Warning
Input pipelining  
DSP design_1_i/conv2d_stream_0/inst/grp_conv2d_stream_Pipeline_VITIS_LOOP_68_3_mainLoop_cols_fu_367/fmul_32ns_32ns_32_3_max_dsp_1_U90/conv2d_stream_fmul_32ns_32ns_32_3_max_dsp_1_ip_u/inst/i_synth/MULT.OP/i_non_prim.MULT/DSP48E1_SPD_SGL_VARIANT.FIX_MULT/DSP1/i_no_versal_es1_workaround.DSP input design_1_i/conv2d_stream_0/inst/grp_conv2d_stream_Pipeline_VITIS_LOOP_68_3_mainLoop_cols_fu_367/fmul_32ns_32ns_32_3_max_dsp_1_U90/conv2d_stream_fmul_32ns_32ns_32_3_max_dsp_1_ip_u/inst/i_synth/MULT.OP/i_non_prim.MULT/DSP48E1_SPD_SGL_VARIANT.FIX_MULT/DSP1/i_no_versal_es1_workaround.DSP/B[17:0] is not pipelined. Pipelining DSP48 input will improve performance.
Related violations: <none>

DPIP-1#163 Warning
Input pipelining  
DSP design_1_i/conv2d_stream_0/inst/grp_conv2d_stream_Pipeline_VITIS_LOOP_68_3_mainLoop_cols_fu_367/fmul_32ns_32ns_32_3_max_dsp_1_U90/conv2d_stream_fmul_32ns_32ns_32_3_max_dsp_1_ip_u/inst/i_synth/MULT.OP/i_non_prim.MULT/DSP48E1_SPD_SGL_VARIANT.FIX_MULT/DSP2/i_no_versal_es1_workaround.DSP input design_1_i/conv2d_stream_0/inst/grp_conv2d_stream_Pipeline_VITIS_LOOP_68_3_mainLoop_cols_fu_367/fmul_32ns_32ns_32_3_max_dsp_1_U90/conv2d_stream_fmul_32ns_32ns_32_3_max_dsp_1_ip_u/inst/i_synth/MULT.OP/i_non_prim.MULT/DSP48E1_SPD_SGL_VARIANT.FIX_MULT/DSP2/i_no_versal_es1_workaround.DSP/B[17:0] is not pipelined. Pipelining DSP48 input will improve performance.
Related violations: <none>

DPIP-1#164 Warning
Input pipelining  
DSP design_1_i/conv2d_stream_0/inst/grp_conv2d_stream_Pipeline_VITIS_LOOP_68_3_mainLoop_cols_fu_367/fmul_32ns_32ns_32_3_max_dsp_1_U90/conv2d_stream_fmul_32ns_32ns_32_3_max_dsp_1_ip_u/inst/i_synth/MULT.OP/i_non_prim.R_AND_R/LAT_OPT.FULL.R_AND_R/DSP48E1_SGL_EXP_IP.OLD_ADD.ADD/i_no_versal_es1_workaround.DSP input design_1_i/conv2d_stream_0/inst/grp_conv2d_stream_Pipeline_VITIS_LOOP_68_3_mainLoop_cols_fu_367/fmul_32ns_32ns_32_3_max_dsp_1_U90/conv2d_stream_fmul_32ns_32ns_32_3_max_dsp_1_ip_u/inst/i_synth/MULT.OP/i_non_prim.R_AND_R/LAT_OPT.FULL.R_AND_R/DSP48E1_SGL_EXP_IP.OLD_ADD.ADD/i_no_versal_es1_workaround.DSP/C[47:0] is not pipelined. Pipelining DSP48 input will improve performance.
Related violations: <none>

DPIP-1#165 Warning
Input pipelining  
DSP design_1_i/conv2d_stream_0/inst/grp_conv2d_stream_Pipeline_VITIS_LOOP_68_3_mainLoop_cols_fu_367/fmul_32ns_32ns_32_3_max_dsp_1_U91/conv2d_stream_fmul_32ns_32ns_32_3_max_dsp_1_ip_u/inst/i_synth/MULT.OP/i_non_prim.MULT/DSP48E1_SPD_SGL_VARIANT.FIX_MULT/DSP1/i_no_versal_es1_workaround.DSP input design_1_i/conv2d_stream_0/inst/grp_conv2d_stream_Pipeline_VITIS_LOOP_68_3_mainLoop_cols_fu_367/fmul_32ns_32ns_32_3_max_dsp_1_U91/conv2d_stream_fmul_32ns_32ns_32_3_max_dsp_1_ip_u/inst/i_synth/MULT.OP/i_non_prim.MULT/DSP48E1_SPD_SGL_VARIANT.FIX_MULT/DSP1/i_no_versal_es1_workaround.DSP/A[29:0] is not pipelined. Pipelining DSP48 input will improve performance.
Related violations: <none>

DPIP-1#166 Warning
Input pipelining  
DSP design_1_i/conv2d_stream_0/inst/grp_conv2d_stream_Pipeline_VITIS_LOOP_68_3_mainLoop_cols_fu_367/fmul_32ns_32ns_32_3_max_dsp_1_U91/conv2d_stream_fmul_32ns_32ns_32_3_max_dsp_1_ip_u/inst/i_synth/MULT.OP/i_non_prim.MULT/DSP48E1_SPD_SGL_VARIANT.FIX_MULT/DSP1/i_no_versal_es1_workaround.DSP input design_1_i/conv2d_stream_0/inst/grp_conv2d_stream_Pipeline_VITIS_LOOP_68_3_mainLoop_cols_fu_367/fmul_32ns_32ns_32_3_max_dsp_1_U91/conv2d_stream_fmul_32ns_32ns_32_3_max_dsp_1_ip_u/inst/i_synth/MULT.OP/i_non_prim.MULT/DSP48E1_SPD_SGL_VARIANT.FIX_MULT/DSP1/i_no_versal_es1_workaround.DSP/B[17:0] is not pipelined. Pipelining DSP48 input will improve performance.
Related violations: <none>

DPIP-1#167 Warning
Input pipelining  
DSP design_1_i/conv2d_stream_0/inst/grp_conv2d_stream_Pipeline_VITIS_LOOP_68_3_mainLoop_cols_fu_367/fmul_32ns_32ns_32_3_max_dsp_1_U91/conv2d_stream_fmul_32ns_32ns_32_3_max_dsp_1_ip_u/inst/i_synth/MULT.OP/i_non_prim.MULT/DSP48E1_SPD_SGL_VARIANT.FIX_MULT/DSP2/i_no_versal_es1_workaround.DSP input design_1_i/conv2d_stream_0/inst/grp_conv2d_stream_Pipeline_VITIS_LOOP_68_3_mainLoop_cols_fu_367/fmul_32ns_32ns_32_3_max_dsp_1_U91/conv2d_stream_fmul_32ns_32ns_32_3_max_dsp_1_ip_u/inst/i_synth/MULT.OP/i_non_prim.MULT/DSP48E1_SPD_SGL_VARIANT.FIX_MULT/DSP2/i_no_versal_es1_workaround.DSP/B[17:0] is not pipelined. Pipelining DSP48 input will improve performance.
Related violations: <none>

DPIP-1#168 Warning
Input pipelining  
DSP design_1_i/conv2d_stream_0/inst/grp_conv2d_stream_Pipeline_VITIS_LOOP_68_3_mainLoop_cols_fu_367/fmul_32ns_32ns_32_3_max_dsp_1_U91/conv2d_stream_fmul_32ns_32ns_32_3_max_dsp_1_ip_u/inst/i_synth/MULT.OP/i_non_prim.R_AND_R/LAT_OPT.FULL.R_AND_R/DSP48E1_SGL_EXP_IP.OLD_ADD.ADD/i_no_versal_es1_workaround.DSP input design_1_i/conv2d_stream_0/inst/grp_conv2d_stream_Pipeline_VITIS_LOOP_68_3_mainLoop_cols_fu_367/fmul_32ns_32ns_32_3_max_dsp_1_U91/conv2d_stream_fmul_32ns_32ns_32_3_max_dsp_1_ip_u/inst/i_synth/MULT.OP/i_non_prim.R_AND_R/LAT_OPT.FULL.R_AND_R/DSP48E1_SGL_EXP_IP.OLD_ADD.ADD/i_no_versal_es1_workaround.DSP/C[47:0] is not pipelined. Pipelining DSP48 input will improve performance.
Related violations: <none>

DPIP-1#169 Warning
Input pipelining  
DSP design_1_i/conv2d_stream_0/inst/grp_conv2d_stream_Pipeline_VITIS_LOOP_68_3_mainLoop_cols_fu_367/fmul_32ns_32ns_32_3_max_dsp_1_U92/conv2d_stream_fmul_32ns_32ns_32_3_max_dsp_1_ip_u/inst/i_synth/MULT.OP/i_non_prim.MULT/DSP48E1_SPD_SGL_VARIANT.FIX_MULT/DSP1/i_no_versal_es1_workaround.DSP input design_1_i/conv2d_stream_0/inst/grp_conv2d_stream_Pipeline_VITIS_LOOP_68_3_mainLoop_cols_fu_367/fmul_32ns_32ns_32_3_max_dsp_1_U92/conv2d_stream_fmul_32ns_32ns_32_3_max_dsp_1_ip_u/inst/i_synth/MULT.OP/i_non_prim.MULT/DSP48E1_SPD_SGL_VARIANT.FIX_MULT/DSP1/i_no_versal_es1_workaround.DSP/A[29:0] is not pipelined. Pipelining DSP48 input will improve performance.
Related violations: <none>

DPIP-1#170 Warning
Input pipelining  
DSP design_1_i/conv2d_stream_0/inst/grp_conv2d_stream_Pipeline_VITIS_LOOP_68_3_mainLoop_cols_fu_367/fmul_32ns_32ns_32_3_max_dsp_1_U92/conv2d_stream_fmul_32ns_32ns_32_3_max_dsp_1_ip_u/inst/i_synth/MULT.OP/i_non_prim.MULT/DSP48E1_SPD_SGL_VARIANT.FIX_MULT/DSP1/i_no_versal_es1_workaround.DSP input design_1_i/conv2d_stream_0/inst/grp_conv2d_stream_Pipeline_VITIS_LOOP_68_3_mainLoop_cols_fu_367/fmul_32ns_32ns_32_3_max_dsp_1_U92/conv2d_stream_fmul_32ns_32ns_32_3_max_dsp_1_ip_u/inst/i_synth/MULT.OP/i_non_prim.MULT/DSP48E1_SPD_SGL_VARIANT.FIX_MULT/DSP1/i_no_versal_es1_workaround.DSP/B[17:0] is not pipelined. Pipelining DSP48 input will improve performance.
Related violations: <none>

DPIP-1#171 Warning
Input pipelining  
DSP design_1_i/conv2d_stream_0/inst/grp_conv2d_stream_Pipeline_VITIS_LOOP_68_3_mainLoop_cols_fu_367/fmul_32ns_32ns_32_3_max_dsp_1_U92/conv2d_stream_fmul_32ns_32ns_32_3_max_dsp_1_ip_u/inst/i_synth/MULT.OP/i_non_prim.MULT/DSP48E1_SPD_SGL_VARIANT.FIX_MULT/DSP2/i_no_versal_es1_workaround.DSP input design_1_i/conv2d_stream_0/inst/grp_conv2d_stream_Pipeline_VITIS_LOOP_68_3_mainLoop_cols_fu_367/fmul_32ns_32ns_32_3_max_dsp_1_U92/conv2d_stream_fmul_32ns_32ns_32_3_max_dsp_1_ip_u/inst/i_synth/MULT.OP/i_non_prim.MULT/DSP48E1_SPD_SGL_VARIANT.FIX_MULT/DSP2/i_no_versal_es1_workaround.DSP/B[17:0] is not pipelined. Pipelining DSP48 input will improve performance.
Related violations: <none>

DPIP-1#172 Warning
Input pipelining  
DSP design_1_i/conv2d_stream_0/inst/grp_conv2d_stream_Pipeline_VITIS_LOOP_68_3_mainLoop_cols_fu_367/fmul_32ns_32ns_32_3_max_dsp_1_U92/conv2d_stream_fmul_32ns_32ns_32_3_max_dsp_1_ip_u/inst/i_synth/MULT.OP/i_non_prim.R_AND_R/LAT_OPT.FULL.R_AND_R/DSP48E1_SGL_EXP_IP.OLD_ADD.ADD/i_no_versal_es1_workaround.DSP input design_1_i/conv2d_stream_0/inst/grp_conv2d_stream_Pipeline_VITIS_LOOP_68_3_mainLoop_cols_fu_367/fmul_32ns_32ns_32_3_max_dsp_1_U92/conv2d_stream_fmul_32ns_32ns_32_3_max_dsp_1_ip_u/inst/i_synth/MULT.OP/i_non_prim.R_AND_R/LAT_OPT.FULL.R_AND_R/DSP48E1_SGL_EXP_IP.OLD_ADD.ADD/i_no_versal_es1_workaround.DSP/C[47:0] is not pipelined. Pipelining DSP48 input will improve performance.
Related violations: <none>

DPIP-1#173 Warning
Input pipelining  
DSP design_1_i/conv2d_stream_0/inst/grp_conv2d_stream_Pipeline_VITIS_LOOP_68_3_mainLoop_cols_fu_367/fmul_32ns_32ns_32_3_max_dsp_1_U93/conv2d_stream_fmul_32ns_32ns_32_3_max_dsp_1_ip_u/inst/i_synth/MULT.OP/i_non_prim.MULT/DSP48E1_SPD_SGL_VARIANT.FIX_MULT/DSP1/i_no_versal_es1_workaround.DSP input design_1_i/conv2d_stream_0/inst/grp_conv2d_stream_Pipeline_VITIS_LOOP_68_3_mainLoop_cols_fu_367/fmul_32ns_32ns_32_3_max_dsp_1_U93/conv2d_stream_fmul_32ns_32ns_32_3_max_dsp_1_ip_u/inst/i_synth/MULT.OP/i_non_prim.MULT/DSP48E1_SPD_SGL_VARIANT.FIX_MULT/DSP1/i_no_versal_es1_workaround.DSP/A[29:0] is not pipelined. Pipelining DSP48 input will improve performance.
Related violations: <none>

DPIP-1#174 Warning
Input pipelining  
DSP design_1_i/conv2d_stream_0/inst/grp_conv2d_stream_Pipeline_VITIS_LOOP_68_3_mainLoop_cols_fu_367/fmul_32ns_32ns_32_3_max_dsp_1_U93/conv2d_stream_fmul_32ns_32ns_32_3_max_dsp_1_ip_u/inst/i_synth/MULT.OP/i_non_prim.MULT/DSP48E1_SPD_SGL_VARIANT.FIX_MULT/DSP1/i_no_versal_es1_workaround.DSP input design_1_i/conv2d_stream_0/inst/grp_conv2d_stream_Pipeline_VITIS_LOOP_68_3_mainLoop_cols_fu_367/fmul_32ns_32ns_32_3_max_dsp_1_U93/conv2d_stream_fmul_32ns_32ns_32_3_max_dsp_1_ip_u/inst/i_synth/MULT.OP/i_non_prim.MULT/DSP48E1_SPD_SGL_VARIANT.FIX_MULT/DSP1/i_no_versal_es1_workaround.DSP/B[17:0] is not pipelined. Pipelining DSP48 input will improve performance.
Related violations: <none>

DPIP-1#175 Warning
Input pipelining  
DSP design_1_i/conv2d_stream_0/inst/grp_conv2d_stream_Pipeline_VITIS_LOOP_68_3_mainLoop_cols_fu_367/fmul_32ns_32ns_32_3_max_dsp_1_U93/conv2d_stream_fmul_32ns_32ns_32_3_max_dsp_1_ip_u/inst/i_synth/MULT.OP/i_non_prim.MULT/DSP48E1_SPD_SGL_VARIANT.FIX_MULT/DSP2/i_no_versal_es1_workaround.DSP input design_1_i/conv2d_stream_0/inst/grp_conv2d_stream_Pipeline_VITIS_LOOP_68_3_mainLoop_cols_fu_367/fmul_32ns_32ns_32_3_max_dsp_1_U93/conv2d_stream_fmul_32ns_32ns_32_3_max_dsp_1_ip_u/inst/i_synth/MULT.OP/i_non_prim.MULT/DSP48E1_SPD_SGL_VARIANT.FIX_MULT/DSP2/i_no_versal_es1_workaround.DSP/B[17:0] is not pipelined. Pipelining DSP48 input will improve performance.
Related violations: <none>

DPIP-1#176 Warning
Input pipelining  
DSP design_1_i/conv2d_stream_0/inst/grp_conv2d_stream_Pipeline_VITIS_LOOP_68_3_mainLoop_cols_fu_367/fmul_32ns_32ns_32_3_max_dsp_1_U93/conv2d_stream_fmul_32ns_32ns_32_3_max_dsp_1_ip_u/inst/i_synth/MULT.OP/i_non_prim.R_AND_R/LAT_OPT.FULL.R_AND_R/DSP48E1_SGL_EXP_IP.OLD_ADD.ADD/i_no_versal_es1_workaround.DSP input design_1_i/conv2d_stream_0/inst/grp_conv2d_stream_Pipeline_VITIS_LOOP_68_3_mainLoop_cols_fu_367/fmul_32ns_32ns_32_3_max_dsp_1_U93/conv2d_stream_fmul_32ns_32ns_32_3_max_dsp_1_ip_u/inst/i_synth/MULT.OP/i_non_prim.R_AND_R/LAT_OPT.FULL.R_AND_R/DSP48E1_SGL_EXP_IP.OLD_ADD.ADD/i_no_versal_es1_workaround.DSP/C[47:0] is not pipelined. Pipelining DSP48 input will improve performance.
Related violations: <none>

DPIP-1#177 Warning
Input pipelining  
DSP design_1_i/conv2d_stream_0/inst/grp_conv2d_stream_Pipeline_VITIS_LOOP_68_3_mainLoop_cols_fu_367/fmul_32ns_32ns_32_3_max_dsp_1_U94/conv2d_stream_fmul_32ns_32ns_32_3_max_dsp_1_ip_u/inst/i_synth/MULT.OP/i_non_prim.MULT/DSP48E1_SPD_SGL_VARIANT.FIX_MULT/DSP1/i_no_versal_es1_workaround.DSP input design_1_i/conv2d_stream_0/inst/grp_conv2d_stream_Pipeline_VITIS_LOOP_68_3_mainLoop_cols_fu_367/fmul_32ns_32ns_32_3_max_dsp_1_U94/conv2d_stream_fmul_32ns_32ns_32_3_max_dsp_1_ip_u/inst/i_synth/MULT.OP/i_non_prim.MULT/DSP48E1_SPD_SGL_VARIANT.FIX_MULT/DSP1/i_no_versal_es1_workaround.DSP/A[29:0] is not pipelined. Pipelining DSP48 input will improve performance.
Related violations: <none>

DPIP-1#178 Warning
Input pipelining  
DSP design_1_i/conv2d_stream_0/inst/grp_conv2d_stream_Pipeline_VITIS_LOOP_68_3_mainLoop_cols_fu_367/fmul_32ns_32ns_32_3_max_dsp_1_U94/conv2d_stream_fmul_32ns_32ns_32_3_max_dsp_1_ip_u/inst/i_synth/MULT.OP/i_non_prim.MULT/DSP48E1_SPD_SGL_VARIANT.FIX_MULT/DSP1/i_no_versal_es1_workaround.DSP input design_1_i/conv2d_stream_0/inst/grp_conv2d_stream_Pipeline_VITIS_LOOP_68_3_mainLoop_cols_fu_367/fmul_32ns_32ns_32_3_max_dsp_1_U94/conv2d_stream_fmul_32ns_32ns_32_3_max_dsp_1_ip_u/inst/i_synth/MULT.OP/i_non_prim.MULT/DSP48E1_SPD_SGL_VARIANT.FIX_MULT/DSP1/i_no_versal_es1_workaround.DSP/B[17:0] is not pipelined. Pipelining DSP48 input will improve performance.
Related violations: <none>

DPIP-1#179 Warning
Input pipelining  
DSP design_1_i/conv2d_stream_0/inst/grp_conv2d_stream_Pipeline_VITIS_LOOP_68_3_mainLoop_cols_fu_367/fmul_32ns_32ns_32_3_max_dsp_1_U94/conv2d_stream_fmul_32ns_32ns_32_3_max_dsp_1_ip_u/inst/i_synth/MULT.OP/i_non_prim.MULT/DSP48E1_SPD_SGL_VARIANT.FIX_MULT/DSP2/i_no_versal_es1_workaround.DSP input design_1_i/conv2d_stream_0/inst/grp_conv2d_stream_Pipeline_VITIS_LOOP_68_3_mainLoop_cols_fu_367/fmul_32ns_32ns_32_3_max_dsp_1_U94/conv2d_stream_fmul_32ns_32ns_32_3_max_dsp_1_ip_u/inst/i_synth/MULT.OP/i_non_prim.MULT/DSP48E1_SPD_SGL_VARIANT.FIX_MULT/DSP2/i_no_versal_es1_workaround.DSP/B[17:0] is not pipelined. Pipelining DSP48 input will improve performance.
Related violations: <none>

DPIP-1#180 Warning
Input pipelining  
DSP design_1_i/conv2d_stream_0/inst/grp_conv2d_stream_Pipeline_VITIS_LOOP_68_3_mainLoop_cols_fu_367/fmul_32ns_32ns_32_3_max_dsp_1_U94/conv2d_stream_fmul_32ns_32ns_32_3_max_dsp_1_ip_u/inst/i_synth/MULT.OP/i_non_prim.R_AND_R/LAT_OPT.FULL.R_AND_R/DSP48E1_SGL_EXP_IP.OLD_ADD.ADD/i_no_versal_es1_workaround.DSP input design_1_i/conv2d_stream_0/inst/grp_conv2d_stream_Pipeline_VITIS_LOOP_68_3_mainLoop_cols_fu_367/fmul_32ns_32ns_32_3_max_dsp_1_U94/conv2d_stream_fmul_32ns_32ns_32_3_max_dsp_1_ip_u/inst/i_synth/MULT.OP/i_non_prim.R_AND_R/LAT_OPT.FULL.R_AND_R/DSP48E1_SGL_EXP_IP.OLD_ADD.ADD/i_no_versal_es1_workaround.DSP/C[47:0] is not pipelined. Pipelining DSP48 input will improve performance.
Related violations: <none>

DPIP-1#181 Warning
Input pipelining  
DSP design_1_i/conv2d_stream_0/inst/grp_conv2d_stream_Pipeline_VITIS_LOOP_68_3_mainLoop_cols_fu_367/fmul_32ns_32ns_32_3_max_dsp_1_U95/conv2d_stream_fmul_32ns_32ns_32_3_max_dsp_1_ip_u/inst/i_synth/MULT.OP/i_non_prim.MULT/DSP48E1_SPD_SGL_VARIANT.FIX_MULT/DSP1/i_no_versal_es1_workaround.DSP input design_1_i/conv2d_stream_0/inst/grp_conv2d_stream_Pipeline_VITIS_LOOP_68_3_mainLoop_cols_fu_367/fmul_32ns_32ns_32_3_max_dsp_1_U95/conv2d_stream_fmul_32ns_32ns_32_3_max_dsp_1_ip_u/inst/i_synth/MULT.OP/i_non_prim.MULT/DSP48E1_SPD_SGL_VARIANT.FIX_MULT/DSP1/i_no_versal_es1_workaround.DSP/A[29:0] is not pipelined. Pipelining DSP48 input will improve performance.
Related violations: <none>

DPIP-1#182 Warning
Input pipelining  
DSP design_1_i/conv2d_stream_0/inst/grp_conv2d_stream_Pipeline_VITIS_LOOP_68_3_mainLoop_cols_fu_367/fmul_32ns_32ns_32_3_max_dsp_1_U95/conv2d_stream_fmul_32ns_32ns_32_3_max_dsp_1_ip_u/inst/i_synth/MULT.OP/i_non_prim.MULT/DSP48E1_SPD_SGL_VARIANT.FIX_MULT/DSP1/i_no_versal_es1_workaround.DSP input design_1_i/conv2d_stream_0/inst/grp_conv2d_stream_Pipeline_VITIS_LOOP_68_3_mainLoop_cols_fu_367/fmul_32ns_32ns_32_3_max_dsp_1_U95/conv2d_stream_fmul_32ns_32ns_32_3_max_dsp_1_ip_u/inst/i_synth/MULT.OP/i_non_prim.MULT/DSP48E1_SPD_SGL_VARIANT.FIX_MULT/DSP1/i_no_versal_es1_workaround.DSP/B[17:0] is not pipelined. Pipelining DSP48 input will improve performance.
Related violations: <none>

DPIP-1#183 Warning
Input pipelining  
DSP design_1_i/conv2d_stream_0/inst/grp_conv2d_stream_Pipeline_VITIS_LOOP_68_3_mainLoop_cols_fu_367/fmul_32ns_32ns_32_3_max_dsp_1_U95/conv2d_stream_fmul_32ns_32ns_32_3_max_dsp_1_ip_u/inst/i_synth/MULT.OP/i_non_prim.MULT/DSP48E1_SPD_SGL_VARIANT.FIX_MULT/DSP2/i_no_versal_es1_workaround.DSP input design_1_i/conv2d_stream_0/inst/grp_conv2d_stream_Pipeline_VITIS_LOOP_68_3_mainLoop_cols_fu_367/fmul_32ns_32ns_32_3_max_dsp_1_U95/conv2d_stream_fmul_32ns_32ns_32_3_max_dsp_1_ip_u/inst/i_synth/MULT.OP/i_non_prim.MULT/DSP48E1_SPD_SGL_VARIANT.FIX_MULT/DSP2/i_no_versal_es1_workaround.DSP/B[17:0] is not pipelined. Pipelining DSP48 input will improve performance.
Related violations: <none>

DPIP-1#184 Warning
Input pipelining  
DSP design_1_i/conv2d_stream_0/inst/grp_conv2d_stream_Pipeline_VITIS_LOOP_68_3_mainLoop_cols_fu_367/fmul_32ns_32ns_32_3_max_dsp_1_U95/conv2d_stream_fmul_32ns_32ns_32_3_max_dsp_1_ip_u/inst/i_synth/MULT.OP/i_non_prim.R_AND_R/LAT_OPT.FULL.R_AND_R/DSP48E1_SGL_EXP_IP.OLD_ADD.ADD/i_no_versal_es1_workaround.DSP input design_1_i/conv2d_stream_0/inst/grp_conv2d_stream_Pipeline_VITIS_LOOP_68_3_mainLoop_cols_fu_367/fmul_32ns_32ns_32_3_max_dsp_1_U95/conv2d_stream_fmul_32ns_32ns_32_3_max_dsp_1_ip_u/inst/i_synth/MULT.OP/i_non_prim.R_AND_R/LAT_OPT.FULL.R_AND_R/DSP48E1_SGL_EXP_IP.OLD_ADD.ADD/i_no_versal_es1_workaround.DSP/C[47:0] is not pipelined. Pipelining DSP48 input will improve performance.
Related violations: <none>

DPIP-1#185 Warning
Input pipelining  
DSP design_1_i/conv2d_stream_0/inst/grp_conv2d_stream_Pipeline_VITIS_LOOP_68_3_mainLoop_cols_fu_367/fmul_32ns_32ns_32_3_max_dsp_1_U96/conv2d_stream_fmul_32ns_32ns_32_3_max_dsp_1_ip_u/inst/i_synth/MULT.OP/i_non_prim.MULT/DSP48E1_SPD_SGL_VARIANT.FIX_MULT/DSP1/i_no_versal_es1_workaround.DSP input design_1_i/conv2d_stream_0/inst/grp_conv2d_stream_Pipeline_VITIS_LOOP_68_3_mainLoop_cols_fu_367/fmul_32ns_32ns_32_3_max_dsp_1_U96/conv2d_stream_fmul_32ns_32ns_32_3_max_dsp_1_ip_u/inst/i_synth/MULT.OP/i_non_prim.MULT/DSP48E1_SPD_SGL_VARIANT.FIX_MULT/DSP1/i_no_versal_es1_workaround.DSP/A[29:0] is not pipelined. Pipelining DSP48 input will improve performance.
Related violations: <none>

DPIP-1#186 Warning
Input pipelining  
DSP design_1_i/conv2d_stream_0/inst/grp_conv2d_stream_Pipeline_VITIS_LOOP_68_3_mainLoop_cols_fu_367/fmul_32ns_32ns_32_3_max_dsp_1_U96/conv2d_stream_fmul_32ns_32ns_32_3_max_dsp_1_ip_u/inst/i_synth/MULT.OP/i_non_prim.MULT/DSP48E1_SPD_SGL_VARIANT.FIX_MULT/DSP1/i_no_versal_es1_workaround.DSP input design_1_i/conv2d_stream_0/inst/grp_conv2d_stream_Pipeline_VITIS_LOOP_68_3_mainLoop_cols_fu_367/fmul_32ns_32ns_32_3_max_dsp_1_U96/conv2d_stream_fmul_32ns_32ns_32_3_max_dsp_1_ip_u/inst/i_synth/MULT.OP/i_non_prim.MULT/DSP48E1_SPD_SGL_VARIANT.FIX_MULT/DSP1/i_no_versal_es1_workaround.DSP/B[17:0] is not pipelined. Pipelining DSP48 input will improve performance.
Related violations: <none>

DPIP-1#187 Warning
Input pipelining  
DSP design_1_i/conv2d_stream_0/inst/grp_conv2d_stream_Pipeline_VITIS_LOOP_68_3_mainLoop_cols_fu_367/fmul_32ns_32ns_32_3_max_dsp_1_U96/conv2d_stream_fmul_32ns_32ns_32_3_max_dsp_1_ip_u/inst/i_synth/MULT.OP/i_non_prim.MULT/DSP48E1_SPD_SGL_VARIANT.FIX_MULT/DSP2/i_no_versal_es1_workaround.DSP input design_1_i/conv2d_stream_0/inst/grp_conv2d_stream_Pipeline_VITIS_LOOP_68_3_mainLoop_cols_fu_367/fmul_32ns_32ns_32_3_max_dsp_1_U96/conv2d_stream_fmul_32ns_32ns_32_3_max_dsp_1_ip_u/inst/i_synth/MULT.OP/i_non_prim.MULT/DSP48E1_SPD_SGL_VARIANT.FIX_MULT/DSP2/i_no_versal_es1_workaround.DSP/B[17:0] is not pipelined. Pipelining DSP48 input will improve performance.
Related violations: <none>

DPIP-1#188 Warning
Input pipelining  
DSP design_1_i/conv2d_stream_0/inst/grp_conv2d_stream_Pipeline_VITIS_LOOP_68_3_mainLoop_cols_fu_367/fmul_32ns_32ns_32_3_max_dsp_1_U96/conv2d_stream_fmul_32ns_32ns_32_3_max_dsp_1_ip_u/inst/i_synth/MULT.OP/i_non_prim.R_AND_R/LAT_OPT.FULL.R_AND_R/DSP48E1_SGL_EXP_IP.OLD_ADD.ADD/i_no_versal_es1_workaround.DSP input design_1_i/conv2d_stream_0/inst/grp_conv2d_stream_Pipeline_VITIS_LOOP_68_3_mainLoop_cols_fu_367/fmul_32ns_32ns_32_3_max_dsp_1_U96/conv2d_stream_fmul_32ns_32ns_32_3_max_dsp_1_ip_u/inst/i_synth/MULT.OP/i_non_prim.R_AND_R/LAT_OPT.FULL.R_AND_R/DSP48E1_SGL_EXP_IP.OLD_ADD.ADD/i_no_versal_es1_workaround.DSP/C[47:0] is not pipelined. Pipelining DSP48 input will improve performance.
Related violations: <none>

DPIP-1#189 Warning
Input pipelining  
DSP design_1_i/conv2d_stream_0/inst/grp_conv2d_stream_Pipeline_VITIS_LOOP_68_3_mainLoop_cols_fu_367/fmul_32ns_32ns_32_3_max_dsp_1_U97/conv2d_stream_fmul_32ns_32ns_32_3_max_dsp_1_ip_u/inst/i_synth/MULT.OP/i_non_prim.MULT/DSP48E1_SPD_SGL_VARIANT.FIX_MULT/DSP1/i_no_versal_es1_workaround.DSP input design_1_i/conv2d_stream_0/inst/grp_conv2d_stream_Pipeline_VITIS_LOOP_68_3_mainLoop_cols_fu_367/fmul_32ns_32ns_32_3_max_dsp_1_U97/conv2d_stream_fmul_32ns_32ns_32_3_max_dsp_1_ip_u/inst/i_synth/MULT.OP/i_non_prim.MULT/DSP48E1_SPD_SGL_VARIANT.FIX_MULT/DSP1/i_no_versal_es1_workaround.DSP/A[29:0] is not pipelined. Pipelining DSP48 input will improve performance.
Related violations: <none>

DPIP-1#190 Warning
Input pipelining  
DSP design_1_i/conv2d_stream_0/inst/grp_conv2d_stream_Pipeline_VITIS_LOOP_68_3_mainLoop_cols_fu_367/fmul_32ns_32ns_32_3_max_dsp_1_U97/conv2d_stream_fmul_32ns_32ns_32_3_max_dsp_1_ip_u/inst/i_synth/MULT.OP/i_non_prim.MULT/DSP48E1_SPD_SGL_VARIANT.FIX_MULT/DSP1/i_no_versal_es1_workaround.DSP input design_1_i/conv2d_stream_0/inst/grp_conv2d_stream_Pipeline_VITIS_LOOP_68_3_mainLoop_cols_fu_367/fmul_32ns_32ns_32_3_max_dsp_1_U97/conv2d_stream_fmul_32ns_32ns_32_3_max_dsp_1_ip_u/inst/i_synth/MULT.OP/i_non_prim.MULT/DSP48E1_SPD_SGL_VARIANT.FIX_MULT/DSP1/i_no_versal_es1_workaround.DSP/B[17:0] is not pipelined. Pipelining DSP48 input will improve performance.
Related violations: <none>

DPIP-1#191 Warning
Input pipelining  
DSP design_1_i/conv2d_stream_0/inst/grp_conv2d_stream_Pipeline_VITIS_LOOP_68_3_mainLoop_cols_fu_367/fmul_32ns_32ns_32_3_max_dsp_1_U97/conv2d_stream_fmul_32ns_32ns_32_3_max_dsp_1_ip_u/inst/i_synth/MULT.OP/i_non_prim.MULT/DSP48E1_SPD_SGL_VARIANT.FIX_MULT/DSP2/i_no_versal_es1_workaround.DSP input design_1_i/conv2d_stream_0/inst/grp_conv2d_stream_Pipeline_VITIS_LOOP_68_3_mainLoop_cols_fu_367/fmul_32ns_32ns_32_3_max_dsp_1_U97/conv2d_stream_fmul_32ns_32ns_32_3_max_dsp_1_ip_u/inst/i_synth/MULT.OP/i_non_prim.MULT/DSP48E1_SPD_SGL_VARIANT.FIX_MULT/DSP2/i_no_versal_es1_workaround.DSP/B[17:0] is not pipelined. Pipelining DSP48 input will improve performance.
Related violations: <none>

DPIP-1#192 Warning
Input pipelining  
DSP design_1_i/conv2d_stream_0/inst/grp_conv2d_stream_Pipeline_VITIS_LOOP_68_3_mainLoop_cols_fu_367/fmul_32ns_32ns_32_3_max_dsp_1_U97/conv2d_stream_fmul_32ns_32ns_32_3_max_dsp_1_ip_u/inst/i_synth/MULT.OP/i_non_prim.R_AND_R/LAT_OPT.FULL.R_AND_R/DSP48E1_SGL_EXP_IP.OLD_ADD.ADD/i_no_versal_es1_workaround.DSP input design_1_i/conv2d_stream_0/inst/grp_conv2d_stream_Pipeline_VITIS_LOOP_68_3_mainLoop_cols_fu_367/fmul_32ns_32ns_32_3_max_dsp_1_U97/conv2d_stream_fmul_32ns_32ns_32_3_max_dsp_1_ip_u/inst/i_synth/MULT.OP/i_non_prim.R_AND_R/LAT_OPT.FULL.R_AND_R/DSP48E1_SGL_EXP_IP.OLD_ADD.ADD/i_no_versal_es1_workaround.DSP/C[47:0] is not pipelined. Pipelining DSP48 input will improve performance.
Related violations: <none>

DPIP-1#193 Warning
Input pipelining  
DSP design_1_i/conv2d_stream_0/inst/grp_conv2d_stream_Pipeline_VITIS_LOOP_68_3_mainLoop_cols_fu_367/fmul_32ns_32ns_32_3_max_dsp_1_U98/conv2d_stream_fmul_32ns_32ns_32_3_max_dsp_1_ip_u/inst/i_synth/MULT.OP/i_non_prim.MULT/DSP48E1_SPD_SGL_VARIANT.FIX_MULT/DSP1/i_no_versal_es1_workaround.DSP input design_1_i/conv2d_stream_0/inst/grp_conv2d_stream_Pipeline_VITIS_LOOP_68_3_mainLoop_cols_fu_367/fmul_32ns_32ns_32_3_max_dsp_1_U98/conv2d_stream_fmul_32ns_32ns_32_3_max_dsp_1_ip_u/inst/i_synth/MULT.OP/i_non_prim.MULT/DSP48E1_SPD_SGL_VARIANT.FIX_MULT/DSP1/i_no_versal_es1_workaround.DSP/A[29:0] is not pipelined. Pipelining DSP48 input will improve performance.
Related violations: <none>

DPIP-1#194 Warning
Input pipelining  
DSP design_1_i/conv2d_stream_0/inst/grp_conv2d_stream_Pipeline_VITIS_LOOP_68_3_mainLoop_cols_fu_367/fmul_32ns_32ns_32_3_max_dsp_1_U98/conv2d_stream_fmul_32ns_32ns_32_3_max_dsp_1_ip_u/inst/i_synth/MULT.OP/i_non_prim.MULT/DSP48E1_SPD_SGL_VARIANT.FIX_MULT/DSP1/i_no_versal_es1_workaround.DSP input design_1_i/conv2d_stream_0/inst/grp_conv2d_stream_Pipeline_VITIS_LOOP_68_3_mainLoop_cols_fu_367/fmul_32ns_32ns_32_3_max_dsp_1_U98/conv2d_stream_fmul_32ns_32ns_32_3_max_dsp_1_ip_u/inst/i_synth/MULT.OP/i_non_prim.MULT/DSP48E1_SPD_SGL_VARIANT.FIX_MULT/DSP1/i_no_versal_es1_workaround.DSP/B[17:0] is not pipelined. Pipelining DSP48 input will improve performance.
Related violations: <none>

DPIP-1#195 Warning
Input pipelining  
DSP design_1_i/conv2d_stream_0/inst/grp_conv2d_stream_Pipeline_VITIS_LOOP_68_3_mainLoop_cols_fu_367/fmul_32ns_32ns_32_3_max_dsp_1_U98/conv2d_stream_fmul_32ns_32ns_32_3_max_dsp_1_ip_u/inst/i_synth/MULT.OP/i_non_prim.MULT/DSP48E1_SPD_SGL_VARIANT.FIX_MULT/DSP2/i_no_versal_es1_workaround.DSP input design_1_i/conv2d_stream_0/inst/grp_conv2d_stream_Pipeline_VITIS_LOOP_68_3_mainLoop_cols_fu_367/fmul_32ns_32ns_32_3_max_dsp_1_U98/conv2d_stream_fmul_32ns_32ns_32_3_max_dsp_1_ip_u/inst/i_synth/MULT.OP/i_non_prim.MULT/DSP48E1_SPD_SGL_VARIANT.FIX_MULT/DSP2/i_no_versal_es1_workaround.DSP/B[17:0] is not pipelined. Pipelining DSP48 input will improve performance.
Related violations: <none>

DPIP-1#196 Warning
Input pipelining  
DSP design_1_i/conv2d_stream_0/inst/grp_conv2d_stream_Pipeline_VITIS_LOOP_68_3_mainLoop_cols_fu_367/fmul_32ns_32ns_32_3_max_dsp_1_U98/conv2d_stream_fmul_32ns_32ns_32_3_max_dsp_1_ip_u/inst/i_synth/MULT.OP/i_non_prim.R_AND_R/LAT_OPT.FULL.R_AND_R/DSP48E1_SGL_EXP_IP.OLD_ADD.ADD/i_no_versal_es1_workaround.DSP input design_1_i/conv2d_stream_0/inst/grp_conv2d_stream_Pipeline_VITIS_LOOP_68_3_mainLoop_cols_fu_367/fmul_32ns_32ns_32_3_max_dsp_1_U98/conv2d_stream_fmul_32ns_32ns_32_3_max_dsp_1_ip_u/inst/i_synth/MULT.OP/i_non_prim.R_AND_R/LAT_OPT.FULL.R_AND_R/DSP48E1_SGL_EXP_IP.OLD_ADD.ADD/i_no_versal_es1_workaround.DSP/C[47:0] is not pipelined. Pipelining DSP48 input will improve performance.
Related violations: <none>

DPIP-1#197 Warning
Input pipelining  
DSP design_1_i/conv2d_stream_0/inst/grp_conv2d_stream_Pipeline_VITIS_LOOP_68_3_mainLoop_cols_fu_367/fmul_32ns_32ns_32_3_max_dsp_1_U99/conv2d_stream_fmul_32ns_32ns_32_3_max_dsp_1_ip_u/inst/i_synth/MULT.OP/i_non_prim.MULT/DSP48E1_SPD_SGL_VARIANT.FIX_MULT/DSP1/i_no_versal_es1_workaround.DSP input design_1_i/conv2d_stream_0/inst/grp_conv2d_stream_Pipeline_VITIS_LOOP_68_3_mainLoop_cols_fu_367/fmul_32ns_32ns_32_3_max_dsp_1_U99/conv2d_stream_fmul_32ns_32ns_32_3_max_dsp_1_ip_u/inst/i_synth/MULT.OP/i_non_prim.MULT/DSP48E1_SPD_SGL_VARIANT.FIX_MULT/DSP1/i_no_versal_es1_workaround.DSP/A[29:0] is not pipelined. Pipelining DSP48 input will improve performance.
Related violations: <none>

DPIP-1#198 Warning
Input pipelining  
DSP design_1_i/conv2d_stream_0/inst/grp_conv2d_stream_Pipeline_VITIS_LOOP_68_3_mainLoop_cols_fu_367/fmul_32ns_32ns_32_3_max_dsp_1_U99/conv2d_stream_fmul_32ns_32ns_32_3_max_dsp_1_ip_u/inst/i_synth/MULT.OP/i_non_prim.MULT/DSP48E1_SPD_SGL_VARIANT.FIX_MULT/DSP1/i_no_versal_es1_workaround.DSP input design_1_i/conv2d_stream_0/inst/grp_conv2d_stream_Pipeline_VITIS_LOOP_68_3_mainLoop_cols_fu_367/fmul_32ns_32ns_32_3_max_dsp_1_U99/conv2d_stream_fmul_32ns_32ns_32_3_max_dsp_1_ip_u/inst/i_synth/MULT.OP/i_non_prim.MULT/DSP48E1_SPD_SGL_VARIANT.FIX_MULT/DSP1/i_no_versal_es1_workaround.DSP/B[17:0] is not pipelined. Pipelining DSP48 input will improve performance.
Related violations: <none>

DPIP-1#199 Warning
Input pipelining  
DSP design_1_i/conv2d_stream_0/inst/grp_conv2d_stream_Pipeline_VITIS_LOOP_68_3_mainLoop_cols_fu_367/fmul_32ns_32ns_32_3_max_dsp_1_U99/conv2d_stream_fmul_32ns_32ns_32_3_max_dsp_1_ip_u/inst/i_synth/MULT.OP/i_non_prim.MULT/DSP48E1_SPD_SGL_VARIANT.FIX_MULT/DSP2/i_no_versal_es1_workaround.DSP input design_1_i/conv2d_stream_0/inst/grp_conv2d_stream_Pipeline_VITIS_LOOP_68_3_mainLoop_cols_fu_367/fmul_32ns_32ns_32_3_max_dsp_1_U99/conv2d_stream_fmul_32ns_32ns_32_3_max_dsp_1_ip_u/inst/i_synth/MULT.OP/i_non_prim.MULT/DSP48E1_SPD_SGL_VARIANT.FIX_MULT/DSP2/i_no_versal_es1_workaround.DSP/B[17:0] is not pipelined. Pipelining DSP48 input will improve performance.
Related violations: <none>

DPIP-1#200 Warning
Input pipelining  
DSP design_1_i/conv2d_stream_0/inst/grp_conv2d_stream_Pipeline_VITIS_LOOP_68_3_mainLoop_cols_fu_367/fmul_32ns_32ns_32_3_max_dsp_1_U99/conv2d_stream_fmul_32ns_32ns_32_3_max_dsp_1_ip_u/inst/i_synth/MULT.OP/i_non_prim.R_AND_R/LAT_OPT.FULL.R_AND_R/DSP48E1_SGL_EXP_IP.OLD_ADD.ADD/i_no_versal_es1_workaround.DSP input design_1_i/conv2d_stream_0/inst/grp_conv2d_stream_Pipeline_VITIS_LOOP_68_3_mainLoop_cols_fu_367/fmul_32ns_32ns_32_3_max_dsp_1_U99/conv2d_stream_fmul_32ns_32ns_32_3_max_dsp_1_ip_u/inst/i_synth/MULT.OP/i_non_prim.R_AND_R/LAT_OPT.FULL.R_AND_R/DSP48E1_SGL_EXP_IP.OLD_ADD.ADD/i_no_versal_es1_workaround.DSP/C[47:0] is not pipelined. Pipelining DSP48 input will improve performance.
Related violations: <none>

DPOP-1#1 Warning
PREG Output pipelining  
DSP design_1_i/conv2d_stream_0/inst/grp_conv2d_stream_Pipeline_VITIS_LOOP_68_3_mainLoop_cols_fu_367/fadd_32ns_32ns_32_5_full_dsp_1_U51/conv2d_stream_fadd_32ns_32ns_32_5_full_dsp_1_ip_u/inst/i_synth/ADDSUB_OP.ADDSUB/DSP.OP/DSP48E1_BODY.NORM_RND/FULL_USAGE_DSP.SHIFT_RND/i_no_versal_es1_workaround.DSP output design_1_i/conv2d_stream_0/inst/grp_conv2d_stream_Pipeline_VITIS_LOOP_68_3_mainLoop_cols_fu_367/fadd_32ns_32ns_32_5_full_dsp_1_U51/conv2d_stream_fadd_32ns_32ns_32_5_full_dsp_1_ip_u/inst/i_synth/ADDSUB_OP.ADDSUB/DSP.OP/DSP48E1_BODY.NORM_RND/FULL_USAGE_DSP.SHIFT_RND/i_no_versal_es1_workaround.DSP/P[47:0] is not pipelined (PREG=0). Pipelining the DSP48 output will improve performance and often saves power so it is suggested whenever possible to fully pipeline this function.  If this DSP48 function was inferred, it is suggested to describe an additional register stage after this function.  If the DSP48 was instantiated in the design, it is suggested to set the PREG attribute to 1.
Related violations: <none>

DPOP-1#2 Warning
PREG Output pipelining  
DSP design_1_i/conv2d_stream_0/inst/grp_conv2d_stream_Pipeline_VITIS_LOOP_68_3_mainLoop_cols_fu_367/fadd_32ns_32ns_32_5_full_dsp_1_U52/conv2d_stream_fadd_32ns_32ns_32_5_full_dsp_1_ip_u/inst/i_synth/ADDSUB_OP.ADDSUB/DSP.OP/DSP48E1_BODY.NORM_RND/FULL_USAGE_DSP.SHIFT_RND/i_no_versal_es1_workaround.DSP output design_1_i/conv2d_stream_0/inst/grp_conv2d_stream_Pipeline_VITIS_LOOP_68_3_mainLoop_cols_fu_367/fadd_32ns_32ns_32_5_full_dsp_1_U52/conv2d_stream_fadd_32ns_32ns_32_5_full_dsp_1_ip_u/inst/i_synth/ADDSUB_OP.ADDSUB/DSP.OP/DSP48E1_BODY.NORM_RND/FULL_USAGE_DSP.SHIFT_RND/i_no_versal_es1_workaround.DSP/P[47:0] is not pipelined (PREG=0). Pipelining the DSP48 output will improve performance and often saves power so it is suggested whenever possible to fully pipeline this function.  If this DSP48 function was inferred, it is suggested to describe an additional register stage after this function.  If the DSP48 was instantiated in the design, it is suggested to set the PREG attribute to 1.
Related violations: <none>

DPOP-1#3 Warning
PREG Output pipelining  
DSP design_1_i/conv2d_stream_0/inst/grp_conv2d_stream_Pipeline_VITIS_LOOP_68_3_mainLoop_cols_fu_367/fadd_32ns_32ns_32_5_full_dsp_1_U53/conv2d_stream_fadd_32ns_32ns_32_5_full_dsp_1_ip_u/inst/i_synth/ADDSUB_OP.ADDSUB/DSP.OP/DSP48E1_BODY.NORM_RND/FULL_USAGE_DSP.SHIFT_RND/i_no_versal_es1_workaround.DSP output design_1_i/conv2d_stream_0/inst/grp_conv2d_stream_Pipeline_VITIS_LOOP_68_3_mainLoop_cols_fu_367/fadd_32ns_32ns_32_5_full_dsp_1_U53/conv2d_stream_fadd_32ns_32ns_32_5_full_dsp_1_ip_u/inst/i_synth/ADDSUB_OP.ADDSUB/DSP.OP/DSP48E1_BODY.NORM_RND/FULL_USAGE_DSP.SHIFT_RND/i_no_versal_es1_workaround.DSP/P[47:0] is not pipelined (PREG=0). Pipelining the DSP48 output will improve performance and often saves power so it is suggested whenever possible to fully pipeline this function.  If this DSP48 function was inferred, it is suggested to describe an additional register stage after this function.  If the DSP48 was instantiated in the design, it is suggested to set the PREG attribute to 1.
Related violations: <none>

DPOP-1#4 Warning
PREG Output pipelining  
DSP design_1_i/conv2d_stream_0/inst/grp_conv2d_stream_Pipeline_VITIS_LOOP_68_3_mainLoop_cols_fu_367/fadd_32ns_32ns_32_5_full_dsp_1_U54/conv2d_stream_fadd_32ns_32ns_32_5_full_dsp_1_ip_u/inst/i_synth/ADDSUB_OP.ADDSUB/DSP.OP/DSP48E1_BODY.NORM_RND/FULL_USAGE_DSP.SHIFT_RND/i_no_versal_es1_workaround.DSP output design_1_i/conv2d_stream_0/inst/grp_conv2d_stream_Pipeline_VITIS_LOOP_68_3_mainLoop_cols_fu_367/fadd_32ns_32ns_32_5_full_dsp_1_U54/conv2d_stream_fadd_32ns_32ns_32_5_full_dsp_1_ip_u/inst/i_synth/ADDSUB_OP.ADDSUB/DSP.OP/DSP48E1_BODY.NORM_RND/FULL_USAGE_DSP.SHIFT_RND/i_no_versal_es1_workaround.DSP/P[47:0] is not pipelined (PREG=0). Pipelining the DSP48 output will improve performance and often saves power so it is suggested whenever possible to fully pipeline this function.  If this DSP48 function was inferred, it is suggested to describe an additional register stage after this function.  If the DSP48 was instantiated in the design, it is suggested to set the PREG attribute to 1.
Related violations: <none>

DPOP-1#5 Warning
PREG Output pipelining  
DSP design_1_i/conv2d_stream_0/inst/grp_conv2d_stream_Pipeline_VITIS_LOOP_68_3_mainLoop_cols_fu_367/fadd_32ns_32ns_32_5_full_dsp_1_U55/conv2d_stream_fadd_32ns_32ns_32_5_full_dsp_1_ip_u/inst/i_synth/ADDSUB_OP.ADDSUB/DSP.OP/DSP48E1_BODY.NORM_RND/FULL_USAGE_DSP.SHIFT_RND/i_no_versal_es1_workaround.DSP output design_1_i/conv2d_stream_0/inst/grp_conv2d_stream_Pipeline_VITIS_LOOP_68_3_mainLoop_cols_fu_367/fadd_32ns_32ns_32_5_full_dsp_1_U55/conv2d_stream_fadd_32ns_32ns_32_5_full_dsp_1_ip_u/inst/i_synth/ADDSUB_OP.ADDSUB/DSP.OP/DSP48E1_BODY.NORM_RND/FULL_USAGE_DSP.SHIFT_RND/i_no_versal_es1_workaround.DSP/P[47:0] is not pipelined (PREG=0). Pipelining the DSP48 output will improve performance and often saves power so it is suggested whenever possible to fully pipeline this function.  If this DSP48 function was inferred, it is suggested to describe an additional register stage after this function.  If the DSP48 was instantiated in the design, it is suggested to set the PREG attribute to 1.
Related violations: <none>

DPOP-1#6 Warning
PREG Output pipelining  
DSP design_1_i/conv2d_stream_0/inst/grp_conv2d_stream_Pipeline_VITIS_LOOP_68_3_mainLoop_cols_fu_367/fadd_32ns_32ns_32_5_full_dsp_1_U56/conv2d_stream_fadd_32ns_32ns_32_5_full_dsp_1_ip_u/inst/i_synth/ADDSUB_OP.ADDSUB/DSP.OP/DSP48E1_BODY.NORM_RND/FULL_USAGE_DSP.SHIFT_RND/i_no_versal_es1_workaround.DSP output design_1_i/conv2d_stream_0/inst/grp_conv2d_stream_Pipeline_VITIS_LOOP_68_3_mainLoop_cols_fu_367/fadd_32ns_32ns_32_5_full_dsp_1_U56/conv2d_stream_fadd_32ns_32ns_32_5_full_dsp_1_ip_u/inst/i_synth/ADDSUB_OP.ADDSUB/DSP.OP/DSP48E1_BODY.NORM_RND/FULL_USAGE_DSP.SHIFT_RND/i_no_versal_es1_workaround.DSP/P[47:0] is not pipelined (PREG=0). Pipelining the DSP48 output will improve performance and often saves power so it is suggested whenever possible to fully pipeline this function.  If this DSP48 function was inferred, it is suggested to describe an additional register stage after this function.  If the DSP48 was instantiated in the design, it is suggested to set the PREG attribute to 1.
Related violations: <none>

DPOP-1#7 Warning
PREG Output pipelining  
DSP design_1_i/conv2d_stream_0/inst/grp_conv2d_stream_Pipeline_VITIS_LOOP_68_3_mainLoop_cols_fu_367/fadd_32ns_32ns_32_5_full_dsp_1_U57/conv2d_stream_fadd_32ns_32ns_32_5_full_dsp_1_ip_u/inst/i_synth/ADDSUB_OP.ADDSUB/DSP.OP/DSP48E1_BODY.NORM_RND/FULL_USAGE_DSP.SHIFT_RND/i_no_versal_es1_workaround.DSP output design_1_i/conv2d_stream_0/inst/grp_conv2d_stream_Pipeline_VITIS_LOOP_68_3_mainLoop_cols_fu_367/fadd_32ns_32ns_32_5_full_dsp_1_U57/conv2d_stream_fadd_32ns_32ns_32_5_full_dsp_1_ip_u/inst/i_synth/ADDSUB_OP.ADDSUB/DSP.OP/DSP48E1_BODY.NORM_RND/FULL_USAGE_DSP.SHIFT_RND/i_no_versal_es1_workaround.DSP/P[47:0] is not pipelined (PREG=0). Pipelining the DSP48 output will improve performance and often saves power so it is suggested whenever possible to fully pipeline this function.  If this DSP48 function was inferred, it is suggested to describe an additional register stage after this function.  If the DSP48 was instantiated in the design, it is suggested to set the PREG attribute to 1.
Related violations: <none>

DPOP-1#8 Warning
PREG Output pipelining  
DSP design_1_i/conv2d_stream_0/inst/grp_conv2d_stream_Pipeline_VITIS_LOOP_68_3_mainLoop_cols_fu_367/fadd_32ns_32ns_32_5_full_dsp_1_U58/conv2d_stream_fadd_32ns_32ns_32_5_full_dsp_1_ip_u/inst/i_synth/ADDSUB_OP.ADDSUB/DSP.OP/DSP48E1_BODY.NORM_RND/FULL_USAGE_DSP.SHIFT_RND/i_no_versal_es1_workaround.DSP output design_1_i/conv2d_stream_0/inst/grp_conv2d_stream_Pipeline_VITIS_LOOP_68_3_mainLoop_cols_fu_367/fadd_32ns_32ns_32_5_full_dsp_1_U58/conv2d_stream_fadd_32ns_32ns_32_5_full_dsp_1_ip_u/inst/i_synth/ADDSUB_OP.ADDSUB/DSP.OP/DSP48E1_BODY.NORM_RND/FULL_USAGE_DSP.SHIFT_RND/i_no_versal_es1_workaround.DSP/P[47:0] is not pipelined (PREG=0). Pipelining the DSP48 output will improve performance and often saves power so it is suggested whenever possible to fully pipeline this function.  If this DSP48 function was inferred, it is suggested to describe an additional register stage after this function.  If the DSP48 was instantiated in the design, it is suggested to set the PREG attribute to 1.
Related violations: <none>

DPOP-1#9 Warning
PREG Output pipelining  
DSP design_1_i/conv2d_stream_0/inst/grp_conv2d_stream_Pipeline_VITIS_LOOP_68_3_mainLoop_cols_fu_367/fadd_32ns_32ns_32_5_full_dsp_1_U59/conv2d_stream_fadd_32ns_32ns_32_5_full_dsp_1_ip_u/inst/i_synth/ADDSUB_OP.ADDSUB/DSP.OP/DSP48E1_BODY.NORM_RND/FULL_USAGE_DSP.SHIFT_RND/i_no_versal_es1_workaround.DSP output design_1_i/conv2d_stream_0/inst/grp_conv2d_stream_Pipeline_VITIS_LOOP_68_3_mainLoop_cols_fu_367/fadd_32ns_32ns_32_5_full_dsp_1_U59/conv2d_stream_fadd_32ns_32ns_32_5_full_dsp_1_ip_u/inst/i_synth/ADDSUB_OP.ADDSUB/DSP.OP/DSP48E1_BODY.NORM_RND/FULL_USAGE_DSP.SHIFT_RND/i_no_versal_es1_workaround.DSP/P[47:0] is not pipelined (PREG=0). Pipelining the DSP48 output will improve performance and often saves power so it is suggested whenever possible to fully pipeline this function.  If this DSP48 function was inferred, it is suggested to describe an additional register stage after this function.  If the DSP48 was instantiated in the design, it is suggested to set the PREG attribute to 1.
Related violations: <none>

DPOP-1#10 Warning
PREG Output pipelining  
DSP design_1_i/conv2d_stream_0/inst/grp_conv2d_stream_Pipeline_VITIS_LOOP_68_3_mainLoop_cols_fu_367/fadd_32ns_32ns_32_5_full_dsp_1_U60/conv2d_stream_fadd_32ns_32ns_32_5_full_dsp_1_ip_u/inst/i_synth/ADDSUB_OP.ADDSUB/DSP.OP/DSP48E1_BODY.NORM_RND/FULL_USAGE_DSP.SHIFT_RND/i_no_versal_es1_workaround.DSP output design_1_i/conv2d_stream_0/inst/grp_conv2d_stream_Pipeline_VITIS_LOOP_68_3_mainLoop_cols_fu_367/fadd_32ns_32ns_32_5_full_dsp_1_U60/conv2d_stream_fadd_32ns_32ns_32_5_full_dsp_1_ip_u/inst/i_synth/ADDSUB_OP.ADDSUB/DSP.OP/DSP48E1_BODY.NORM_RND/FULL_USAGE_DSP.SHIFT_RND/i_no_versal_es1_workaround.DSP/P[47:0] is not pipelined (PREG=0). Pipelining the DSP48 output will improve performance and often saves power so it is suggested whenever possible to fully pipeline this function.  If this DSP48 function was inferred, it is suggested to describe an additional register stage after this function.  If the DSP48 was instantiated in the design, it is suggested to set the PREG attribute to 1.
Related violations: <none>

DPOP-1#11 Warning
PREG Output pipelining  
DSP design_1_i/conv2d_stream_0/inst/grp_conv2d_stream_Pipeline_VITIS_LOOP_68_3_mainLoop_cols_fu_367/fadd_32ns_32ns_32_5_full_dsp_1_U61/conv2d_stream_fadd_32ns_32ns_32_5_full_dsp_1_ip_u/inst/i_synth/ADDSUB_OP.ADDSUB/DSP.OP/DSP48E1_BODY.NORM_RND/FULL_USAGE_DSP.SHIFT_RND/i_no_versal_es1_workaround.DSP output design_1_i/conv2d_stream_0/inst/grp_conv2d_stream_Pipeline_VITIS_LOOP_68_3_mainLoop_cols_fu_367/fadd_32ns_32ns_32_5_full_dsp_1_U61/conv2d_stream_fadd_32ns_32ns_32_5_full_dsp_1_ip_u/inst/i_synth/ADDSUB_OP.ADDSUB/DSP.OP/DSP48E1_BODY.NORM_RND/FULL_USAGE_DSP.SHIFT_RND/i_no_versal_es1_workaround.DSP/P[47:0] is not pipelined (PREG=0). Pipelining the DSP48 output will improve performance and often saves power so it is suggested whenever possible to fully pipeline this function.  If this DSP48 function was inferred, it is suggested to describe an additional register stage after this function.  If the DSP48 was instantiated in the design, it is suggested to set the PREG attribute to 1.
Related violations: <none>

DPOP-1#12 Warning
PREG Output pipelining  
DSP design_1_i/conv2d_stream_0/inst/grp_conv2d_stream_Pipeline_VITIS_LOOP_68_3_mainLoop_cols_fu_367/fadd_32ns_32ns_32_5_full_dsp_1_U62/conv2d_stream_fadd_32ns_32ns_32_5_full_dsp_1_ip_u/inst/i_synth/ADDSUB_OP.ADDSUB/DSP.OP/DSP48E1_BODY.NORM_RND/FULL_USAGE_DSP.SHIFT_RND/i_no_versal_es1_workaround.DSP output design_1_i/conv2d_stream_0/inst/grp_conv2d_stream_Pipeline_VITIS_LOOP_68_3_mainLoop_cols_fu_367/fadd_32ns_32ns_32_5_full_dsp_1_U62/conv2d_stream_fadd_32ns_32ns_32_5_full_dsp_1_ip_u/inst/i_synth/ADDSUB_OP.ADDSUB/DSP.OP/DSP48E1_BODY.NORM_RND/FULL_USAGE_DSP.SHIFT_RND/i_no_versal_es1_workaround.DSP/P[47:0] is not pipelined (PREG=0). Pipelining the DSP48 output will improve performance and often saves power so it is suggested whenever possible to fully pipeline this function.  If this DSP48 function was inferred, it is suggested to describe an additional register stage after this function.  If the DSP48 was instantiated in the design, it is suggested to set the PREG attribute to 1.
Related violations: <none>

DPOP-1#13 Warning
PREG Output pipelining  
DSP design_1_i/conv2d_stream_0/inst/grp_conv2d_stream_Pipeline_VITIS_LOOP_68_3_mainLoop_cols_fu_367/fadd_32ns_32ns_32_5_full_dsp_1_U63/conv2d_stream_fadd_32ns_32ns_32_5_full_dsp_1_ip_u/inst/i_synth/ADDSUB_OP.ADDSUB/DSP.OP/DSP48E1_BODY.NORM_RND/FULL_USAGE_DSP.SHIFT_RND/i_no_versal_es1_workaround.DSP output design_1_i/conv2d_stream_0/inst/grp_conv2d_stream_Pipeline_VITIS_LOOP_68_3_mainLoop_cols_fu_367/fadd_32ns_32ns_32_5_full_dsp_1_U63/conv2d_stream_fadd_32ns_32ns_32_5_full_dsp_1_ip_u/inst/i_synth/ADDSUB_OP.ADDSUB/DSP.OP/DSP48E1_BODY.NORM_RND/FULL_USAGE_DSP.SHIFT_RND/i_no_versal_es1_workaround.DSP/P[47:0] is not pipelined (PREG=0). Pipelining the DSP48 output will improve performance and often saves power so it is suggested whenever possible to fully pipeline this function.  If this DSP48 function was inferred, it is suggested to describe an additional register stage after this function.  If the DSP48 was instantiated in the design, it is suggested to set the PREG attribute to 1.
Related violations: <none>

DPOP-1#14 Warning
PREG Output pipelining  
DSP design_1_i/conv2d_stream_0/inst/grp_conv2d_stream_Pipeline_VITIS_LOOP_68_3_mainLoop_cols_fu_367/fadd_32ns_32ns_32_5_full_dsp_1_U64/conv2d_stream_fadd_32ns_32ns_32_5_full_dsp_1_ip_u/inst/i_synth/ADDSUB_OP.ADDSUB/DSP.OP/DSP48E1_BODY.NORM_RND/FULL_USAGE_DSP.SHIFT_RND/i_no_versal_es1_workaround.DSP output design_1_i/conv2d_stream_0/inst/grp_conv2d_stream_Pipeline_VITIS_LOOP_68_3_mainLoop_cols_fu_367/fadd_32ns_32ns_32_5_full_dsp_1_U64/conv2d_stream_fadd_32ns_32ns_32_5_full_dsp_1_ip_u/inst/i_synth/ADDSUB_OP.ADDSUB/DSP.OP/DSP48E1_BODY.NORM_RND/FULL_USAGE_DSP.SHIFT_RND/i_no_versal_es1_workaround.DSP/P[47:0] is not pipelined (PREG=0). Pipelining the DSP48 output will improve performance and often saves power so it is suggested whenever possible to fully pipeline this function.  If this DSP48 function was inferred, it is suggested to describe an additional register stage after this function.  If the DSP48 was instantiated in the design, it is suggested to set the PREG attribute to 1.
Related violations: <none>

DPOP-1#15 Warning
PREG Output pipelining  
DSP design_1_i/conv2d_stream_0/inst/grp_conv2d_stream_Pipeline_VITIS_LOOP_68_3_mainLoop_cols_fu_367/fadd_32ns_32ns_32_5_full_dsp_1_U65/conv2d_stream_fadd_32ns_32ns_32_5_full_dsp_1_ip_u/inst/i_synth/ADDSUB_OP.ADDSUB/DSP.OP/DSP48E1_BODY.NORM_RND/FULL_USAGE_DSP.SHIFT_RND/i_no_versal_es1_workaround.DSP output design_1_i/conv2d_stream_0/inst/grp_conv2d_stream_Pipeline_VITIS_LOOP_68_3_mainLoop_cols_fu_367/fadd_32ns_32ns_32_5_full_dsp_1_U65/conv2d_stream_fadd_32ns_32ns_32_5_full_dsp_1_ip_u/inst/i_synth/ADDSUB_OP.ADDSUB/DSP.OP/DSP48E1_BODY.NORM_RND/FULL_USAGE_DSP.SHIFT_RND/i_no_versal_es1_workaround.DSP/P[47:0] is not pipelined (PREG=0). Pipelining the DSP48 output will improve performance and often saves power so it is suggested whenever possible to fully pipeline this function.  If this DSP48 function was inferred, it is suggested to describe an additional register stage after this function.  If the DSP48 was instantiated in the design, it is suggested to set the PREG attribute to 1.
Related violations: <none>

DPOP-1#16 Warning
PREG Output pipelining  
DSP design_1_i/conv2d_stream_0/inst/grp_conv2d_stream_Pipeline_VITIS_LOOP_68_3_mainLoop_cols_fu_367/fadd_32ns_32ns_32_5_full_dsp_1_U66/conv2d_stream_fadd_32ns_32ns_32_5_full_dsp_1_ip_u/inst/i_synth/ADDSUB_OP.ADDSUB/DSP.OP/DSP48E1_BODY.NORM_RND/FULL_USAGE_DSP.SHIFT_RND/i_no_versal_es1_workaround.DSP output design_1_i/conv2d_stream_0/inst/grp_conv2d_stream_Pipeline_VITIS_LOOP_68_3_mainLoop_cols_fu_367/fadd_32ns_32ns_32_5_full_dsp_1_U66/conv2d_stream_fadd_32ns_32ns_32_5_full_dsp_1_ip_u/inst/i_synth/ADDSUB_OP.ADDSUB/DSP.OP/DSP48E1_BODY.NORM_RND/FULL_USAGE_DSP.SHIFT_RND/i_no_versal_es1_workaround.DSP/P[47:0] is not pipelined (PREG=0). Pipelining the DSP48 output will improve performance and often saves power so it is suggested whenever possible to fully pipeline this function.  If this DSP48 function was inferred, it is suggested to describe an additional register stage after this function.  If the DSP48 was instantiated in the design, it is suggested to set the PREG attribute to 1.
Related violations: <none>

DPOP-1#17 Warning
PREG Output pipelining  
DSP design_1_i/conv2d_stream_0/inst/grp_conv2d_stream_Pipeline_VITIS_LOOP_68_3_mainLoop_cols_fu_367/fadd_32ns_32ns_32_5_full_dsp_1_U67/conv2d_stream_fadd_32ns_32ns_32_5_full_dsp_1_ip_u/inst/i_synth/ADDSUB_OP.ADDSUB/DSP.OP/DSP48E1_BODY.NORM_RND/FULL_USAGE_DSP.SHIFT_RND/i_no_versal_es1_workaround.DSP output design_1_i/conv2d_stream_0/inst/grp_conv2d_stream_Pipeline_VITIS_LOOP_68_3_mainLoop_cols_fu_367/fadd_32ns_32ns_32_5_full_dsp_1_U67/conv2d_stream_fadd_32ns_32ns_32_5_full_dsp_1_ip_u/inst/i_synth/ADDSUB_OP.ADDSUB/DSP.OP/DSP48E1_BODY.NORM_RND/FULL_USAGE_DSP.SHIFT_RND/i_no_versal_es1_workaround.DSP/P[47:0] is not pipelined (PREG=0). Pipelining the DSP48 output will improve performance and often saves power so it is suggested whenever possible to fully pipeline this function.  If this DSP48 function was inferred, it is suggested to describe an additional register stage after this function.  If the DSP48 was instantiated in the design, it is suggested to set the PREG attribute to 1.
Related violations: <none>

DPOP-1#18 Warning
PREG Output pipelining  
DSP design_1_i/conv2d_stream_0/inst/grp_conv2d_stream_Pipeline_VITIS_LOOP_68_3_mainLoop_cols_fu_367/fadd_32ns_32ns_32_5_full_dsp_1_U68/conv2d_stream_fadd_32ns_32ns_32_5_full_dsp_1_ip_u/inst/i_synth/ADDSUB_OP.ADDSUB/DSP.OP/DSP48E1_BODY.NORM_RND/FULL_USAGE_DSP.SHIFT_RND/i_no_versal_es1_workaround.DSP output design_1_i/conv2d_stream_0/inst/grp_conv2d_stream_Pipeline_VITIS_LOOP_68_3_mainLoop_cols_fu_367/fadd_32ns_32ns_32_5_full_dsp_1_U68/conv2d_stream_fadd_32ns_32ns_32_5_full_dsp_1_ip_u/inst/i_synth/ADDSUB_OP.ADDSUB/DSP.OP/DSP48E1_BODY.NORM_RND/FULL_USAGE_DSP.SHIFT_RND/i_no_versal_es1_workaround.DSP/P[47:0] is not pipelined (PREG=0). Pipelining the DSP48 output will improve performance and often saves power so it is suggested whenever possible to fully pipeline this function.  If this DSP48 function was inferred, it is suggested to describe an additional register stage after this function.  If the DSP48 was instantiated in the design, it is suggested to set the PREG attribute to 1.
Related violations: <none>

DPOP-1#19 Warning
PREG Output pipelining  
DSP design_1_i/conv2d_stream_0/inst/grp_conv2d_stream_Pipeline_VITIS_LOOP_68_3_mainLoop_cols_fu_367/fadd_32ns_32ns_32_5_full_dsp_1_U69/conv2d_stream_fadd_32ns_32ns_32_5_full_dsp_1_ip_u/inst/i_synth/ADDSUB_OP.ADDSUB/DSP.OP/DSP48E1_BODY.NORM_RND/FULL_USAGE_DSP.SHIFT_RND/i_no_versal_es1_workaround.DSP output design_1_i/conv2d_stream_0/inst/grp_conv2d_stream_Pipeline_VITIS_LOOP_68_3_mainLoop_cols_fu_367/fadd_32ns_32ns_32_5_full_dsp_1_U69/conv2d_stream_fadd_32ns_32ns_32_5_full_dsp_1_ip_u/inst/i_synth/ADDSUB_OP.ADDSUB/DSP.OP/DSP48E1_BODY.NORM_RND/FULL_USAGE_DSP.SHIFT_RND/i_no_versal_es1_workaround.DSP/P[47:0] is not pipelined (PREG=0). Pipelining the DSP48 output will improve performance and often saves power so it is suggested whenever possible to fully pipeline this function.  If this DSP48 function was inferred, it is suggested to describe an additional register stage after this function.  If the DSP48 was instantiated in the design, it is suggested to set the PREG attribute to 1.
Related violations: <none>

DPOP-1#20 Warning
PREG Output pipelining  
DSP design_1_i/conv2d_stream_0/inst/grp_conv2d_stream_Pipeline_VITIS_LOOP_68_3_mainLoop_cols_fu_367/fadd_32ns_32ns_32_5_full_dsp_1_U70/conv2d_stream_fadd_32ns_32ns_32_5_full_dsp_1_ip_u/inst/i_synth/ADDSUB_OP.ADDSUB/DSP.OP/DSP48E1_BODY.NORM_RND/FULL_USAGE_DSP.SHIFT_RND/i_no_versal_es1_workaround.DSP output design_1_i/conv2d_stream_0/inst/grp_conv2d_stream_Pipeline_VITIS_LOOP_68_3_mainLoop_cols_fu_367/fadd_32ns_32ns_32_5_full_dsp_1_U70/conv2d_stream_fadd_32ns_32ns_32_5_full_dsp_1_ip_u/inst/i_synth/ADDSUB_OP.ADDSUB/DSP.OP/DSP48E1_BODY.NORM_RND/FULL_USAGE_DSP.SHIFT_RND/i_no_versal_es1_workaround.DSP/P[47:0] is not pipelined (PREG=0). Pipelining the DSP48 output will improve performance and often saves power so it is suggested whenever possible to fully pipeline this function.  If this DSP48 function was inferred, it is suggested to describe an additional register stage after this function.  If the DSP48 was instantiated in the design, it is suggested to set the PREG attribute to 1.
Related violations: <none>

DPOP-1#21 Warning
PREG Output pipelining  
DSP design_1_i/conv2d_stream_0/inst/grp_conv2d_stream_Pipeline_VITIS_LOOP_68_3_mainLoop_cols_fu_367/fadd_32ns_32ns_32_5_full_dsp_1_U71/conv2d_stream_fadd_32ns_32ns_32_5_full_dsp_1_ip_u/inst/i_synth/ADDSUB_OP.ADDSUB/DSP.OP/DSP48E1_BODY.NORM_RND/FULL_USAGE_DSP.SHIFT_RND/i_no_versal_es1_workaround.DSP output design_1_i/conv2d_stream_0/inst/grp_conv2d_stream_Pipeline_VITIS_LOOP_68_3_mainLoop_cols_fu_367/fadd_32ns_32ns_32_5_full_dsp_1_U71/conv2d_stream_fadd_32ns_32ns_32_5_full_dsp_1_ip_u/inst/i_synth/ADDSUB_OP.ADDSUB/DSP.OP/DSP48E1_BODY.NORM_RND/FULL_USAGE_DSP.SHIFT_RND/i_no_versal_es1_workaround.DSP/P[47:0] is not pipelined (PREG=0). Pipelining the DSP48 output will improve performance and often saves power so it is suggested whenever possible to fully pipeline this function.  If this DSP48 function was inferred, it is suggested to describe an additional register stage after this function.  If the DSP48 was instantiated in the design, it is suggested to set the PREG attribute to 1.
Related violations: <none>

DPOP-1#22 Warning
PREG Output pipelining  
DSP design_1_i/conv2d_stream_0/inst/grp_conv2d_stream_Pipeline_VITIS_LOOP_68_3_mainLoop_cols_fu_367/fadd_32ns_32ns_32_5_full_dsp_1_U72/conv2d_stream_fadd_32ns_32ns_32_5_full_dsp_1_ip_u/inst/i_synth/ADDSUB_OP.ADDSUB/DSP.OP/DSP48E1_BODY.NORM_RND/FULL_USAGE_DSP.SHIFT_RND/i_no_versal_es1_workaround.DSP output design_1_i/conv2d_stream_0/inst/grp_conv2d_stream_Pipeline_VITIS_LOOP_68_3_mainLoop_cols_fu_367/fadd_32ns_32ns_32_5_full_dsp_1_U72/conv2d_stream_fadd_32ns_32ns_32_5_full_dsp_1_ip_u/inst/i_synth/ADDSUB_OP.ADDSUB/DSP.OP/DSP48E1_BODY.NORM_RND/FULL_USAGE_DSP.SHIFT_RND/i_no_versal_es1_workaround.DSP/P[47:0] is not pipelined (PREG=0). Pipelining the DSP48 output will improve performance and often saves power so it is suggested whenever possible to fully pipeline this function.  If this DSP48 function was inferred, it is suggested to describe an additional register stage after this function.  If the DSP48 was instantiated in the design, it is suggested to set the PREG attribute to 1.
Related violations: <none>

DPOP-1#23 Warning
PREG Output pipelining  
DSP design_1_i/conv2d_stream_0/inst/grp_conv2d_stream_Pipeline_VITIS_LOOP_68_3_mainLoop_cols_fu_367/fadd_32ns_32ns_32_5_full_dsp_1_U73/conv2d_stream_fadd_32ns_32ns_32_5_full_dsp_1_ip_u/inst/i_synth/ADDSUB_OP.ADDSUB/DSP.OP/DSP48E1_BODY.NORM_RND/FULL_USAGE_DSP.SHIFT_RND/i_no_versal_es1_workaround.DSP output design_1_i/conv2d_stream_0/inst/grp_conv2d_stream_Pipeline_VITIS_LOOP_68_3_mainLoop_cols_fu_367/fadd_32ns_32ns_32_5_full_dsp_1_U73/conv2d_stream_fadd_32ns_32ns_32_5_full_dsp_1_ip_u/inst/i_synth/ADDSUB_OP.ADDSUB/DSP.OP/DSP48E1_BODY.NORM_RND/FULL_USAGE_DSP.SHIFT_RND/i_no_versal_es1_workaround.DSP/P[47:0] is not pipelined (PREG=0). Pipelining the DSP48 output will improve performance and often saves power so it is suggested whenever possible to fully pipeline this function.  If this DSP48 function was inferred, it is suggested to describe an additional register stage after this function.  If the DSP48 was instantiated in the design, it is suggested to set the PREG attribute to 1.
Related violations: <none>

DPOP-1#24 Warning
PREG Output pipelining  
DSP design_1_i/conv2d_stream_0/inst/grp_conv2d_stream_Pipeline_VITIS_LOOP_68_3_mainLoop_cols_fu_367/fadd_32ns_32ns_32_5_full_dsp_1_U74/conv2d_stream_fadd_32ns_32ns_32_5_full_dsp_1_ip_u/inst/i_synth/ADDSUB_OP.ADDSUB/DSP.OP/DSP48E1_BODY.NORM_RND/FULL_USAGE_DSP.SHIFT_RND/i_no_versal_es1_workaround.DSP output design_1_i/conv2d_stream_0/inst/grp_conv2d_stream_Pipeline_VITIS_LOOP_68_3_mainLoop_cols_fu_367/fadd_32ns_32ns_32_5_full_dsp_1_U74/conv2d_stream_fadd_32ns_32ns_32_5_full_dsp_1_ip_u/inst/i_synth/ADDSUB_OP.ADDSUB/DSP.OP/DSP48E1_BODY.NORM_RND/FULL_USAGE_DSP.SHIFT_RND/i_no_versal_es1_workaround.DSP/P[47:0] is not pipelined (PREG=0). Pipelining the DSP48 output will improve performance and often saves power so it is suggested whenever possible to fully pipeline this function.  If this DSP48 function was inferred, it is suggested to describe an additional register stage after this function.  If the DSP48 was instantiated in the design, it is suggested to set the PREG attribute to 1.
Related violations: <none>

DPOP-1#25 Warning
PREG Output pipelining  
DSP design_1_i/conv2d_stream_0/inst/grp_conv2d_stream_Pipeline_VITIS_LOOP_68_3_mainLoop_cols_fu_367/fadd_32ns_32ns_32_5_full_dsp_1_U75/conv2d_stream_fadd_32ns_32ns_32_5_full_dsp_1_ip_u/inst/i_synth/ADDSUB_OP.ADDSUB/DSP.OP/DSP48E1_BODY.NORM_RND/FULL_USAGE_DSP.SHIFT_RND/i_no_versal_es1_workaround.DSP output design_1_i/conv2d_stream_0/inst/grp_conv2d_stream_Pipeline_VITIS_LOOP_68_3_mainLoop_cols_fu_367/fadd_32ns_32ns_32_5_full_dsp_1_U75/conv2d_stream_fadd_32ns_32ns_32_5_full_dsp_1_ip_u/inst/i_synth/ADDSUB_OP.ADDSUB/DSP.OP/DSP48E1_BODY.NORM_RND/FULL_USAGE_DSP.SHIFT_RND/i_no_versal_es1_workaround.DSP/P[47:0] is not pipelined (PREG=0). Pipelining the DSP48 output will improve performance and often saves power so it is suggested whenever possible to fully pipeline this function.  If this DSP48 function was inferred, it is suggested to describe an additional register stage after this function.  If the DSP48 was instantiated in the design, it is suggested to set the PREG attribute to 1.
Related violations: <none>

DPOP-1#26 Warning
PREG Output pipelining  
DSP design_1_i/conv2d_stream_0/inst/grp_conv2d_stream_Pipeline_VITIS_LOOP_68_3_mainLoop_cols_fu_367/fmul_32ns_32ns_32_3_max_dsp_1_U100/conv2d_stream_fmul_32ns_32ns_32_3_max_dsp_1_ip_u/inst/i_synth/MULT.OP/i_non_prim.MULT/DSP48E1_SPD_SGL_VARIANT.FIX_MULT/DSP1/i_no_versal_es1_workaround.DSP output design_1_i/conv2d_stream_0/inst/grp_conv2d_stream_Pipeline_VITIS_LOOP_68_3_mainLoop_cols_fu_367/fmul_32ns_32ns_32_3_max_dsp_1_U100/conv2d_stream_fmul_32ns_32ns_32_3_max_dsp_1_ip_u/inst/i_synth/MULT.OP/i_non_prim.MULT/DSP48E1_SPD_SGL_VARIANT.FIX_MULT/DSP1/i_no_versal_es1_workaround.DSP/PATTERNDETECT is not pipelined (PREG=0). Pipelining the DSP48 output will improve performance and often saves power so it is suggested whenever possible to fully pipeline this function.  If this DSP48 function was inferred, it is suggested to describe an additional register stage after this function.  If the DSP48 was instantiated in the design, it is suggested to set the PREG attribute to 1.
Related violations: <none>

DPOP-1#27 Warning
PREG Output pipelining  
DSP design_1_i/conv2d_stream_0/inst/grp_conv2d_stream_Pipeline_VITIS_LOOP_68_3_mainLoop_cols_fu_367/fmul_32ns_32ns_32_3_max_dsp_1_U100/conv2d_stream_fmul_32ns_32ns_32_3_max_dsp_1_ip_u/inst/i_synth/MULT.OP/i_non_prim.MULT/DSP48E1_SPD_SGL_VARIANT.FIX_MULT/DSP2/i_no_versal_es1_workaround.DSP output design_1_i/conv2d_stream_0/inst/grp_conv2d_stream_Pipeline_VITIS_LOOP_68_3_mainLoop_cols_fu_367/fmul_32ns_32ns_32_3_max_dsp_1_U100/conv2d_stream_fmul_32ns_32ns_32_3_max_dsp_1_ip_u/inst/i_synth/MULT.OP/i_non_prim.MULT/DSP48E1_SPD_SGL_VARIANT.FIX_MULT/DSP2/i_no_versal_es1_workaround.DSP/PATTERNDETECT is not pipelined (PREG=0). Pipelining the DSP48 output will improve performance and often saves power so it is suggested whenever possible to fully pipeline this function.  If this DSP48 function was inferred, it is suggested to describe an additional register stage after this function.  If the DSP48 was instantiated in the design, it is suggested to set the PREG attribute to 1.
Related violations: <none>

DPOP-1#28 Warning
PREG Output pipelining  
DSP design_1_i/conv2d_stream_0/inst/grp_conv2d_stream_Pipeline_VITIS_LOOP_68_3_mainLoop_cols_fu_367/fmul_32ns_32ns_32_3_max_dsp_1_U100/conv2d_stream_fmul_32ns_32ns_32_3_max_dsp_1_ip_u/inst/i_synth/MULT.OP/i_non_prim.MULT/DSP48E1_SPD_SGL_VARIANT.FIX_MULT/DSP2/i_no_versal_es1_workaround.DSP output design_1_i/conv2d_stream_0/inst/grp_conv2d_stream_Pipeline_VITIS_LOOP_68_3_mainLoop_cols_fu_367/fmul_32ns_32ns_32_3_max_dsp_1_U100/conv2d_stream_fmul_32ns_32ns_32_3_max_dsp_1_ip_u/inst/i_synth/MULT.OP/i_non_prim.MULT/DSP48E1_SPD_SGL_VARIANT.FIX_MULT/DSP2/i_no_versal_es1_workaround.DSP/P[47:0] is not pipelined (PREG=0). Pipelining the DSP48 output will improve performance and often saves power so it is suggested whenever possible to fully pipeline this function.  If this DSP48 function was inferred, it is suggested to describe an additional register stage after this function.  If the DSP48 was instantiated in the design, it is suggested to set the PREG attribute to 1.
Related violations: <none>

DPOP-1#29 Warning
PREG Output pipelining  
DSP design_1_i/conv2d_stream_0/inst/grp_conv2d_stream_Pipeline_VITIS_LOOP_68_3_mainLoop_cols_fu_367/fmul_32ns_32ns_32_3_max_dsp_1_U100/conv2d_stream_fmul_32ns_32ns_32_3_max_dsp_1_ip_u/inst/i_synth/MULT.OP/i_non_prim.R_AND_R/LAT_OPT.FULL.R_AND_R/DSP48E1_SGL_EXP_IP.OLD_ADD.ADD/i_no_versal_es1_workaround.DSP output design_1_i/conv2d_stream_0/inst/grp_conv2d_stream_Pipeline_VITIS_LOOP_68_3_mainLoop_cols_fu_367/fmul_32ns_32ns_32_3_max_dsp_1_U100/conv2d_stream_fmul_32ns_32ns_32_3_max_dsp_1_ip_u/inst/i_synth/MULT.OP/i_non_prim.R_AND_R/LAT_OPT.FULL.R_AND_R/DSP48E1_SGL_EXP_IP.OLD_ADD.ADD/i_no_versal_es1_workaround.DSP/CARRYOUT[3:0] is not pipelined (PREG=0). Pipelining the DSP48 output will improve performance and often saves power so it is suggested whenever possible to fully pipeline this function.  If this DSP48 function was inferred, it is suggested to describe an additional register stage after this function.  If the DSP48 was instantiated in the design, it is suggested to set the PREG attribute to 1.
Related violations: <none>

DPOP-1#30 Warning
PREG Output pipelining  
DSP design_1_i/conv2d_stream_0/inst/grp_conv2d_stream_Pipeline_VITIS_LOOP_68_3_mainLoop_cols_fu_367/fmul_32ns_32ns_32_3_max_dsp_1_U100/conv2d_stream_fmul_32ns_32ns_32_3_max_dsp_1_ip_u/inst/i_synth/MULT.OP/i_non_prim.R_AND_R/LAT_OPT.FULL.R_AND_R/DSP48E1_SGL_EXP_IP.OLD_ADD.ADD/i_no_versal_es1_workaround.DSP output design_1_i/conv2d_stream_0/inst/grp_conv2d_stream_Pipeline_VITIS_LOOP_68_3_mainLoop_cols_fu_367/fmul_32ns_32ns_32_3_max_dsp_1_U100/conv2d_stream_fmul_32ns_32ns_32_3_max_dsp_1_ip_u/inst/i_synth/MULT.OP/i_non_prim.R_AND_R/LAT_OPT.FULL.R_AND_R/DSP48E1_SGL_EXP_IP.OLD_ADD.ADD/i_no_versal_es1_workaround.DSP/P[47:0] is not pipelined (PREG=0). Pipelining the DSP48 output will improve performance and often saves power so it is suggested whenever possible to fully pipeline this function.  If this DSP48 function was inferred, it is suggested to describe an additional register stage after this function.  If the DSP48 was instantiated in the design, it is suggested to set the PREG attribute to 1.
Related violations: <none>

DPOP-1#31 Warning
PREG Output pipelining  
DSP design_1_i/conv2d_stream_0/inst/grp_conv2d_stream_Pipeline_VITIS_LOOP_68_3_mainLoop_cols_fu_367/fmul_32ns_32ns_32_3_max_dsp_1_U76/conv2d_stream_fmul_32ns_32ns_32_3_max_dsp_1_ip_u/inst/i_synth/MULT.OP/i_non_prim.MULT/DSP48E1_SPD_SGL_VARIANT.FIX_MULT/DSP1/i_no_versal_es1_workaround.DSP output design_1_i/conv2d_stream_0/inst/grp_conv2d_stream_Pipeline_VITIS_LOOP_68_3_mainLoop_cols_fu_367/fmul_32ns_32ns_32_3_max_dsp_1_U76/conv2d_stream_fmul_32ns_32ns_32_3_max_dsp_1_ip_u/inst/i_synth/MULT.OP/i_non_prim.MULT/DSP48E1_SPD_SGL_VARIANT.FIX_MULT/DSP1/i_no_versal_es1_workaround.DSP/PATTERNDETECT is not pipelined (PREG=0). Pipelining the DSP48 output will improve performance and often saves power so it is suggested whenever possible to fully pipeline this function.  If this DSP48 function was inferred, it is suggested to describe an additional register stage after this function.  If the DSP48 was instantiated in the design, it is suggested to set the PREG attribute to 1.
Related violations: <none>

DPOP-1#32 Warning
PREG Output pipelining  
DSP design_1_i/conv2d_stream_0/inst/grp_conv2d_stream_Pipeline_VITIS_LOOP_68_3_mainLoop_cols_fu_367/fmul_32ns_32ns_32_3_max_dsp_1_U76/conv2d_stream_fmul_32ns_32ns_32_3_max_dsp_1_ip_u/inst/i_synth/MULT.OP/i_non_prim.MULT/DSP48E1_SPD_SGL_VARIANT.FIX_MULT/DSP2/i_no_versal_es1_workaround.DSP output design_1_i/conv2d_stream_0/inst/grp_conv2d_stream_Pipeline_VITIS_LOOP_68_3_mainLoop_cols_fu_367/fmul_32ns_32ns_32_3_max_dsp_1_U76/conv2d_stream_fmul_32ns_32ns_32_3_max_dsp_1_ip_u/inst/i_synth/MULT.OP/i_non_prim.MULT/DSP48E1_SPD_SGL_VARIANT.FIX_MULT/DSP2/i_no_versal_es1_workaround.DSP/PATTERNDETECT is not pipelined (PREG=0). Pipelining the DSP48 output will improve performance and often saves power so it is suggested whenever possible to fully pipeline this function.  If this DSP48 function was inferred, it is suggested to describe an additional register stage after this function.  If the DSP48 was instantiated in the design, it is suggested to set the PREG attribute to 1.
Related violations: <none>

DPOP-1#33 Warning
PREG Output pipelining  
DSP design_1_i/conv2d_stream_0/inst/grp_conv2d_stream_Pipeline_VITIS_LOOP_68_3_mainLoop_cols_fu_367/fmul_32ns_32ns_32_3_max_dsp_1_U76/conv2d_stream_fmul_32ns_32ns_32_3_max_dsp_1_ip_u/inst/i_synth/MULT.OP/i_non_prim.MULT/DSP48E1_SPD_SGL_VARIANT.FIX_MULT/DSP2/i_no_versal_es1_workaround.DSP output design_1_i/conv2d_stream_0/inst/grp_conv2d_stream_Pipeline_VITIS_LOOP_68_3_mainLoop_cols_fu_367/fmul_32ns_32ns_32_3_max_dsp_1_U76/conv2d_stream_fmul_32ns_32ns_32_3_max_dsp_1_ip_u/inst/i_synth/MULT.OP/i_non_prim.MULT/DSP48E1_SPD_SGL_VARIANT.FIX_MULT/DSP2/i_no_versal_es1_workaround.DSP/P[47:0] is not pipelined (PREG=0). Pipelining the DSP48 output will improve performance and often saves power so it is suggested whenever possible to fully pipeline this function.  If this DSP48 function was inferred, it is suggested to describe an additional register stage after this function.  If the DSP48 was instantiated in the design, it is suggested to set the PREG attribute to 1.
Related violations: <none>

DPOP-1#34 Warning
PREG Output pipelining  
DSP design_1_i/conv2d_stream_0/inst/grp_conv2d_stream_Pipeline_VITIS_LOOP_68_3_mainLoop_cols_fu_367/fmul_32ns_32ns_32_3_max_dsp_1_U76/conv2d_stream_fmul_32ns_32ns_32_3_max_dsp_1_ip_u/inst/i_synth/MULT.OP/i_non_prim.R_AND_R/LAT_OPT.FULL.R_AND_R/DSP48E1_SGL_EXP_IP.OLD_ADD.ADD/i_no_versal_es1_workaround.DSP output design_1_i/conv2d_stream_0/inst/grp_conv2d_stream_Pipeline_VITIS_LOOP_68_3_mainLoop_cols_fu_367/fmul_32ns_32ns_32_3_max_dsp_1_U76/conv2d_stream_fmul_32ns_32ns_32_3_max_dsp_1_ip_u/inst/i_synth/MULT.OP/i_non_prim.R_AND_R/LAT_OPT.FULL.R_AND_R/DSP48E1_SGL_EXP_IP.OLD_ADD.ADD/i_no_versal_es1_workaround.DSP/CARRYOUT[3:0] is not pipelined (PREG=0). Pipelining the DSP48 output will improve performance and often saves power so it is suggested whenever possible to fully pipeline this function.  If this DSP48 function was inferred, it is suggested to describe an additional register stage after this function.  If the DSP48 was instantiated in the design, it is suggested to set the PREG attribute to 1.
Related violations: <none>

DPOP-1#35 Warning
PREG Output pipelining  
DSP design_1_i/conv2d_stream_0/inst/grp_conv2d_stream_Pipeline_VITIS_LOOP_68_3_mainLoop_cols_fu_367/fmul_32ns_32ns_32_3_max_dsp_1_U76/conv2d_stream_fmul_32ns_32ns_32_3_max_dsp_1_ip_u/inst/i_synth/MULT.OP/i_non_prim.R_AND_R/LAT_OPT.FULL.R_AND_R/DSP48E1_SGL_EXP_IP.OLD_ADD.ADD/i_no_versal_es1_workaround.DSP output design_1_i/conv2d_stream_0/inst/grp_conv2d_stream_Pipeline_VITIS_LOOP_68_3_mainLoop_cols_fu_367/fmul_32ns_32ns_32_3_max_dsp_1_U76/conv2d_stream_fmul_32ns_32ns_32_3_max_dsp_1_ip_u/inst/i_synth/MULT.OP/i_non_prim.R_AND_R/LAT_OPT.FULL.R_AND_R/DSP48E1_SGL_EXP_IP.OLD_ADD.ADD/i_no_versal_es1_workaround.DSP/P[47:0] is not pipelined (PREG=0). Pipelining the DSP48 output will improve performance and often saves power so it is suggested whenever possible to fully pipeline this function.  If this DSP48 function was inferred, it is suggested to describe an additional register stage after this function.  If the DSP48 was instantiated in the design, it is suggested to set the PREG attribute to 1.
Related violations: <none>

DPOP-1#36 Warning
PREG Output pipelining  
DSP design_1_i/conv2d_stream_0/inst/grp_conv2d_stream_Pipeline_VITIS_LOOP_68_3_mainLoop_cols_fu_367/fmul_32ns_32ns_32_3_max_dsp_1_U77/conv2d_stream_fmul_32ns_32ns_32_3_max_dsp_1_ip_u/inst/i_synth/MULT.OP/i_non_prim.MULT/DSP48E1_SPD_SGL_VARIANT.FIX_MULT/DSP1/i_no_versal_es1_workaround.DSP output design_1_i/conv2d_stream_0/inst/grp_conv2d_stream_Pipeline_VITIS_LOOP_68_3_mainLoop_cols_fu_367/fmul_32ns_32ns_32_3_max_dsp_1_U77/conv2d_stream_fmul_32ns_32ns_32_3_max_dsp_1_ip_u/inst/i_synth/MULT.OP/i_non_prim.MULT/DSP48E1_SPD_SGL_VARIANT.FIX_MULT/DSP1/i_no_versal_es1_workaround.DSP/PATTERNDETECT is not pipelined (PREG=0). Pipelining the DSP48 output will improve performance and often saves power so it is suggested whenever possible to fully pipeline this function.  If this DSP48 function was inferred, it is suggested to describe an additional register stage after this function.  If the DSP48 was instantiated in the design, it is suggested to set the PREG attribute to 1.
Related violations: <none>

DPOP-1#37 Warning
PREG Output pipelining  
DSP design_1_i/conv2d_stream_0/inst/grp_conv2d_stream_Pipeline_VITIS_LOOP_68_3_mainLoop_cols_fu_367/fmul_32ns_32ns_32_3_max_dsp_1_U77/conv2d_stream_fmul_32ns_32ns_32_3_max_dsp_1_ip_u/inst/i_synth/MULT.OP/i_non_prim.MULT/DSP48E1_SPD_SGL_VARIANT.FIX_MULT/DSP2/i_no_versal_es1_workaround.DSP output design_1_i/conv2d_stream_0/inst/grp_conv2d_stream_Pipeline_VITIS_LOOP_68_3_mainLoop_cols_fu_367/fmul_32ns_32ns_32_3_max_dsp_1_U77/conv2d_stream_fmul_32ns_32ns_32_3_max_dsp_1_ip_u/inst/i_synth/MULT.OP/i_non_prim.MULT/DSP48E1_SPD_SGL_VARIANT.FIX_MULT/DSP2/i_no_versal_es1_workaround.DSP/PATTERNDETECT is not pipelined (PREG=0). Pipelining the DSP48 output will improve performance and often saves power so it is suggested whenever possible to fully pipeline this function.  If this DSP48 function was inferred, it is suggested to describe an additional register stage after this function.  If the DSP48 was instantiated in the design, it is suggested to set the PREG attribute to 1.
Related violations: <none>

DPOP-1#38 Warning
PREG Output pipelining  
DSP design_1_i/conv2d_stream_0/inst/grp_conv2d_stream_Pipeline_VITIS_LOOP_68_3_mainLoop_cols_fu_367/fmul_32ns_32ns_32_3_max_dsp_1_U77/conv2d_stream_fmul_32ns_32ns_32_3_max_dsp_1_ip_u/inst/i_synth/MULT.OP/i_non_prim.MULT/DSP48E1_SPD_SGL_VARIANT.FIX_MULT/DSP2/i_no_versal_es1_workaround.DSP output design_1_i/conv2d_stream_0/inst/grp_conv2d_stream_Pipeline_VITIS_LOOP_68_3_mainLoop_cols_fu_367/fmul_32ns_32ns_32_3_max_dsp_1_U77/conv2d_stream_fmul_32ns_32ns_32_3_max_dsp_1_ip_u/inst/i_synth/MULT.OP/i_non_prim.MULT/DSP48E1_SPD_SGL_VARIANT.FIX_MULT/DSP2/i_no_versal_es1_workaround.DSP/P[47:0] is not pipelined (PREG=0). Pipelining the DSP48 output will improve performance and often saves power so it is suggested whenever possible to fully pipeline this function.  If this DSP48 function was inferred, it is suggested to describe an additional register stage after this function.  If the DSP48 was instantiated in the design, it is suggested to set the PREG attribute to 1.
Related violations: <none>

DPOP-1#39 Warning
PREG Output pipelining  
DSP design_1_i/conv2d_stream_0/inst/grp_conv2d_stream_Pipeline_VITIS_LOOP_68_3_mainLoop_cols_fu_367/fmul_32ns_32ns_32_3_max_dsp_1_U77/conv2d_stream_fmul_32ns_32ns_32_3_max_dsp_1_ip_u/inst/i_synth/MULT.OP/i_non_prim.R_AND_R/LAT_OPT.FULL.R_AND_R/DSP48E1_SGL_EXP_IP.OLD_ADD.ADD/i_no_versal_es1_workaround.DSP output design_1_i/conv2d_stream_0/inst/grp_conv2d_stream_Pipeline_VITIS_LOOP_68_3_mainLoop_cols_fu_367/fmul_32ns_32ns_32_3_max_dsp_1_U77/conv2d_stream_fmul_32ns_32ns_32_3_max_dsp_1_ip_u/inst/i_synth/MULT.OP/i_non_prim.R_AND_R/LAT_OPT.FULL.R_AND_R/DSP48E1_SGL_EXP_IP.OLD_ADD.ADD/i_no_versal_es1_workaround.DSP/CARRYOUT[3:0] is not pipelined (PREG=0). Pipelining the DSP48 output will improve performance and often saves power so it is suggested whenever possible to fully pipeline this function.  If this DSP48 function was inferred, it is suggested to describe an additional register stage after this function.  If the DSP48 was instantiated in the design, it is suggested to set the PREG attribute to 1.
Related violations: <none>

DPOP-1#40 Warning
PREG Output pipelining  
DSP design_1_i/conv2d_stream_0/inst/grp_conv2d_stream_Pipeline_VITIS_LOOP_68_3_mainLoop_cols_fu_367/fmul_32ns_32ns_32_3_max_dsp_1_U77/conv2d_stream_fmul_32ns_32ns_32_3_max_dsp_1_ip_u/inst/i_synth/MULT.OP/i_non_prim.R_AND_R/LAT_OPT.FULL.R_AND_R/DSP48E1_SGL_EXP_IP.OLD_ADD.ADD/i_no_versal_es1_workaround.DSP output design_1_i/conv2d_stream_0/inst/grp_conv2d_stream_Pipeline_VITIS_LOOP_68_3_mainLoop_cols_fu_367/fmul_32ns_32ns_32_3_max_dsp_1_U77/conv2d_stream_fmul_32ns_32ns_32_3_max_dsp_1_ip_u/inst/i_synth/MULT.OP/i_non_prim.R_AND_R/LAT_OPT.FULL.R_AND_R/DSP48E1_SGL_EXP_IP.OLD_ADD.ADD/i_no_versal_es1_workaround.DSP/P[47:0] is not pipelined (PREG=0). Pipelining the DSP48 output will improve performance and often saves power so it is suggested whenever possible to fully pipeline this function.  If this DSP48 function was inferred, it is suggested to describe an additional register stage after this function.  If the DSP48 was instantiated in the design, it is suggested to set the PREG attribute to 1.
Related violations: <none>

DPOP-1#41 Warning
PREG Output pipelining  
DSP design_1_i/conv2d_stream_0/inst/grp_conv2d_stream_Pipeline_VITIS_LOOP_68_3_mainLoop_cols_fu_367/fmul_32ns_32ns_32_3_max_dsp_1_U78/conv2d_stream_fmul_32ns_32ns_32_3_max_dsp_1_ip_u/inst/i_synth/MULT.OP/i_non_prim.MULT/DSP48E1_SPD_SGL_VARIANT.FIX_MULT/DSP1/i_no_versal_es1_workaround.DSP output design_1_i/conv2d_stream_0/inst/grp_conv2d_stream_Pipeline_VITIS_LOOP_68_3_mainLoop_cols_fu_367/fmul_32ns_32ns_32_3_max_dsp_1_U78/conv2d_stream_fmul_32ns_32ns_32_3_max_dsp_1_ip_u/inst/i_synth/MULT.OP/i_non_prim.MULT/DSP48E1_SPD_SGL_VARIANT.FIX_MULT/DSP1/i_no_versal_es1_workaround.DSP/PATTERNDETECT is not pipelined (PREG=0). Pipelining the DSP48 output will improve performance and often saves power so it is suggested whenever possible to fully pipeline this function.  If this DSP48 function was inferred, it is suggested to describe an additional register stage after this function.  If the DSP48 was instantiated in the design, it is suggested to set the PREG attribute to 1.
Related violations: <none>

DPOP-1#42 Warning
PREG Output pipelining  
DSP design_1_i/conv2d_stream_0/inst/grp_conv2d_stream_Pipeline_VITIS_LOOP_68_3_mainLoop_cols_fu_367/fmul_32ns_32ns_32_3_max_dsp_1_U78/conv2d_stream_fmul_32ns_32ns_32_3_max_dsp_1_ip_u/inst/i_synth/MULT.OP/i_non_prim.MULT/DSP48E1_SPD_SGL_VARIANT.FIX_MULT/DSP2/i_no_versal_es1_workaround.DSP output design_1_i/conv2d_stream_0/inst/grp_conv2d_stream_Pipeline_VITIS_LOOP_68_3_mainLoop_cols_fu_367/fmul_32ns_32ns_32_3_max_dsp_1_U78/conv2d_stream_fmul_32ns_32ns_32_3_max_dsp_1_ip_u/inst/i_synth/MULT.OP/i_non_prim.MULT/DSP48E1_SPD_SGL_VARIANT.FIX_MULT/DSP2/i_no_versal_es1_workaround.DSP/PATTERNDETECT is not pipelined (PREG=0). Pipelining the DSP48 output will improve performance and often saves power so it is suggested whenever possible to fully pipeline this function.  If this DSP48 function was inferred, it is suggested to describe an additional register stage after this function.  If the DSP48 was instantiated in the design, it is suggested to set the PREG attribute to 1.
Related violations: <none>

DPOP-1#43 Warning
PREG Output pipelining  
DSP design_1_i/conv2d_stream_0/inst/grp_conv2d_stream_Pipeline_VITIS_LOOP_68_3_mainLoop_cols_fu_367/fmul_32ns_32ns_32_3_max_dsp_1_U78/conv2d_stream_fmul_32ns_32ns_32_3_max_dsp_1_ip_u/inst/i_synth/MULT.OP/i_non_prim.MULT/DSP48E1_SPD_SGL_VARIANT.FIX_MULT/DSP2/i_no_versal_es1_workaround.DSP output design_1_i/conv2d_stream_0/inst/grp_conv2d_stream_Pipeline_VITIS_LOOP_68_3_mainLoop_cols_fu_367/fmul_32ns_32ns_32_3_max_dsp_1_U78/conv2d_stream_fmul_32ns_32ns_32_3_max_dsp_1_ip_u/inst/i_synth/MULT.OP/i_non_prim.MULT/DSP48E1_SPD_SGL_VARIANT.FIX_MULT/DSP2/i_no_versal_es1_workaround.DSP/P[47:0] is not pipelined (PREG=0). Pipelining the DSP48 output will improve performance and often saves power so it is suggested whenever possible to fully pipeline this function.  If this DSP48 function was inferred, it is suggested to describe an additional register stage after this function.  If the DSP48 was instantiated in the design, it is suggested to set the PREG attribute to 1.
Related violations: <none>

DPOP-1#44 Warning
PREG Output pipelining  
DSP design_1_i/conv2d_stream_0/inst/grp_conv2d_stream_Pipeline_VITIS_LOOP_68_3_mainLoop_cols_fu_367/fmul_32ns_32ns_32_3_max_dsp_1_U78/conv2d_stream_fmul_32ns_32ns_32_3_max_dsp_1_ip_u/inst/i_synth/MULT.OP/i_non_prim.R_AND_R/LAT_OPT.FULL.R_AND_R/DSP48E1_SGL_EXP_IP.OLD_ADD.ADD/i_no_versal_es1_workaround.DSP output design_1_i/conv2d_stream_0/inst/grp_conv2d_stream_Pipeline_VITIS_LOOP_68_3_mainLoop_cols_fu_367/fmul_32ns_32ns_32_3_max_dsp_1_U78/conv2d_stream_fmul_32ns_32ns_32_3_max_dsp_1_ip_u/inst/i_synth/MULT.OP/i_non_prim.R_AND_R/LAT_OPT.FULL.R_AND_R/DSP48E1_SGL_EXP_IP.OLD_ADD.ADD/i_no_versal_es1_workaround.DSP/CARRYOUT[3:0] is not pipelined (PREG=0). Pipelining the DSP48 output will improve performance and often saves power so it is suggested whenever possible to fully pipeline this function.  If this DSP48 function was inferred, it is suggested to describe an additional register stage after this function.  If the DSP48 was instantiated in the design, it is suggested to set the PREG attribute to 1.
Related violations: <none>

DPOP-1#45 Warning
PREG Output pipelining  
DSP design_1_i/conv2d_stream_0/inst/grp_conv2d_stream_Pipeline_VITIS_LOOP_68_3_mainLoop_cols_fu_367/fmul_32ns_32ns_32_3_max_dsp_1_U78/conv2d_stream_fmul_32ns_32ns_32_3_max_dsp_1_ip_u/inst/i_synth/MULT.OP/i_non_prim.R_AND_R/LAT_OPT.FULL.R_AND_R/DSP48E1_SGL_EXP_IP.OLD_ADD.ADD/i_no_versal_es1_workaround.DSP output design_1_i/conv2d_stream_0/inst/grp_conv2d_stream_Pipeline_VITIS_LOOP_68_3_mainLoop_cols_fu_367/fmul_32ns_32ns_32_3_max_dsp_1_U78/conv2d_stream_fmul_32ns_32ns_32_3_max_dsp_1_ip_u/inst/i_synth/MULT.OP/i_non_prim.R_AND_R/LAT_OPT.FULL.R_AND_R/DSP48E1_SGL_EXP_IP.OLD_ADD.ADD/i_no_versal_es1_workaround.DSP/P[47:0] is not pipelined (PREG=0). Pipelining the DSP48 output will improve performance and often saves power so it is suggested whenever possible to fully pipeline this function.  If this DSP48 function was inferred, it is suggested to describe an additional register stage after this function.  If the DSP48 was instantiated in the design, it is suggested to set the PREG attribute to 1.
Related violations: <none>

DPOP-1#46 Warning
PREG Output pipelining  
DSP design_1_i/conv2d_stream_0/inst/grp_conv2d_stream_Pipeline_VITIS_LOOP_68_3_mainLoop_cols_fu_367/fmul_32ns_32ns_32_3_max_dsp_1_U79/conv2d_stream_fmul_32ns_32ns_32_3_max_dsp_1_ip_u/inst/i_synth/MULT.OP/i_non_prim.MULT/DSP48E1_SPD_SGL_VARIANT.FIX_MULT/DSP1/i_no_versal_es1_workaround.DSP output design_1_i/conv2d_stream_0/inst/grp_conv2d_stream_Pipeline_VITIS_LOOP_68_3_mainLoop_cols_fu_367/fmul_32ns_32ns_32_3_max_dsp_1_U79/conv2d_stream_fmul_32ns_32ns_32_3_max_dsp_1_ip_u/inst/i_synth/MULT.OP/i_non_prim.MULT/DSP48E1_SPD_SGL_VARIANT.FIX_MULT/DSP1/i_no_versal_es1_workaround.DSP/PATTERNDETECT is not pipelined (PREG=0). Pipelining the DSP48 output will improve performance and often saves power so it is suggested whenever possible to fully pipeline this function.  If this DSP48 function was inferred, it is suggested to describe an additional register stage after this function.  If the DSP48 was instantiated in the design, it is suggested to set the PREG attribute to 1.
Related violations: <none>

DPOP-1#47 Warning
PREG Output pipelining  
DSP design_1_i/conv2d_stream_0/inst/grp_conv2d_stream_Pipeline_VITIS_LOOP_68_3_mainLoop_cols_fu_367/fmul_32ns_32ns_32_3_max_dsp_1_U79/conv2d_stream_fmul_32ns_32ns_32_3_max_dsp_1_ip_u/inst/i_synth/MULT.OP/i_non_prim.MULT/DSP48E1_SPD_SGL_VARIANT.FIX_MULT/DSP2/i_no_versal_es1_workaround.DSP output design_1_i/conv2d_stream_0/inst/grp_conv2d_stream_Pipeline_VITIS_LOOP_68_3_mainLoop_cols_fu_367/fmul_32ns_32ns_32_3_max_dsp_1_U79/conv2d_stream_fmul_32ns_32ns_32_3_max_dsp_1_ip_u/inst/i_synth/MULT.OP/i_non_prim.MULT/DSP48E1_SPD_SGL_VARIANT.FIX_MULT/DSP2/i_no_versal_es1_workaround.DSP/PATTERNDETECT is not pipelined (PREG=0). Pipelining the DSP48 output will improve performance and often saves power so it is suggested whenever possible to fully pipeline this function.  If this DSP48 function was inferred, it is suggested to describe an additional register stage after this function.  If the DSP48 was instantiated in the design, it is suggested to set the PREG attribute to 1.
Related violations: <none>

DPOP-1#48 Warning
PREG Output pipelining  
DSP design_1_i/conv2d_stream_0/inst/grp_conv2d_stream_Pipeline_VITIS_LOOP_68_3_mainLoop_cols_fu_367/fmul_32ns_32ns_32_3_max_dsp_1_U79/conv2d_stream_fmul_32ns_32ns_32_3_max_dsp_1_ip_u/inst/i_synth/MULT.OP/i_non_prim.MULT/DSP48E1_SPD_SGL_VARIANT.FIX_MULT/DSP2/i_no_versal_es1_workaround.DSP output design_1_i/conv2d_stream_0/inst/grp_conv2d_stream_Pipeline_VITIS_LOOP_68_3_mainLoop_cols_fu_367/fmul_32ns_32ns_32_3_max_dsp_1_U79/conv2d_stream_fmul_32ns_32ns_32_3_max_dsp_1_ip_u/inst/i_synth/MULT.OP/i_non_prim.MULT/DSP48E1_SPD_SGL_VARIANT.FIX_MULT/DSP2/i_no_versal_es1_workaround.DSP/P[47:0] is not pipelined (PREG=0). Pipelining the DSP48 output will improve performance and often saves power so it is suggested whenever possible to fully pipeline this function.  If this DSP48 function was inferred, it is suggested to describe an additional register stage after this function.  If the DSP48 was instantiated in the design, it is suggested to set the PREG attribute to 1.
Related violations: <none>

DPOP-1#49 Warning
PREG Output pipelining  
DSP design_1_i/conv2d_stream_0/inst/grp_conv2d_stream_Pipeline_VITIS_LOOP_68_3_mainLoop_cols_fu_367/fmul_32ns_32ns_32_3_max_dsp_1_U79/conv2d_stream_fmul_32ns_32ns_32_3_max_dsp_1_ip_u/inst/i_synth/MULT.OP/i_non_prim.R_AND_R/LAT_OPT.FULL.R_AND_R/DSP48E1_SGL_EXP_IP.OLD_ADD.ADD/i_no_versal_es1_workaround.DSP output design_1_i/conv2d_stream_0/inst/grp_conv2d_stream_Pipeline_VITIS_LOOP_68_3_mainLoop_cols_fu_367/fmul_32ns_32ns_32_3_max_dsp_1_U79/conv2d_stream_fmul_32ns_32ns_32_3_max_dsp_1_ip_u/inst/i_synth/MULT.OP/i_non_prim.R_AND_R/LAT_OPT.FULL.R_AND_R/DSP48E1_SGL_EXP_IP.OLD_ADD.ADD/i_no_versal_es1_workaround.DSP/CARRYOUT[3:0] is not pipelined (PREG=0). Pipelining the DSP48 output will improve performance and often saves power so it is suggested whenever possible to fully pipeline this function.  If this DSP48 function was inferred, it is suggested to describe an additional register stage after this function.  If the DSP48 was instantiated in the design, it is suggested to set the PREG attribute to 1.
Related violations: <none>

DPOP-1#50 Warning
PREG Output pipelining  
DSP design_1_i/conv2d_stream_0/inst/grp_conv2d_stream_Pipeline_VITIS_LOOP_68_3_mainLoop_cols_fu_367/fmul_32ns_32ns_32_3_max_dsp_1_U79/conv2d_stream_fmul_32ns_32ns_32_3_max_dsp_1_ip_u/inst/i_synth/MULT.OP/i_non_prim.R_AND_R/LAT_OPT.FULL.R_AND_R/DSP48E1_SGL_EXP_IP.OLD_ADD.ADD/i_no_versal_es1_workaround.DSP output design_1_i/conv2d_stream_0/inst/grp_conv2d_stream_Pipeline_VITIS_LOOP_68_3_mainLoop_cols_fu_367/fmul_32ns_32ns_32_3_max_dsp_1_U79/conv2d_stream_fmul_32ns_32ns_32_3_max_dsp_1_ip_u/inst/i_synth/MULT.OP/i_non_prim.R_AND_R/LAT_OPT.FULL.R_AND_R/DSP48E1_SGL_EXP_IP.OLD_ADD.ADD/i_no_versal_es1_workaround.DSP/P[47:0] is not pipelined (PREG=0). Pipelining the DSP48 output will improve performance and often saves power so it is suggested whenever possible to fully pipeline this function.  If this DSP48 function was inferred, it is suggested to describe an additional register stage after this function.  If the DSP48 was instantiated in the design, it is suggested to set the PREG attribute to 1.
Related violations: <none>

DPOP-1#51 Warning
PREG Output pipelining  
DSP design_1_i/conv2d_stream_0/inst/grp_conv2d_stream_Pipeline_VITIS_LOOP_68_3_mainLoop_cols_fu_367/fmul_32ns_32ns_32_3_max_dsp_1_U80/conv2d_stream_fmul_32ns_32ns_32_3_max_dsp_1_ip_u/inst/i_synth/MULT.OP/i_non_prim.MULT/DSP48E1_SPD_SGL_VARIANT.FIX_MULT/DSP1/i_no_versal_es1_workaround.DSP output design_1_i/conv2d_stream_0/inst/grp_conv2d_stream_Pipeline_VITIS_LOOP_68_3_mainLoop_cols_fu_367/fmul_32ns_32ns_32_3_max_dsp_1_U80/conv2d_stream_fmul_32ns_32ns_32_3_max_dsp_1_ip_u/inst/i_synth/MULT.OP/i_non_prim.MULT/DSP48E1_SPD_SGL_VARIANT.FIX_MULT/DSP1/i_no_versal_es1_workaround.DSP/PATTERNDETECT is not pipelined (PREG=0). Pipelining the DSP48 output will improve performance and often saves power so it is suggested whenever possible to fully pipeline this function.  If this DSP48 function was inferred, it is suggested to describe an additional register stage after this function.  If the DSP48 was instantiated in the design, it is suggested to set the PREG attribute to 1.
Related violations: <none>

DPOP-1#52 Warning
PREG Output pipelining  
DSP design_1_i/conv2d_stream_0/inst/grp_conv2d_stream_Pipeline_VITIS_LOOP_68_3_mainLoop_cols_fu_367/fmul_32ns_32ns_32_3_max_dsp_1_U80/conv2d_stream_fmul_32ns_32ns_32_3_max_dsp_1_ip_u/inst/i_synth/MULT.OP/i_non_prim.MULT/DSP48E1_SPD_SGL_VARIANT.FIX_MULT/DSP2/i_no_versal_es1_workaround.DSP output design_1_i/conv2d_stream_0/inst/grp_conv2d_stream_Pipeline_VITIS_LOOP_68_3_mainLoop_cols_fu_367/fmul_32ns_32ns_32_3_max_dsp_1_U80/conv2d_stream_fmul_32ns_32ns_32_3_max_dsp_1_ip_u/inst/i_synth/MULT.OP/i_non_prim.MULT/DSP48E1_SPD_SGL_VARIANT.FIX_MULT/DSP2/i_no_versal_es1_workaround.DSP/PATTERNDETECT is not pipelined (PREG=0). Pipelining the DSP48 output will improve performance and often saves power so it is suggested whenever possible to fully pipeline this function.  If this DSP48 function was inferred, it is suggested to describe an additional register stage after this function.  If the DSP48 was instantiated in the design, it is suggested to set the PREG attribute to 1.
Related violations: <none>

DPOP-1#53 Warning
PREG Output pipelining  
DSP design_1_i/conv2d_stream_0/inst/grp_conv2d_stream_Pipeline_VITIS_LOOP_68_3_mainLoop_cols_fu_367/fmul_32ns_32ns_32_3_max_dsp_1_U80/conv2d_stream_fmul_32ns_32ns_32_3_max_dsp_1_ip_u/inst/i_synth/MULT.OP/i_non_prim.MULT/DSP48E1_SPD_SGL_VARIANT.FIX_MULT/DSP2/i_no_versal_es1_workaround.DSP output design_1_i/conv2d_stream_0/inst/grp_conv2d_stream_Pipeline_VITIS_LOOP_68_3_mainLoop_cols_fu_367/fmul_32ns_32ns_32_3_max_dsp_1_U80/conv2d_stream_fmul_32ns_32ns_32_3_max_dsp_1_ip_u/inst/i_synth/MULT.OP/i_non_prim.MULT/DSP48E1_SPD_SGL_VARIANT.FIX_MULT/DSP2/i_no_versal_es1_workaround.DSP/P[47:0] is not pipelined (PREG=0). Pipelining the DSP48 output will improve performance and often saves power so it is suggested whenever possible to fully pipeline this function.  If this DSP48 function was inferred, it is suggested to describe an additional register stage after this function.  If the DSP48 was instantiated in the design, it is suggested to set the PREG attribute to 1.
Related violations: <none>

DPOP-1#54 Warning
PREG Output pipelining  
DSP design_1_i/conv2d_stream_0/inst/grp_conv2d_stream_Pipeline_VITIS_LOOP_68_3_mainLoop_cols_fu_367/fmul_32ns_32ns_32_3_max_dsp_1_U80/conv2d_stream_fmul_32ns_32ns_32_3_max_dsp_1_ip_u/inst/i_synth/MULT.OP/i_non_prim.R_AND_R/LAT_OPT.FULL.R_AND_R/DSP48E1_SGL_EXP_IP.OLD_ADD.ADD/i_no_versal_es1_workaround.DSP output design_1_i/conv2d_stream_0/inst/grp_conv2d_stream_Pipeline_VITIS_LOOP_68_3_mainLoop_cols_fu_367/fmul_32ns_32ns_32_3_max_dsp_1_U80/conv2d_stream_fmul_32ns_32ns_32_3_max_dsp_1_ip_u/inst/i_synth/MULT.OP/i_non_prim.R_AND_R/LAT_OPT.FULL.R_AND_R/DSP48E1_SGL_EXP_IP.OLD_ADD.ADD/i_no_versal_es1_workaround.DSP/CARRYOUT[3:0] is not pipelined (PREG=0). Pipelining the DSP48 output will improve performance and often saves power so it is suggested whenever possible to fully pipeline this function.  If this DSP48 function was inferred, it is suggested to describe an additional register stage after this function.  If the DSP48 was instantiated in the design, it is suggested to set the PREG attribute to 1.
Related violations: <none>

DPOP-1#55 Warning
PREG Output pipelining  
DSP design_1_i/conv2d_stream_0/inst/grp_conv2d_stream_Pipeline_VITIS_LOOP_68_3_mainLoop_cols_fu_367/fmul_32ns_32ns_32_3_max_dsp_1_U80/conv2d_stream_fmul_32ns_32ns_32_3_max_dsp_1_ip_u/inst/i_synth/MULT.OP/i_non_prim.R_AND_R/LAT_OPT.FULL.R_AND_R/DSP48E1_SGL_EXP_IP.OLD_ADD.ADD/i_no_versal_es1_workaround.DSP output design_1_i/conv2d_stream_0/inst/grp_conv2d_stream_Pipeline_VITIS_LOOP_68_3_mainLoop_cols_fu_367/fmul_32ns_32ns_32_3_max_dsp_1_U80/conv2d_stream_fmul_32ns_32ns_32_3_max_dsp_1_ip_u/inst/i_synth/MULT.OP/i_non_prim.R_AND_R/LAT_OPT.FULL.R_AND_R/DSP48E1_SGL_EXP_IP.OLD_ADD.ADD/i_no_versal_es1_workaround.DSP/P[47:0] is not pipelined (PREG=0). Pipelining the DSP48 output will improve performance and often saves power so it is suggested whenever possible to fully pipeline this function.  If this DSP48 function was inferred, it is suggested to describe an additional register stage after this function.  If the DSP48 was instantiated in the design, it is suggested to set the PREG attribute to 1.
Related violations: <none>

DPOP-1#56 Warning
PREG Output pipelining  
DSP design_1_i/conv2d_stream_0/inst/grp_conv2d_stream_Pipeline_VITIS_LOOP_68_3_mainLoop_cols_fu_367/fmul_32ns_32ns_32_3_max_dsp_1_U81/conv2d_stream_fmul_32ns_32ns_32_3_max_dsp_1_ip_u/inst/i_synth/MULT.OP/i_non_prim.MULT/DSP48E1_SPD_SGL_VARIANT.FIX_MULT/DSP1/i_no_versal_es1_workaround.DSP output design_1_i/conv2d_stream_0/inst/grp_conv2d_stream_Pipeline_VITIS_LOOP_68_3_mainLoop_cols_fu_367/fmul_32ns_32ns_32_3_max_dsp_1_U81/conv2d_stream_fmul_32ns_32ns_32_3_max_dsp_1_ip_u/inst/i_synth/MULT.OP/i_non_prim.MULT/DSP48E1_SPD_SGL_VARIANT.FIX_MULT/DSP1/i_no_versal_es1_workaround.DSP/PATTERNDETECT is not pipelined (PREG=0). Pipelining the DSP48 output will improve performance and often saves power so it is suggested whenever possible to fully pipeline this function.  If this DSP48 function was inferred, it is suggested to describe an additional register stage after this function.  If the DSP48 was instantiated in the design, it is suggested to set the PREG attribute to 1.
Related violations: <none>

DPOP-1#57 Warning
PREG Output pipelining  
DSP design_1_i/conv2d_stream_0/inst/grp_conv2d_stream_Pipeline_VITIS_LOOP_68_3_mainLoop_cols_fu_367/fmul_32ns_32ns_32_3_max_dsp_1_U81/conv2d_stream_fmul_32ns_32ns_32_3_max_dsp_1_ip_u/inst/i_synth/MULT.OP/i_non_prim.MULT/DSP48E1_SPD_SGL_VARIANT.FIX_MULT/DSP2/i_no_versal_es1_workaround.DSP output design_1_i/conv2d_stream_0/inst/grp_conv2d_stream_Pipeline_VITIS_LOOP_68_3_mainLoop_cols_fu_367/fmul_32ns_32ns_32_3_max_dsp_1_U81/conv2d_stream_fmul_32ns_32ns_32_3_max_dsp_1_ip_u/inst/i_synth/MULT.OP/i_non_prim.MULT/DSP48E1_SPD_SGL_VARIANT.FIX_MULT/DSP2/i_no_versal_es1_workaround.DSP/PATTERNDETECT is not pipelined (PREG=0). Pipelining the DSP48 output will improve performance and often saves power so it is suggested whenever possible to fully pipeline this function.  If this DSP48 function was inferred, it is suggested to describe an additional register stage after this function.  If the DSP48 was instantiated in the design, it is suggested to set the PREG attribute to 1.
Related violations: <none>

DPOP-1#58 Warning
PREG Output pipelining  
DSP design_1_i/conv2d_stream_0/inst/grp_conv2d_stream_Pipeline_VITIS_LOOP_68_3_mainLoop_cols_fu_367/fmul_32ns_32ns_32_3_max_dsp_1_U81/conv2d_stream_fmul_32ns_32ns_32_3_max_dsp_1_ip_u/inst/i_synth/MULT.OP/i_non_prim.MULT/DSP48E1_SPD_SGL_VARIANT.FIX_MULT/DSP2/i_no_versal_es1_workaround.DSP output design_1_i/conv2d_stream_0/inst/grp_conv2d_stream_Pipeline_VITIS_LOOP_68_3_mainLoop_cols_fu_367/fmul_32ns_32ns_32_3_max_dsp_1_U81/conv2d_stream_fmul_32ns_32ns_32_3_max_dsp_1_ip_u/inst/i_synth/MULT.OP/i_non_prim.MULT/DSP48E1_SPD_SGL_VARIANT.FIX_MULT/DSP2/i_no_versal_es1_workaround.DSP/P[47:0] is not pipelined (PREG=0). Pipelining the DSP48 output will improve performance and often saves power so it is suggested whenever possible to fully pipeline this function.  If this DSP48 function was inferred, it is suggested to describe an additional register stage after this function.  If the DSP48 was instantiated in the design, it is suggested to set the PREG attribute to 1.
Related violations: <none>

DPOP-1#59 Warning
PREG Output pipelining  
DSP design_1_i/conv2d_stream_0/inst/grp_conv2d_stream_Pipeline_VITIS_LOOP_68_3_mainLoop_cols_fu_367/fmul_32ns_32ns_32_3_max_dsp_1_U81/conv2d_stream_fmul_32ns_32ns_32_3_max_dsp_1_ip_u/inst/i_synth/MULT.OP/i_non_prim.R_AND_R/LAT_OPT.FULL.R_AND_R/DSP48E1_SGL_EXP_IP.OLD_ADD.ADD/i_no_versal_es1_workaround.DSP output design_1_i/conv2d_stream_0/inst/grp_conv2d_stream_Pipeline_VITIS_LOOP_68_3_mainLoop_cols_fu_367/fmul_32ns_32ns_32_3_max_dsp_1_U81/conv2d_stream_fmul_32ns_32ns_32_3_max_dsp_1_ip_u/inst/i_synth/MULT.OP/i_non_prim.R_AND_R/LAT_OPT.FULL.R_AND_R/DSP48E1_SGL_EXP_IP.OLD_ADD.ADD/i_no_versal_es1_workaround.DSP/CARRYOUT[3:0] is not pipelined (PREG=0). Pipelining the DSP48 output will improve performance and often saves power so it is suggested whenever possible to fully pipeline this function.  If this DSP48 function was inferred, it is suggested to describe an additional register stage after this function.  If the DSP48 was instantiated in the design, it is suggested to set the PREG attribute to 1.
Related violations: <none>

DPOP-1#60 Warning
PREG Output pipelining  
DSP design_1_i/conv2d_stream_0/inst/grp_conv2d_stream_Pipeline_VITIS_LOOP_68_3_mainLoop_cols_fu_367/fmul_32ns_32ns_32_3_max_dsp_1_U81/conv2d_stream_fmul_32ns_32ns_32_3_max_dsp_1_ip_u/inst/i_synth/MULT.OP/i_non_prim.R_AND_R/LAT_OPT.FULL.R_AND_R/DSP48E1_SGL_EXP_IP.OLD_ADD.ADD/i_no_versal_es1_workaround.DSP output design_1_i/conv2d_stream_0/inst/grp_conv2d_stream_Pipeline_VITIS_LOOP_68_3_mainLoop_cols_fu_367/fmul_32ns_32ns_32_3_max_dsp_1_U81/conv2d_stream_fmul_32ns_32ns_32_3_max_dsp_1_ip_u/inst/i_synth/MULT.OP/i_non_prim.R_AND_R/LAT_OPT.FULL.R_AND_R/DSP48E1_SGL_EXP_IP.OLD_ADD.ADD/i_no_versal_es1_workaround.DSP/P[47:0] is not pipelined (PREG=0). Pipelining the DSP48 output will improve performance and often saves power so it is suggested whenever possible to fully pipeline this function.  If this DSP48 function was inferred, it is suggested to describe an additional register stage after this function.  If the DSP48 was instantiated in the design, it is suggested to set the PREG attribute to 1.
Related violations: <none>

DPOP-1#61 Warning
PREG Output pipelining  
DSP design_1_i/conv2d_stream_0/inst/grp_conv2d_stream_Pipeline_VITIS_LOOP_68_3_mainLoop_cols_fu_367/fmul_32ns_32ns_32_3_max_dsp_1_U82/conv2d_stream_fmul_32ns_32ns_32_3_max_dsp_1_ip_u/inst/i_synth/MULT.OP/i_non_prim.MULT/DSP48E1_SPD_SGL_VARIANT.FIX_MULT/DSP1/i_no_versal_es1_workaround.DSP output design_1_i/conv2d_stream_0/inst/grp_conv2d_stream_Pipeline_VITIS_LOOP_68_3_mainLoop_cols_fu_367/fmul_32ns_32ns_32_3_max_dsp_1_U82/conv2d_stream_fmul_32ns_32ns_32_3_max_dsp_1_ip_u/inst/i_synth/MULT.OP/i_non_prim.MULT/DSP48E1_SPD_SGL_VARIANT.FIX_MULT/DSP1/i_no_versal_es1_workaround.DSP/PATTERNDETECT is not pipelined (PREG=0). Pipelining the DSP48 output will improve performance and often saves power so it is suggested whenever possible to fully pipeline this function.  If this DSP48 function was inferred, it is suggested to describe an additional register stage after this function.  If the DSP48 was instantiated in the design, it is suggested to set the PREG attribute to 1.
Related violations: <none>

DPOP-1#62 Warning
PREG Output pipelining  
DSP design_1_i/conv2d_stream_0/inst/grp_conv2d_stream_Pipeline_VITIS_LOOP_68_3_mainLoop_cols_fu_367/fmul_32ns_32ns_32_3_max_dsp_1_U82/conv2d_stream_fmul_32ns_32ns_32_3_max_dsp_1_ip_u/inst/i_synth/MULT.OP/i_non_prim.MULT/DSP48E1_SPD_SGL_VARIANT.FIX_MULT/DSP2/i_no_versal_es1_workaround.DSP output design_1_i/conv2d_stream_0/inst/grp_conv2d_stream_Pipeline_VITIS_LOOP_68_3_mainLoop_cols_fu_367/fmul_32ns_32ns_32_3_max_dsp_1_U82/conv2d_stream_fmul_32ns_32ns_32_3_max_dsp_1_ip_u/inst/i_synth/MULT.OP/i_non_prim.MULT/DSP48E1_SPD_SGL_VARIANT.FIX_MULT/DSP2/i_no_versal_es1_workaround.DSP/PATTERNDETECT is not pipelined (PREG=0). Pipelining the DSP48 output will improve performance and often saves power so it is suggested whenever possible to fully pipeline this function.  If this DSP48 function was inferred, it is suggested to describe an additional register stage after this function.  If the DSP48 was instantiated in the design, it is suggested to set the PREG attribute to 1.
Related violations: <none>

DPOP-1#63 Warning
PREG Output pipelining  
DSP design_1_i/conv2d_stream_0/inst/grp_conv2d_stream_Pipeline_VITIS_LOOP_68_3_mainLoop_cols_fu_367/fmul_32ns_32ns_32_3_max_dsp_1_U82/conv2d_stream_fmul_32ns_32ns_32_3_max_dsp_1_ip_u/inst/i_synth/MULT.OP/i_non_prim.MULT/DSP48E1_SPD_SGL_VARIANT.FIX_MULT/DSP2/i_no_versal_es1_workaround.DSP output design_1_i/conv2d_stream_0/inst/grp_conv2d_stream_Pipeline_VITIS_LOOP_68_3_mainLoop_cols_fu_367/fmul_32ns_32ns_32_3_max_dsp_1_U82/conv2d_stream_fmul_32ns_32ns_32_3_max_dsp_1_ip_u/inst/i_synth/MULT.OP/i_non_prim.MULT/DSP48E1_SPD_SGL_VARIANT.FIX_MULT/DSP2/i_no_versal_es1_workaround.DSP/P[47:0] is not pipelined (PREG=0). Pipelining the DSP48 output will improve performance and often saves power so it is suggested whenever possible to fully pipeline this function.  If this DSP48 function was inferred, it is suggested to describe an additional register stage after this function.  If the DSP48 was instantiated in the design, it is suggested to set the PREG attribute to 1.
Related violations: <none>

DPOP-1#64 Warning
PREG Output pipelining  
DSP design_1_i/conv2d_stream_0/inst/grp_conv2d_stream_Pipeline_VITIS_LOOP_68_3_mainLoop_cols_fu_367/fmul_32ns_32ns_32_3_max_dsp_1_U82/conv2d_stream_fmul_32ns_32ns_32_3_max_dsp_1_ip_u/inst/i_synth/MULT.OP/i_non_prim.R_AND_R/LAT_OPT.FULL.R_AND_R/DSP48E1_SGL_EXP_IP.OLD_ADD.ADD/i_no_versal_es1_workaround.DSP output design_1_i/conv2d_stream_0/inst/grp_conv2d_stream_Pipeline_VITIS_LOOP_68_3_mainLoop_cols_fu_367/fmul_32ns_32ns_32_3_max_dsp_1_U82/conv2d_stream_fmul_32ns_32ns_32_3_max_dsp_1_ip_u/inst/i_synth/MULT.OP/i_non_prim.R_AND_R/LAT_OPT.FULL.R_AND_R/DSP48E1_SGL_EXP_IP.OLD_ADD.ADD/i_no_versal_es1_workaround.DSP/CARRYOUT[3:0] is not pipelined (PREG=0). Pipelining the DSP48 output will improve performance and often saves power so it is suggested whenever possible to fully pipeline this function.  If this DSP48 function was inferred, it is suggested to describe an additional register stage after this function.  If the DSP48 was instantiated in the design, it is suggested to set the PREG attribute to 1.
Related violations: <none>

DPOP-1#65 Warning
PREG Output pipelining  
DSP design_1_i/conv2d_stream_0/inst/grp_conv2d_stream_Pipeline_VITIS_LOOP_68_3_mainLoop_cols_fu_367/fmul_32ns_32ns_32_3_max_dsp_1_U82/conv2d_stream_fmul_32ns_32ns_32_3_max_dsp_1_ip_u/inst/i_synth/MULT.OP/i_non_prim.R_AND_R/LAT_OPT.FULL.R_AND_R/DSP48E1_SGL_EXP_IP.OLD_ADD.ADD/i_no_versal_es1_workaround.DSP output design_1_i/conv2d_stream_0/inst/grp_conv2d_stream_Pipeline_VITIS_LOOP_68_3_mainLoop_cols_fu_367/fmul_32ns_32ns_32_3_max_dsp_1_U82/conv2d_stream_fmul_32ns_32ns_32_3_max_dsp_1_ip_u/inst/i_synth/MULT.OP/i_non_prim.R_AND_R/LAT_OPT.FULL.R_AND_R/DSP48E1_SGL_EXP_IP.OLD_ADD.ADD/i_no_versal_es1_workaround.DSP/P[47:0] is not pipelined (PREG=0). Pipelining the DSP48 output will improve performance and often saves power so it is suggested whenever possible to fully pipeline this function.  If this DSP48 function was inferred, it is suggested to describe an additional register stage after this function.  If the DSP48 was instantiated in the design, it is suggested to set the PREG attribute to 1.
Related violations: <none>

DPOP-1#66 Warning
PREG Output pipelining  
DSP design_1_i/conv2d_stream_0/inst/grp_conv2d_stream_Pipeline_VITIS_LOOP_68_3_mainLoop_cols_fu_367/fmul_32ns_32ns_32_3_max_dsp_1_U83/conv2d_stream_fmul_32ns_32ns_32_3_max_dsp_1_ip_u/inst/i_synth/MULT.OP/i_non_prim.MULT/DSP48E1_SPD_SGL_VARIANT.FIX_MULT/DSP1/i_no_versal_es1_workaround.DSP output design_1_i/conv2d_stream_0/inst/grp_conv2d_stream_Pipeline_VITIS_LOOP_68_3_mainLoop_cols_fu_367/fmul_32ns_32ns_32_3_max_dsp_1_U83/conv2d_stream_fmul_32ns_32ns_32_3_max_dsp_1_ip_u/inst/i_synth/MULT.OP/i_non_prim.MULT/DSP48E1_SPD_SGL_VARIANT.FIX_MULT/DSP1/i_no_versal_es1_workaround.DSP/PATTERNDETECT is not pipelined (PREG=0). Pipelining the DSP48 output will improve performance and often saves power so it is suggested whenever possible to fully pipeline this function.  If this DSP48 function was inferred, it is suggested to describe an additional register stage after this function.  If the DSP48 was instantiated in the design, it is suggested to set the PREG attribute to 1.
Related violations: <none>

DPOP-1#67 Warning
PREG Output pipelining  
DSP design_1_i/conv2d_stream_0/inst/grp_conv2d_stream_Pipeline_VITIS_LOOP_68_3_mainLoop_cols_fu_367/fmul_32ns_32ns_32_3_max_dsp_1_U83/conv2d_stream_fmul_32ns_32ns_32_3_max_dsp_1_ip_u/inst/i_synth/MULT.OP/i_non_prim.MULT/DSP48E1_SPD_SGL_VARIANT.FIX_MULT/DSP2/i_no_versal_es1_workaround.DSP output design_1_i/conv2d_stream_0/inst/grp_conv2d_stream_Pipeline_VITIS_LOOP_68_3_mainLoop_cols_fu_367/fmul_32ns_32ns_32_3_max_dsp_1_U83/conv2d_stream_fmul_32ns_32ns_32_3_max_dsp_1_ip_u/inst/i_synth/MULT.OP/i_non_prim.MULT/DSP48E1_SPD_SGL_VARIANT.FIX_MULT/DSP2/i_no_versal_es1_workaround.DSP/PATTERNDETECT is not pipelined (PREG=0). Pipelining the DSP48 output will improve performance and often saves power so it is suggested whenever possible to fully pipeline this function.  If this DSP48 function was inferred, it is suggested to describe an additional register stage after this function.  If the DSP48 was instantiated in the design, it is suggested to set the PREG attribute to 1.
Related violations: <none>

DPOP-1#68 Warning
PREG Output pipelining  
DSP design_1_i/conv2d_stream_0/inst/grp_conv2d_stream_Pipeline_VITIS_LOOP_68_3_mainLoop_cols_fu_367/fmul_32ns_32ns_32_3_max_dsp_1_U83/conv2d_stream_fmul_32ns_32ns_32_3_max_dsp_1_ip_u/inst/i_synth/MULT.OP/i_non_prim.MULT/DSP48E1_SPD_SGL_VARIANT.FIX_MULT/DSP2/i_no_versal_es1_workaround.DSP output design_1_i/conv2d_stream_0/inst/grp_conv2d_stream_Pipeline_VITIS_LOOP_68_3_mainLoop_cols_fu_367/fmul_32ns_32ns_32_3_max_dsp_1_U83/conv2d_stream_fmul_32ns_32ns_32_3_max_dsp_1_ip_u/inst/i_synth/MULT.OP/i_non_prim.MULT/DSP48E1_SPD_SGL_VARIANT.FIX_MULT/DSP2/i_no_versal_es1_workaround.DSP/P[47:0] is not pipelined (PREG=0). Pipelining the DSP48 output will improve performance and often saves power so it is suggested whenever possible to fully pipeline this function.  If this DSP48 function was inferred, it is suggested to describe an additional register stage after this function.  If the DSP48 was instantiated in the design, it is suggested to set the PREG attribute to 1.
Related violations: <none>

DPOP-1#69 Warning
PREG Output pipelining  
DSP design_1_i/conv2d_stream_0/inst/grp_conv2d_stream_Pipeline_VITIS_LOOP_68_3_mainLoop_cols_fu_367/fmul_32ns_32ns_32_3_max_dsp_1_U83/conv2d_stream_fmul_32ns_32ns_32_3_max_dsp_1_ip_u/inst/i_synth/MULT.OP/i_non_prim.R_AND_R/LAT_OPT.FULL.R_AND_R/DSP48E1_SGL_EXP_IP.OLD_ADD.ADD/i_no_versal_es1_workaround.DSP output design_1_i/conv2d_stream_0/inst/grp_conv2d_stream_Pipeline_VITIS_LOOP_68_3_mainLoop_cols_fu_367/fmul_32ns_32ns_32_3_max_dsp_1_U83/conv2d_stream_fmul_32ns_32ns_32_3_max_dsp_1_ip_u/inst/i_synth/MULT.OP/i_non_prim.R_AND_R/LAT_OPT.FULL.R_AND_R/DSP48E1_SGL_EXP_IP.OLD_ADD.ADD/i_no_versal_es1_workaround.DSP/CARRYOUT[3:0] is not pipelined (PREG=0). Pipelining the DSP48 output will improve performance and often saves power so it is suggested whenever possible to fully pipeline this function.  If this DSP48 function was inferred, it is suggested to describe an additional register stage after this function.  If the DSP48 was instantiated in the design, it is suggested to set the PREG attribute to 1.
Related violations: <none>

DPOP-1#70 Warning
PREG Output pipelining  
DSP design_1_i/conv2d_stream_0/inst/grp_conv2d_stream_Pipeline_VITIS_LOOP_68_3_mainLoop_cols_fu_367/fmul_32ns_32ns_32_3_max_dsp_1_U83/conv2d_stream_fmul_32ns_32ns_32_3_max_dsp_1_ip_u/inst/i_synth/MULT.OP/i_non_prim.R_AND_R/LAT_OPT.FULL.R_AND_R/DSP48E1_SGL_EXP_IP.OLD_ADD.ADD/i_no_versal_es1_workaround.DSP output design_1_i/conv2d_stream_0/inst/grp_conv2d_stream_Pipeline_VITIS_LOOP_68_3_mainLoop_cols_fu_367/fmul_32ns_32ns_32_3_max_dsp_1_U83/conv2d_stream_fmul_32ns_32ns_32_3_max_dsp_1_ip_u/inst/i_synth/MULT.OP/i_non_prim.R_AND_R/LAT_OPT.FULL.R_AND_R/DSP48E1_SGL_EXP_IP.OLD_ADD.ADD/i_no_versal_es1_workaround.DSP/P[47:0] is not pipelined (PREG=0). Pipelining the DSP48 output will improve performance and often saves power so it is suggested whenever possible to fully pipeline this function.  If this DSP48 function was inferred, it is suggested to describe an additional register stage after this function.  If the DSP48 was instantiated in the design, it is suggested to set the PREG attribute to 1.
Related violations: <none>

DPOP-1#71 Warning
PREG Output pipelining  
DSP design_1_i/conv2d_stream_0/inst/grp_conv2d_stream_Pipeline_VITIS_LOOP_68_3_mainLoop_cols_fu_367/fmul_32ns_32ns_32_3_max_dsp_1_U84/conv2d_stream_fmul_32ns_32ns_32_3_max_dsp_1_ip_u/inst/i_synth/MULT.OP/i_non_prim.MULT/DSP48E1_SPD_SGL_VARIANT.FIX_MULT/DSP1/i_no_versal_es1_workaround.DSP output design_1_i/conv2d_stream_0/inst/grp_conv2d_stream_Pipeline_VITIS_LOOP_68_3_mainLoop_cols_fu_367/fmul_32ns_32ns_32_3_max_dsp_1_U84/conv2d_stream_fmul_32ns_32ns_32_3_max_dsp_1_ip_u/inst/i_synth/MULT.OP/i_non_prim.MULT/DSP48E1_SPD_SGL_VARIANT.FIX_MULT/DSP1/i_no_versal_es1_workaround.DSP/PATTERNDETECT is not pipelined (PREG=0). Pipelining the DSP48 output will improve performance and often saves power so it is suggested whenever possible to fully pipeline this function.  If this DSP48 function was inferred, it is suggested to describe an additional register stage after this function.  If the DSP48 was instantiated in the design, it is suggested to set the PREG attribute to 1.
Related violations: <none>

DPOP-1#72 Warning
PREG Output pipelining  
DSP design_1_i/conv2d_stream_0/inst/grp_conv2d_stream_Pipeline_VITIS_LOOP_68_3_mainLoop_cols_fu_367/fmul_32ns_32ns_32_3_max_dsp_1_U84/conv2d_stream_fmul_32ns_32ns_32_3_max_dsp_1_ip_u/inst/i_synth/MULT.OP/i_non_prim.MULT/DSP48E1_SPD_SGL_VARIANT.FIX_MULT/DSP2/i_no_versal_es1_workaround.DSP output design_1_i/conv2d_stream_0/inst/grp_conv2d_stream_Pipeline_VITIS_LOOP_68_3_mainLoop_cols_fu_367/fmul_32ns_32ns_32_3_max_dsp_1_U84/conv2d_stream_fmul_32ns_32ns_32_3_max_dsp_1_ip_u/inst/i_synth/MULT.OP/i_non_prim.MULT/DSP48E1_SPD_SGL_VARIANT.FIX_MULT/DSP2/i_no_versal_es1_workaround.DSP/PATTERNDETECT is not pipelined (PREG=0). Pipelining the DSP48 output will improve performance and often saves power so it is suggested whenever possible to fully pipeline this function.  If this DSP48 function was inferred, it is suggested to describe an additional register stage after this function.  If the DSP48 was instantiated in the design, it is suggested to set the PREG attribute to 1.
Related violations: <none>

DPOP-1#73 Warning
PREG Output pipelining  
DSP design_1_i/conv2d_stream_0/inst/grp_conv2d_stream_Pipeline_VITIS_LOOP_68_3_mainLoop_cols_fu_367/fmul_32ns_32ns_32_3_max_dsp_1_U84/conv2d_stream_fmul_32ns_32ns_32_3_max_dsp_1_ip_u/inst/i_synth/MULT.OP/i_non_prim.MULT/DSP48E1_SPD_SGL_VARIANT.FIX_MULT/DSP2/i_no_versal_es1_workaround.DSP output design_1_i/conv2d_stream_0/inst/grp_conv2d_stream_Pipeline_VITIS_LOOP_68_3_mainLoop_cols_fu_367/fmul_32ns_32ns_32_3_max_dsp_1_U84/conv2d_stream_fmul_32ns_32ns_32_3_max_dsp_1_ip_u/inst/i_synth/MULT.OP/i_non_prim.MULT/DSP48E1_SPD_SGL_VARIANT.FIX_MULT/DSP2/i_no_versal_es1_workaround.DSP/P[47:0] is not pipelined (PREG=0). Pipelining the DSP48 output will improve performance and often saves power so it is suggested whenever possible to fully pipeline this function.  If this DSP48 function was inferred, it is suggested to describe an additional register stage after this function.  If the DSP48 was instantiated in the design, it is suggested to set the PREG attribute to 1.
Related violations: <none>

DPOP-1#74 Warning
PREG Output pipelining  
DSP design_1_i/conv2d_stream_0/inst/grp_conv2d_stream_Pipeline_VITIS_LOOP_68_3_mainLoop_cols_fu_367/fmul_32ns_32ns_32_3_max_dsp_1_U84/conv2d_stream_fmul_32ns_32ns_32_3_max_dsp_1_ip_u/inst/i_synth/MULT.OP/i_non_prim.R_AND_R/LAT_OPT.FULL.R_AND_R/DSP48E1_SGL_EXP_IP.OLD_ADD.ADD/i_no_versal_es1_workaround.DSP output design_1_i/conv2d_stream_0/inst/grp_conv2d_stream_Pipeline_VITIS_LOOP_68_3_mainLoop_cols_fu_367/fmul_32ns_32ns_32_3_max_dsp_1_U84/conv2d_stream_fmul_32ns_32ns_32_3_max_dsp_1_ip_u/inst/i_synth/MULT.OP/i_non_prim.R_AND_R/LAT_OPT.FULL.R_AND_R/DSP48E1_SGL_EXP_IP.OLD_ADD.ADD/i_no_versal_es1_workaround.DSP/CARRYOUT[3:0] is not pipelined (PREG=0). Pipelining the DSP48 output will improve performance and often saves power so it is suggested whenever possible to fully pipeline this function.  If this DSP48 function was inferred, it is suggested to describe an additional register stage after this function.  If the DSP48 was instantiated in the design, it is suggested to set the PREG attribute to 1.
Related violations: <none>

DPOP-1#75 Warning
PREG Output pipelining  
DSP design_1_i/conv2d_stream_0/inst/grp_conv2d_stream_Pipeline_VITIS_LOOP_68_3_mainLoop_cols_fu_367/fmul_32ns_32ns_32_3_max_dsp_1_U84/conv2d_stream_fmul_32ns_32ns_32_3_max_dsp_1_ip_u/inst/i_synth/MULT.OP/i_non_prim.R_AND_R/LAT_OPT.FULL.R_AND_R/DSP48E1_SGL_EXP_IP.OLD_ADD.ADD/i_no_versal_es1_workaround.DSP output design_1_i/conv2d_stream_0/inst/grp_conv2d_stream_Pipeline_VITIS_LOOP_68_3_mainLoop_cols_fu_367/fmul_32ns_32ns_32_3_max_dsp_1_U84/conv2d_stream_fmul_32ns_32ns_32_3_max_dsp_1_ip_u/inst/i_synth/MULT.OP/i_non_prim.R_AND_R/LAT_OPT.FULL.R_AND_R/DSP48E1_SGL_EXP_IP.OLD_ADD.ADD/i_no_versal_es1_workaround.DSP/P[47:0] is not pipelined (PREG=0). Pipelining the DSP48 output will improve performance and often saves power so it is suggested whenever possible to fully pipeline this function.  If this DSP48 function was inferred, it is suggested to describe an additional register stage after this function.  If the DSP48 was instantiated in the design, it is suggested to set the PREG attribute to 1.
Related violations: <none>

DPOP-1#76 Warning
PREG Output pipelining  
DSP design_1_i/conv2d_stream_0/inst/grp_conv2d_stream_Pipeline_VITIS_LOOP_68_3_mainLoop_cols_fu_367/fmul_32ns_32ns_32_3_max_dsp_1_U85/conv2d_stream_fmul_32ns_32ns_32_3_max_dsp_1_ip_u/inst/i_synth/MULT.OP/i_non_prim.MULT/DSP48E1_SPD_SGL_VARIANT.FIX_MULT/DSP1/i_no_versal_es1_workaround.DSP output design_1_i/conv2d_stream_0/inst/grp_conv2d_stream_Pipeline_VITIS_LOOP_68_3_mainLoop_cols_fu_367/fmul_32ns_32ns_32_3_max_dsp_1_U85/conv2d_stream_fmul_32ns_32ns_32_3_max_dsp_1_ip_u/inst/i_synth/MULT.OP/i_non_prim.MULT/DSP48E1_SPD_SGL_VARIANT.FIX_MULT/DSP1/i_no_versal_es1_workaround.DSP/PATTERNDETECT is not pipelined (PREG=0). Pipelining the DSP48 output will improve performance and often saves power so it is suggested whenever possible to fully pipeline this function.  If this DSP48 function was inferred, it is suggested to describe an additional register stage after this function.  If the DSP48 was instantiated in the design, it is suggested to set the PREG attribute to 1.
Related violations: <none>

DPOP-1#77 Warning
PREG Output pipelining  
DSP design_1_i/conv2d_stream_0/inst/grp_conv2d_stream_Pipeline_VITIS_LOOP_68_3_mainLoop_cols_fu_367/fmul_32ns_32ns_32_3_max_dsp_1_U85/conv2d_stream_fmul_32ns_32ns_32_3_max_dsp_1_ip_u/inst/i_synth/MULT.OP/i_non_prim.MULT/DSP48E1_SPD_SGL_VARIANT.FIX_MULT/DSP2/i_no_versal_es1_workaround.DSP output design_1_i/conv2d_stream_0/inst/grp_conv2d_stream_Pipeline_VITIS_LOOP_68_3_mainLoop_cols_fu_367/fmul_32ns_32ns_32_3_max_dsp_1_U85/conv2d_stream_fmul_32ns_32ns_32_3_max_dsp_1_ip_u/inst/i_synth/MULT.OP/i_non_prim.MULT/DSP48E1_SPD_SGL_VARIANT.FIX_MULT/DSP2/i_no_versal_es1_workaround.DSP/PATTERNDETECT is not pipelined (PREG=0). Pipelining the DSP48 output will improve performance and often saves power so it is suggested whenever possible to fully pipeline this function.  If this DSP48 function was inferred, it is suggested to describe an additional register stage after this function.  If the DSP48 was instantiated in the design, it is suggested to set the PREG attribute to 1.
Related violations: <none>

DPOP-1#78 Warning
PREG Output pipelining  
DSP design_1_i/conv2d_stream_0/inst/grp_conv2d_stream_Pipeline_VITIS_LOOP_68_3_mainLoop_cols_fu_367/fmul_32ns_32ns_32_3_max_dsp_1_U85/conv2d_stream_fmul_32ns_32ns_32_3_max_dsp_1_ip_u/inst/i_synth/MULT.OP/i_non_prim.MULT/DSP48E1_SPD_SGL_VARIANT.FIX_MULT/DSP2/i_no_versal_es1_workaround.DSP output design_1_i/conv2d_stream_0/inst/grp_conv2d_stream_Pipeline_VITIS_LOOP_68_3_mainLoop_cols_fu_367/fmul_32ns_32ns_32_3_max_dsp_1_U85/conv2d_stream_fmul_32ns_32ns_32_3_max_dsp_1_ip_u/inst/i_synth/MULT.OP/i_non_prim.MULT/DSP48E1_SPD_SGL_VARIANT.FIX_MULT/DSP2/i_no_versal_es1_workaround.DSP/P[47:0] is not pipelined (PREG=0). Pipelining the DSP48 output will improve performance and often saves power so it is suggested whenever possible to fully pipeline this function.  If this DSP48 function was inferred, it is suggested to describe an additional register stage after this function.  If the DSP48 was instantiated in the design, it is suggested to set the PREG attribute to 1.
Related violations: <none>

DPOP-1#79 Warning
PREG Output pipelining  
DSP design_1_i/conv2d_stream_0/inst/grp_conv2d_stream_Pipeline_VITIS_LOOP_68_3_mainLoop_cols_fu_367/fmul_32ns_32ns_32_3_max_dsp_1_U85/conv2d_stream_fmul_32ns_32ns_32_3_max_dsp_1_ip_u/inst/i_synth/MULT.OP/i_non_prim.R_AND_R/LAT_OPT.FULL.R_AND_R/DSP48E1_SGL_EXP_IP.OLD_ADD.ADD/i_no_versal_es1_workaround.DSP output design_1_i/conv2d_stream_0/inst/grp_conv2d_stream_Pipeline_VITIS_LOOP_68_3_mainLoop_cols_fu_367/fmul_32ns_32ns_32_3_max_dsp_1_U85/conv2d_stream_fmul_32ns_32ns_32_3_max_dsp_1_ip_u/inst/i_synth/MULT.OP/i_non_prim.R_AND_R/LAT_OPT.FULL.R_AND_R/DSP48E1_SGL_EXP_IP.OLD_ADD.ADD/i_no_versal_es1_workaround.DSP/CARRYOUT[3:0] is not pipelined (PREG=0). Pipelining the DSP48 output will improve performance and often saves power so it is suggested whenever possible to fully pipeline this function.  If this DSP48 function was inferred, it is suggested to describe an additional register stage after this function.  If the DSP48 was instantiated in the design, it is suggested to set the PREG attribute to 1.
Related violations: <none>

DPOP-1#80 Warning
PREG Output pipelining  
DSP design_1_i/conv2d_stream_0/inst/grp_conv2d_stream_Pipeline_VITIS_LOOP_68_3_mainLoop_cols_fu_367/fmul_32ns_32ns_32_3_max_dsp_1_U85/conv2d_stream_fmul_32ns_32ns_32_3_max_dsp_1_ip_u/inst/i_synth/MULT.OP/i_non_prim.R_AND_R/LAT_OPT.FULL.R_AND_R/DSP48E1_SGL_EXP_IP.OLD_ADD.ADD/i_no_versal_es1_workaround.DSP output design_1_i/conv2d_stream_0/inst/grp_conv2d_stream_Pipeline_VITIS_LOOP_68_3_mainLoop_cols_fu_367/fmul_32ns_32ns_32_3_max_dsp_1_U85/conv2d_stream_fmul_32ns_32ns_32_3_max_dsp_1_ip_u/inst/i_synth/MULT.OP/i_non_prim.R_AND_R/LAT_OPT.FULL.R_AND_R/DSP48E1_SGL_EXP_IP.OLD_ADD.ADD/i_no_versal_es1_workaround.DSP/P[47:0] is not pipelined (PREG=0). Pipelining the DSP48 output will improve performance and often saves power so it is suggested whenever possible to fully pipeline this function.  If this DSP48 function was inferred, it is suggested to describe an additional register stage after this function.  If the DSP48 was instantiated in the design, it is suggested to set the PREG attribute to 1.
Related violations: <none>

DPOP-1#81 Warning
PREG Output pipelining  
DSP design_1_i/conv2d_stream_0/inst/grp_conv2d_stream_Pipeline_VITIS_LOOP_68_3_mainLoop_cols_fu_367/fmul_32ns_32ns_32_3_max_dsp_1_U86/conv2d_stream_fmul_32ns_32ns_32_3_max_dsp_1_ip_u/inst/i_synth/MULT.OP/i_non_prim.MULT/DSP48E1_SPD_SGL_VARIANT.FIX_MULT/DSP1/i_no_versal_es1_workaround.DSP output design_1_i/conv2d_stream_0/inst/grp_conv2d_stream_Pipeline_VITIS_LOOP_68_3_mainLoop_cols_fu_367/fmul_32ns_32ns_32_3_max_dsp_1_U86/conv2d_stream_fmul_32ns_32ns_32_3_max_dsp_1_ip_u/inst/i_synth/MULT.OP/i_non_prim.MULT/DSP48E1_SPD_SGL_VARIANT.FIX_MULT/DSP1/i_no_versal_es1_workaround.DSP/PATTERNDETECT is not pipelined (PREG=0). Pipelining the DSP48 output will improve performance and often saves power so it is suggested whenever possible to fully pipeline this function.  If this DSP48 function was inferred, it is suggested to describe an additional register stage after this function.  If the DSP48 was instantiated in the design, it is suggested to set the PREG attribute to 1.
Related violations: <none>

DPOP-1#82 Warning
PREG Output pipelining  
DSP design_1_i/conv2d_stream_0/inst/grp_conv2d_stream_Pipeline_VITIS_LOOP_68_3_mainLoop_cols_fu_367/fmul_32ns_32ns_32_3_max_dsp_1_U86/conv2d_stream_fmul_32ns_32ns_32_3_max_dsp_1_ip_u/inst/i_synth/MULT.OP/i_non_prim.MULT/DSP48E1_SPD_SGL_VARIANT.FIX_MULT/DSP2/i_no_versal_es1_workaround.DSP output design_1_i/conv2d_stream_0/inst/grp_conv2d_stream_Pipeline_VITIS_LOOP_68_3_mainLoop_cols_fu_367/fmul_32ns_32ns_32_3_max_dsp_1_U86/conv2d_stream_fmul_32ns_32ns_32_3_max_dsp_1_ip_u/inst/i_synth/MULT.OP/i_non_prim.MULT/DSP48E1_SPD_SGL_VARIANT.FIX_MULT/DSP2/i_no_versal_es1_workaround.DSP/PATTERNDETECT is not pipelined (PREG=0). Pipelining the DSP48 output will improve performance and often saves power so it is suggested whenever possible to fully pipeline this function.  If this DSP48 function was inferred, it is suggested to describe an additional register stage after this function.  If the DSP48 was instantiated in the design, it is suggested to set the PREG attribute to 1.
Related violations: <none>

DPOP-1#83 Warning
PREG Output pipelining  
DSP design_1_i/conv2d_stream_0/inst/grp_conv2d_stream_Pipeline_VITIS_LOOP_68_3_mainLoop_cols_fu_367/fmul_32ns_32ns_32_3_max_dsp_1_U86/conv2d_stream_fmul_32ns_32ns_32_3_max_dsp_1_ip_u/inst/i_synth/MULT.OP/i_non_prim.MULT/DSP48E1_SPD_SGL_VARIANT.FIX_MULT/DSP2/i_no_versal_es1_workaround.DSP output design_1_i/conv2d_stream_0/inst/grp_conv2d_stream_Pipeline_VITIS_LOOP_68_3_mainLoop_cols_fu_367/fmul_32ns_32ns_32_3_max_dsp_1_U86/conv2d_stream_fmul_32ns_32ns_32_3_max_dsp_1_ip_u/inst/i_synth/MULT.OP/i_non_prim.MULT/DSP48E1_SPD_SGL_VARIANT.FIX_MULT/DSP2/i_no_versal_es1_workaround.DSP/P[47:0] is not pipelined (PREG=0). Pipelining the DSP48 output will improve performance and often saves power so it is suggested whenever possible to fully pipeline this function.  If this DSP48 function was inferred, it is suggested to describe an additional register stage after this function.  If the DSP48 was instantiated in the design, it is suggested to set the PREG attribute to 1.
Related violations: <none>

DPOP-1#84 Warning
PREG Output pipelining  
DSP design_1_i/conv2d_stream_0/inst/grp_conv2d_stream_Pipeline_VITIS_LOOP_68_3_mainLoop_cols_fu_367/fmul_32ns_32ns_32_3_max_dsp_1_U86/conv2d_stream_fmul_32ns_32ns_32_3_max_dsp_1_ip_u/inst/i_synth/MULT.OP/i_non_prim.R_AND_R/LAT_OPT.FULL.R_AND_R/DSP48E1_SGL_EXP_IP.OLD_ADD.ADD/i_no_versal_es1_workaround.DSP output design_1_i/conv2d_stream_0/inst/grp_conv2d_stream_Pipeline_VITIS_LOOP_68_3_mainLoop_cols_fu_367/fmul_32ns_32ns_32_3_max_dsp_1_U86/conv2d_stream_fmul_32ns_32ns_32_3_max_dsp_1_ip_u/inst/i_synth/MULT.OP/i_non_prim.R_AND_R/LAT_OPT.FULL.R_AND_R/DSP48E1_SGL_EXP_IP.OLD_ADD.ADD/i_no_versal_es1_workaround.DSP/CARRYOUT[3:0] is not pipelined (PREG=0). Pipelining the DSP48 output will improve performance and often saves power so it is suggested whenever possible to fully pipeline this function.  If this DSP48 function was inferred, it is suggested to describe an additional register stage after this function.  If the DSP48 was instantiated in the design, it is suggested to set the PREG attribute to 1.
Related violations: <none>

DPOP-1#85 Warning
PREG Output pipelining  
DSP design_1_i/conv2d_stream_0/inst/grp_conv2d_stream_Pipeline_VITIS_LOOP_68_3_mainLoop_cols_fu_367/fmul_32ns_32ns_32_3_max_dsp_1_U86/conv2d_stream_fmul_32ns_32ns_32_3_max_dsp_1_ip_u/inst/i_synth/MULT.OP/i_non_prim.R_AND_R/LAT_OPT.FULL.R_AND_R/DSP48E1_SGL_EXP_IP.OLD_ADD.ADD/i_no_versal_es1_workaround.DSP output design_1_i/conv2d_stream_0/inst/grp_conv2d_stream_Pipeline_VITIS_LOOP_68_3_mainLoop_cols_fu_367/fmul_32ns_32ns_32_3_max_dsp_1_U86/conv2d_stream_fmul_32ns_32ns_32_3_max_dsp_1_ip_u/inst/i_synth/MULT.OP/i_non_prim.R_AND_R/LAT_OPT.FULL.R_AND_R/DSP48E1_SGL_EXP_IP.OLD_ADD.ADD/i_no_versal_es1_workaround.DSP/P[47:0] is not pipelined (PREG=0). Pipelining the DSP48 output will improve performance and often saves power so it is suggested whenever possible to fully pipeline this function.  If this DSP48 function was inferred, it is suggested to describe an additional register stage after this function.  If the DSP48 was instantiated in the design, it is suggested to set the PREG attribute to 1.
Related violations: <none>

DPOP-1#86 Warning
PREG Output pipelining  
DSP design_1_i/conv2d_stream_0/inst/grp_conv2d_stream_Pipeline_VITIS_LOOP_68_3_mainLoop_cols_fu_367/fmul_32ns_32ns_32_3_max_dsp_1_U87/conv2d_stream_fmul_32ns_32ns_32_3_max_dsp_1_ip_u/inst/i_synth/MULT.OP/i_non_prim.MULT/DSP48E1_SPD_SGL_VARIANT.FIX_MULT/DSP1/i_no_versal_es1_workaround.DSP output design_1_i/conv2d_stream_0/inst/grp_conv2d_stream_Pipeline_VITIS_LOOP_68_3_mainLoop_cols_fu_367/fmul_32ns_32ns_32_3_max_dsp_1_U87/conv2d_stream_fmul_32ns_32ns_32_3_max_dsp_1_ip_u/inst/i_synth/MULT.OP/i_non_prim.MULT/DSP48E1_SPD_SGL_VARIANT.FIX_MULT/DSP1/i_no_versal_es1_workaround.DSP/PATTERNDETECT is not pipelined (PREG=0). Pipelining the DSP48 output will improve performance and often saves power so it is suggested whenever possible to fully pipeline this function.  If this DSP48 function was inferred, it is suggested to describe an additional register stage after this function.  If the DSP48 was instantiated in the design, it is suggested to set the PREG attribute to 1.
Related violations: <none>

DPOP-1#87 Warning
PREG Output pipelining  
DSP design_1_i/conv2d_stream_0/inst/grp_conv2d_stream_Pipeline_VITIS_LOOP_68_3_mainLoop_cols_fu_367/fmul_32ns_32ns_32_3_max_dsp_1_U87/conv2d_stream_fmul_32ns_32ns_32_3_max_dsp_1_ip_u/inst/i_synth/MULT.OP/i_non_prim.MULT/DSP48E1_SPD_SGL_VARIANT.FIX_MULT/DSP2/i_no_versal_es1_workaround.DSP output design_1_i/conv2d_stream_0/inst/grp_conv2d_stream_Pipeline_VITIS_LOOP_68_3_mainLoop_cols_fu_367/fmul_32ns_32ns_32_3_max_dsp_1_U87/conv2d_stream_fmul_32ns_32ns_32_3_max_dsp_1_ip_u/inst/i_synth/MULT.OP/i_non_prim.MULT/DSP48E1_SPD_SGL_VARIANT.FIX_MULT/DSP2/i_no_versal_es1_workaround.DSP/PATTERNDETECT is not pipelined (PREG=0). Pipelining the DSP48 output will improve performance and often saves power so it is suggested whenever possible to fully pipeline this function.  If this DSP48 function was inferred, it is suggested to describe an additional register stage after this function.  If the DSP48 was instantiated in the design, it is suggested to set the PREG attribute to 1.
Related violations: <none>

DPOP-1#88 Warning
PREG Output pipelining  
DSP design_1_i/conv2d_stream_0/inst/grp_conv2d_stream_Pipeline_VITIS_LOOP_68_3_mainLoop_cols_fu_367/fmul_32ns_32ns_32_3_max_dsp_1_U87/conv2d_stream_fmul_32ns_32ns_32_3_max_dsp_1_ip_u/inst/i_synth/MULT.OP/i_non_prim.MULT/DSP48E1_SPD_SGL_VARIANT.FIX_MULT/DSP2/i_no_versal_es1_workaround.DSP output design_1_i/conv2d_stream_0/inst/grp_conv2d_stream_Pipeline_VITIS_LOOP_68_3_mainLoop_cols_fu_367/fmul_32ns_32ns_32_3_max_dsp_1_U87/conv2d_stream_fmul_32ns_32ns_32_3_max_dsp_1_ip_u/inst/i_synth/MULT.OP/i_non_prim.MULT/DSP48E1_SPD_SGL_VARIANT.FIX_MULT/DSP2/i_no_versal_es1_workaround.DSP/P[47:0] is not pipelined (PREG=0). Pipelining the DSP48 output will improve performance and often saves power so it is suggested whenever possible to fully pipeline this function.  If this DSP48 function was inferred, it is suggested to describe an additional register stage after this function.  If the DSP48 was instantiated in the design, it is suggested to set the PREG attribute to 1.
Related violations: <none>

DPOP-1#89 Warning
PREG Output pipelining  
DSP design_1_i/conv2d_stream_0/inst/grp_conv2d_stream_Pipeline_VITIS_LOOP_68_3_mainLoop_cols_fu_367/fmul_32ns_32ns_32_3_max_dsp_1_U87/conv2d_stream_fmul_32ns_32ns_32_3_max_dsp_1_ip_u/inst/i_synth/MULT.OP/i_non_prim.R_AND_R/LAT_OPT.FULL.R_AND_R/DSP48E1_SGL_EXP_IP.OLD_ADD.ADD/i_no_versal_es1_workaround.DSP output design_1_i/conv2d_stream_0/inst/grp_conv2d_stream_Pipeline_VITIS_LOOP_68_3_mainLoop_cols_fu_367/fmul_32ns_32ns_32_3_max_dsp_1_U87/conv2d_stream_fmul_32ns_32ns_32_3_max_dsp_1_ip_u/inst/i_synth/MULT.OP/i_non_prim.R_AND_R/LAT_OPT.FULL.R_AND_R/DSP48E1_SGL_EXP_IP.OLD_ADD.ADD/i_no_versal_es1_workaround.DSP/CARRYOUT[3:0] is not pipelined (PREG=0). Pipelining the DSP48 output will improve performance and often saves power so it is suggested whenever possible to fully pipeline this function.  If this DSP48 function was inferred, it is suggested to describe an additional register stage after this function.  If the DSP48 was instantiated in the design, it is suggested to set the PREG attribute to 1.
Related violations: <none>

DPOP-1#90 Warning
PREG Output pipelining  
DSP design_1_i/conv2d_stream_0/inst/grp_conv2d_stream_Pipeline_VITIS_LOOP_68_3_mainLoop_cols_fu_367/fmul_32ns_32ns_32_3_max_dsp_1_U87/conv2d_stream_fmul_32ns_32ns_32_3_max_dsp_1_ip_u/inst/i_synth/MULT.OP/i_non_prim.R_AND_R/LAT_OPT.FULL.R_AND_R/DSP48E1_SGL_EXP_IP.OLD_ADD.ADD/i_no_versal_es1_workaround.DSP output design_1_i/conv2d_stream_0/inst/grp_conv2d_stream_Pipeline_VITIS_LOOP_68_3_mainLoop_cols_fu_367/fmul_32ns_32ns_32_3_max_dsp_1_U87/conv2d_stream_fmul_32ns_32ns_32_3_max_dsp_1_ip_u/inst/i_synth/MULT.OP/i_non_prim.R_AND_R/LAT_OPT.FULL.R_AND_R/DSP48E1_SGL_EXP_IP.OLD_ADD.ADD/i_no_versal_es1_workaround.DSP/P[47:0] is not pipelined (PREG=0). Pipelining the DSP48 output will improve performance and often saves power so it is suggested whenever possible to fully pipeline this function.  If this DSP48 function was inferred, it is suggested to describe an additional register stage after this function.  If the DSP48 was instantiated in the design, it is suggested to set the PREG attribute to 1.
Related violations: <none>

DPOP-1#91 Warning
PREG Output pipelining  
DSP design_1_i/conv2d_stream_0/inst/grp_conv2d_stream_Pipeline_VITIS_LOOP_68_3_mainLoop_cols_fu_367/fmul_32ns_32ns_32_3_max_dsp_1_U88/conv2d_stream_fmul_32ns_32ns_32_3_max_dsp_1_ip_u/inst/i_synth/MULT.OP/i_non_prim.MULT/DSP48E1_SPD_SGL_VARIANT.FIX_MULT/DSP1/i_no_versal_es1_workaround.DSP output design_1_i/conv2d_stream_0/inst/grp_conv2d_stream_Pipeline_VITIS_LOOP_68_3_mainLoop_cols_fu_367/fmul_32ns_32ns_32_3_max_dsp_1_U88/conv2d_stream_fmul_32ns_32ns_32_3_max_dsp_1_ip_u/inst/i_synth/MULT.OP/i_non_prim.MULT/DSP48E1_SPD_SGL_VARIANT.FIX_MULT/DSP1/i_no_versal_es1_workaround.DSP/PATTERNDETECT is not pipelined (PREG=0). Pipelining the DSP48 output will improve performance and often saves power so it is suggested whenever possible to fully pipeline this function.  If this DSP48 function was inferred, it is suggested to describe an additional register stage after this function.  If the DSP48 was instantiated in the design, it is suggested to set the PREG attribute to 1.
Related violations: <none>

DPOP-1#92 Warning
PREG Output pipelining  
DSP design_1_i/conv2d_stream_0/inst/grp_conv2d_stream_Pipeline_VITIS_LOOP_68_3_mainLoop_cols_fu_367/fmul_32ns_32ns_32_3_max_dsp_1_U88/conv2d_stream_fmul_32ns_32ns_32_3_max_dsp_1_ip_u/inst/i_synth/MULT.OP/i_non_prim.MULT/DSP48E1_SPD_SGL_VARIANT.FIX_MULT/DSP2/i_no_versal_es1_workaround.DSP output design_1_i/conv2d_stream_0/inst/grp_conv2d_stream_Pipeline_VITIS_LOOP_68_3_mainLoop_cols_fu_367/fmul_32ns_32ns_32_3_max_dsp_1_U88/conv2d_stream_fmul_32ns_32ns_32_3_max_dsp_1_ip_u/inst/i_synth/MULT.OP/i_non_prim.MULT/DSP48E1_SPD_SGL_VARIANT.FIX_MULT/DSP2/i_no_versal_es1_workaround.DSP/PATTERNDETECT is not pipelined (PREG=0). Pipelining the DSP48 output will improve performance and often saves power so it is suggested whenever possible to fully pipeline this function.  If this DSP48 function was inferred, it is suggested to describe an additional register stage after this function.  If the DSP48 was instantiated in the design, it is suggested to set the PREG attribute to 1.
Related violations: <none>

DPOP-1#93 Warning
PREG Output pipelining  
DSP design_1_i/conv2d_stream_0/inst/grp_conv2d_stream_Pipeline_VITIS_LOOP_68_3_mainLoop_cols_fu_367/fmul_32ns_32ns_32_3_max_dsp_1_U88/conv2d_stream_fmul_32ns_32ns_32_3_max_dsp_1_ip_u/inst/i_synth/MULT.OP/i_non_prim.MULT/DSP48E1_SPD_SGL_VARIANT.FIX_MULT/DSP2/i_no_versal_es1_workaround.DSP output design_1_i/conv2d_stream_0/inst/grp_conv2d_stream_Pipeline_VITIS_LOOP_68_3_mainLoop_cols_fu_367/fmul_32ns_32ns_32_3_max_dsp_1_U88/conv2d_stream_fmul_32ns_32ns_32_3_max_dsp_1_ip_u/inst/i_synth/MULT.OP/i_non_prim.MULT/DSP48E1_SPD_SGL_VARIANT.FIX_MULT/DSP2/i_no_versal_es1_workaround.DSP/P[47:0] is not pipelined (PREG=0). Pipelining the DSP48 output will improve performance and often saves power so it is suggested whenever possible to fully pipeline this function.  If this DSP48 function was inferred, it is suggested to describe an additional register stage after this function.  If the DSP48 was instantiated in the design, it is suggested to set the PREG attribute to 1.
Related violations: <none>

DPOP-1#94 Warning
PREG Output pipelining  
DSP design_1_i/conv2d_stream_0/inst/grp_conv2d_stream_Pipeline_VITIS_LOOP_68_3_mainLoop_cols_fu_367/fmul_32ns_32ns_32_3_max_dsp_1_U88/conv2d_stream_fmul_32ns_32ns_32_3_max_dsp_1_ip_u/inst/i_synth/MULT.OP/i_non_prim.R_AND_R/LAT_OPT.FULL.R_AND_R/DSP48E1_SGL_EXP_IP.OLD_ADD.ADD/i_no_versal_es1_workaround.DSP output design_1_i/conv2d_stream_0/inst/grp_conv2d_stream_Pipeline_VITIS_LOOP_68_3_mainLoop_cols_fu_367/fmul_32ns_32ns_32_3_max_dsp_1_U88/conv2d_stream_fmul_32ns_32ns_32_3_max_dsp_1_ip_u/inst/i_synth/MULT.OP/i_non_prim.R_AND_R/LAT_OPT.FULL.R_AND_R/DSP48E1_SGL_EXP_IP.OLD_ADD.ADD/i_no_versal_es1_workaround.DSP/CARRYOUT[3:0] is not pipelined (PREG=0). Pipelining the DSP48 output will improve performance and often saves power so it is suggested whenever possible to fully pipeline this function.  If this DSP48 function was inferred, it is suggested to describe an additional register stage after this function.  If the DSP48 was instantiated in the design, it is suggested to set the PREG attribute to 1.
Related violations: <none>

DPOP-1#95 Warning
PREG Output pipelining  
DSP design_1_i/conv2d_stream_0/inst/grp_conv2d_stream_Pipeline_VITIS_LOOP_68_3_mainLoop_cols_fu_367/fmul_32ns_32ns_32_3_max_dsp_1_U88/conv2d_stream_fmul_32ns_32ns_32_3_max_dsp_1_ip_u/inst/i_synth/MULT.OP/i_non_prim.R_AND_R/LAT_OPT.FULL.R_AND_R/DSP48E1_SGL_EXP_IP.OLD_ADD.ADD/i_no_versal_es1_workaround.DSP output design_1_i/conv2d_stream_0/inst/grp_conv2d_stream_Pipeline_VITIS_LOOP_68_3_mainLoop_cols_fu_367/fmul_32ns_32ns_32_3_max_dsp_1_U88/conv2d_stream_fmul_32ns_32ns_32_3_max_dsp_1_ip_u/inst/i_synth/MULT.OP/i_non_prim.R_AND_R/LAT_OPT.FULL.R_AND_R/DSP48E1_SGL_EXP_IP.OLD_ADD.ADD/i_no_versal_es1_workaround.DSP/P[47:0] is not pipelined (PREG=0). Pipelining the DSP48 output will improve performance and often saves power so it is suggested whenever possible to fully pipeline this function.  If this DSP48 function was inferred, it is suggested to describe an additional register stage after this function.  If the DSP48 was instantiated in the design, it is suggested to set the PREG attribute to 1.
Related violations: <none>

DPOP-1#96 Warning
PREG Output pipelining  
DSP design_1_i/conv2d_stream_0/inst/grp_conv2d_stream_Pipeline_VITIS_LOOP_68_3_mainLoop_cols_fu_367/fmul_32ns_32ns_32_3_max_dsp_1_U89/conv2d_stream_fmul_32ns_32ns_32_3_max_dsp_1_ip_u/inst/i_synth/MULT.OP/i_non_prim.MULT/DSP48E1_SPD_SGL_VARIANT.FIX_MULT/DSP1/i_no_versal_es1_workaround.DSP output design_1_i/conv2d_stream_0/inst/grp_conv2d_stream_Pipeline_VITIS_LOOP_68_3_mainLoop_cols_fu_367/fmul_32ns_32ns_32_3_max_dsp_1_U89/conv2d_stream_fmul_32ns_32ns_32_3_max_dsp_1_ip_u/inst/i_synth/MULT.OP/i_non_prim.MULT/DSP48E1_SPD_SGL_VARIANT.FIX_MULT/DSP1/i_no_versal_es1_workaround.DSP/PATTERNDETECT is not pipelined (PREG=0). Pipelining the DSP48 output will improve performance and often saves power so it is suggested whenever possible to fully pipeline this function.  If this DSP48 function was inferred, it is suggested to describe an additional register stage after this function.  If the DSP48 was instantiated in the design, it is suggested to set the PREG attribute to 1.
Related violations: <none>

DPOP-1#97 Warning
PREG Output pipelining  
DSP design_1_i/conv2d_stream_0/inst/grp_conv2d_stream_Pipeline_VITIS_LOOP_68_3_mainLoop_cols_fu_367/fmul_32ns_32ns_32_3_max_dsp_1_U89/conv2d_stream_fmul_32ns_32ns_32_3_max_dsp_1_ip_u/inst/i_synth/MULT.OP/i_non_prim.MULT/DSP48E1_SPD_SGL_VARIANT.FIX_MULT/DSP2/i_no_versal_es1_workaround.DSP output design_1_i/conv2d_stream_0/inst/grp_conv2d_stream_Pipeline_VITIS_LOOP_68_3_mainLoop_cols_fu_367/fmul_32ns_32ns_32_3_max_dsp_1_U89/conv2d_stream_fmul_32ns_32ns_32_3_max_dsp_1_ip_u/inst/i_synth/MULT.OP/i_non_prim.MULT/DSP48E1_SPD_SGL_VARIANT.FIX_MULT/DSP2/i_no_versal_es1_workaround.DSP/PATTERNDETECT is not pipelined (PREG=0). Pipelining the DSP48 output will improve performance and often saves power so it is suggested whenever possible to fully pipeline this function.  If this DSP48 function was inferred, it is suggested to describe an additional register stage after this function.  If the DSP48 was instantiated in the design, it is suggested to set the PREG attribute to 1.
Related violations: <none>

DPOP-1#98 Warning
PREG Output pipelining  
DSP design_1_i/conv2d_stream_0/inst/grp_conv2d_stream_Pipeline_VITIS_LOOP_68_3_mainLoop_cols_fu_367/fmul_32ns_32ns_32_3_max_dsp_1_U89/conv2d_stream_fmul_32ns_32ns_32_3_max_dsp_1_ip_u/inst/i_synth/MULT.OP/i_non_prim.MULT/DSP48E1_SPD_SGL_VARIANT.FIX_MULT/DSP2/i_no_versal_es1_workaround.DSP output design_1_i/conv2d_stream_0/inst/grp_conv2d_stream_Pipeline_VITIS_LOOP_68_3_mainLoop_cols_fu_367/fmul_32ns_32ns_32_3_max_dsp_1_U89/conv2d_stream_fmul_32ns_32ns_32_3_max_dsp_1_ip_u/inst/i_synth/MULT.OP/i_non_prim.MULT/DSP48E1_SPD_SGL_VARIANT.FIX_MULT/DSP2/i_no_versal_es1_workaround.DSP/P[47:0] is not pipelined (PREG=0). Pipelining the DSP48 output will improve performance and often saves power so it is suggested whenever possible to fully pipeline this function.  If this DSP48 function was inferred, it is suggested to describe an additional register stage after this function.  If the DSP48 was instantiated in the design, it is suggested to set the PREG attribute to 1.
Related violations: <none>

DPOP-1#99 Warning
PREG Output pipelining  
DSP design_1_i/conv2d_stream_0/inst/grp_conv2d_stream_Pipeline_VITIS_LOOP_68_3_mainLoop_cols_fu_367/fmul_32ns_32ns_32_3_max_dsp_1_U89/conv2d_stream_fmul_32ns_32ns_32_3_max_dsp_1_ip_u/inst/i_synth/MULT.OP/i_non_prim.R_AND_R/LAT_OPT.FULL.R_AND_R/DSP48E1_SGL_EXP_IP.OLD_ADD.ADD/i_no_versal_es1_workaround.DSP output design_1_i/conv2d_stream_0/inst/grp_conv2d_stream_Pipeline_VITIS_LOOP_68_3_mainLoop_cols_fu_367/fmul_32ns_32ns_32_3_max_dsp_1_U89/conv2d_stream_fmul_32ns_32ns_32_3_max_dsp_1_ip_u/inst/i_synth/MULT.OP/i_non_prim.R_AND_R/LAT_OPT.FULL.R_AND_R/DSP48E1_SGL_EXP_IP.OLD_ADD.ADD/i_no_versal_es1_workaround.DSP/CARRYOUT[3:0] is not pipelined (PREG=0). Pipelining the DSP48 output will improve performance and often saves power so it is suggested whenever possible to fully pipeline this function.  If this DSP48 function was inferred, it is suggested to describe an additional register stage after this function.  If the DSP48 was instantiated in the design, it is suggested to set the PREG attribute to 1.
Related violations: <none>

DPOP-1#100 Warning
PREG Output pipelining  
DSP design_1_i/conv2d_stream_0/inst/grp_conv2d_stream_Pipeline_VITIS_LOOP_68_3_mainLoop_cols_fu_367/fmul_32ns_32ns_32_3_max_dsp_1_U89/conv2d_stream_fmul_32ns_32ns_32_3_max_dsp_1_ip_u/inst/i_synth/MULT.OP/i_non_prim.R_AND_R/LAT_OPT.FULL.R_AND_R/DSP48E1_SGL_EXP_IP.OLD_ADD.ADD/i_no_versal_es1_workaround.DSP output design_1_i/conv2d_stream_0/inst/grp_conv2d_stream_Pipeline_VITIS_LOOP_68_3_mainLoop_cols_fu_367/fmul_32ns_32ns_32_3_max_dsp_1_U89/conv2d_stream_fmul_32ns_32ns_32_3_max_dsp_1_ip_u/inst/i_synth/MULT.OP/i_non_prim.R_AND_R/LAT_OPT.FULL.R_AND_R/DSP48E1_SGL_EXP_IP.OLD_ADD.ADD/i_no_versal_es1_workaround.DSP/P[47:0] is not pipelined (PREG=0). Pipelining the DSP48 output will improve performance and often saves power so it is suggested whenever possible to fully pipeline this function.  If this DSP48 function was inferred, it is suggested to describe an additional register stage after this function.  If the DSP48 was instantiated in the design, it is suggested to set the PREG attribute to 1.
Related violations: <none>

DPOP-1#101 Warning
PREG Output pipelining  
DSP design_1_i/conv2d_stream_0/inst/grp_conv2d_stream_Pipeline_VITIS_LOOP_68_3_mainLoop_cols_fu_367/fmul_32ns_32ns_32_3_max_dsp_1_U90/conv2d_stream_fmul_32ns_32ns_32_3_max_dsp_1_ip_u/inst/i_synth/MULT.OP/i_non_prim.MULT/DSP48E1_SPD_SGL_VARIANT.FIX_MULT/DSP1/i_no_versal_es1_workaround.DSP output design_1_i/conv2d_stream_0/inst/grp_conv2d_stream_Pipeline_VITIS_LOOP_68_3_mainLoop_cols_fu_367/fmul_32ns_32ns_32_3_max_dsp_1_U90/conv2d_stream_fmul_32ns_32ns_32_3_max_dsp_1_ip_u/inst/i_synth/MULT.OP/i_non_prim.MULT/DSP48E1_SPD_SGL_VARIANT.FIX_MULT/DSP1/i_no_versal_es1_workaround.DSP/PATTERNDETECT is not pipelined (PREG=0). Pipelining the DSP48 output will improve performance and often saves power so it is suggested whenever possible to fully pipeline this function.  If this DSP48 function was inferred, it is suggested to describe an additional register stage after this function.  If the DSP48 was instantiated in the design, it is suggested to set the PREG attribute to 1.
Related violations: <none>

DPOP-1#102 Warning
PREG Output pipelining  
DSP design_1_i/conv2d_stream_0/inst/grp_conv2d_stream_Pipeline_VITIS_LOOP_68_3_mainLoop_cols_fu_367/fmul_32ns_32ns_32_3_max_dsp_1_U90/conv2d_stream_fmul_32ns_32ns_32_3_max_dsp_1_ip_u/inst/i_synth/MULT.OP/i_non_prim.MULT/DSP48E1_SPD_SGL_VARIANT.FIX_MULT/DSP2/i_no_versal_es1_workaround.DSP output design_1_i/conv2d_stream_0/inst/grp_conv2d_stream_Pipeline_VITIS_LOOP_68_3_mainLoop_cols_fu_367/fmul_32ns_32ns_32_3_max_dsp_1_U90/conv2d_stream_fmul_32ns_32ns_32_3_max_dsp_1_ip_u/inst/i_synth/MULT.OP/i_non_prim.MULT/DSP48E1_SPD_SGL_VARIANT.FIX_MULT/DSP2/i_no_versal_es1_workaround.DSP/PATTERNDETECT is not pipelined (PREG=0). Pipelining the DSP48 output will improve performance and often saves power so it is suggested whenever possible to fully pipeline this function.  If this DSP48 function was inferred, it is suggested to describe an additional register stage after this function.  If the DSP48 was instantiated in the design, it is suggested to set the PREG attribute to 1.
Related violations: <none>

DPOP-1#103 Warning
PREG Output pipelining  
DSP design_1_i/conv2d_stream_0/inst/grp_conv2d_stream_Pipeline_VITIS_LOOP_68_3_mainLoop_cols_fu_367/fmul_32ns_32ns_32_3_max_dsp_1_U90/conv2d_stream_fmul_32ns_32ns_32_3_max_dsp_1_ip_u/inst/i_synth/MULT.OP/i_non_prim.MULT/DSP48E1_SPD_SGL_VARIANT.FIX_MULT/DSP2/i_no_versal_es1_workaround.DSP output design_1_i/conv2d_stream_0/inst/grp_conv2d_stream_Pipeline_VITIS_LOOP_68_3_mainLoop_cols_fu_367/fmul_32ns_32ns_32_3_max_dsp_1_U90/conv2d_stream_fmul_32ns_32ns_32_3_max_dsp_1_ip_u/inst/i_synth/MULT.OP/i_non_prim.MULT/DSP48E1_SPD_SGL_VARIANT.FIX_MULT/DSP2/i_no_versal_es1_workaround.DSP/P[47:0] is not pipelined (PREG=0). Pipelining the DSP48 output will improve performance and often saves power so it is suggested whenever possible to fully pipeline this function.  If this DSP48 function was inferred, it is suggested to describe an additional register stage after this function.  If the DSP48 was instantiated in the design, it is suggested to set the PREG attribute to 1.
Related violations: <none>

DPOP-1#104 Warning
PREG Output pipelining  
DSP design_1_i/conv2d_stream_0/inst/grp_conv2d_stream_Pipeline_VITIS_LOOP_68_3_mainLoop_cols_fu_367/fmul_32ns_32ns_32_3_max_dsp_1_U90/conv2d_stream_fmul_32ns_32ns_32_3_max_dsp_1_ip_u/inst/i_synth/MULT.OP/i_non_prim.R_AND_R/LAT_OPT.FULL.R_AND_R/DSP48E1_SGL_EXP_IP.OLD_ADD.ADD/i_no_versal_es1_workaround.DSP output design_1_i/conv2d_stream_0/inst/grp_conv2d_stream_Pipeline_VITIS_LOOP_68_3_mainLoop_cols_fu_367/fmul_32ns_32ns_32_3_max_dsp_1_U90/conv2d_stream_fmul_32ns_32ns_32_3_max_dsp_1_ip_u/inst/i_synth/MULT.OP/i_non_prim.R_AND_R/LAT_OPT.FULL.R_AND_R/DSP48E1_SGL_EXP_IP.OLD_ADD.ADD/i_no_versal_es1_workaround.DSP/CARRYOUT[3:0] is not pipelined (PREG=0). Pipelining the DSP48 output will improve performance and often saves power so it is suggested whenever possible to fully pipeline this function.  If this DSP48 function was inferred, it is suggested to describe an additional register stage after this function.  If the DSP48 was instantiated in the design, it is suggested to set the PREG attribute to 1.
Related violations: <none>

DPOP-1#105 Warning
PREG Output pipelining  
DSP design_1_i/conv2d_stream_0/inst/grp_conv2d_stream_Pipeline_VITIS_LOOP_68_3_mainLoop_cols_fu_367/fmul_32ns_32ns_32_3_max_dsp_1_U90/conv2d_stream_fmul_32ns_32ns_32_3_max_dsp_1_ip_u/inst/i_synth/MULT.OP/i_non_prim.R_AND_R/LAT_OPT.FULL.R_AND_R/DSP48E1_SGL_EXP_IP.OLD_ADD.ADD/i_no_versal_es1_workaround.DSP output design_1_i/conv2d_stream_0/inst/grp_conv2d_stream_Pipeline_VITIS_LOOP_68_3_mainLoop_cols_fu_367/fmul_32ns_32ns_32_3_max_dsp_1_U90/conv2d_stream_fmul_32ns_32ns_32_3_max_dsp_1_ip_u/inst/i_synth/MULT.OP/i_non_prim.R_AND_R/LAT_OPT.FULL.R_AND_R/DSP48E1_SGL_EXP_IP.OLD_ADD.ADD/i_no_versal_es1_workaround.DSP/P[47:0] is not pipelined (PREG=0). Pipelining the DSP48 output will improve performance and often saves power so it is suggested whenever possible to fully pipeline this function.  If this DSP48 function was inferred, it is suggested to describe an additional register stage after this function.  If the DSP48 was instantiated in the design, it is suggested to set the PREG attribute to 1.
Related violations: <none>

DPOP-1#106 Warning
PREG Output pipelining  
DSP design_1_i/conv2d_stream_0/inst/grp_conv2d_stream_Pipeline_VITIS_LOOP_68_3_mainLoop_cols_fu_367/fmul_32ns_32ns_32_3_max_dsp_1_U91/conv2d_stream_fmul_32ns_32ns_32_3_max_dsp_1_ip_u/inst/i_synth/MULT.OP/i_non_prim.MULT/DSP48E1_SPD_SGL_VARIANT.FIX_MULT/DSP1/i_no_versal_es1_workaround.DSP output design_1_i/conv2d_stream_0/inst/grp_conv2d_stream_Pipeline_VITIS_LOOP_68_3_mainLoop_cols_fu_367/fmul_32ns_32ns_32_3_max_dsp_1_U91/conv2d_stream_fmul_32ns_32ns_32_3_max_dsp_1_ip_u/inst/i_synth/MULT.OP/i_non_prim.MULT/DSP48E1_SPD_SGL_VARIANT.FIX_MULT/DSP1/i_no_versal_es1_workaround.DSP/PATTERNDETECT is not pipelined (PREG=0). Pipelining the DSP48 output will improve performance and often saves power so it is suggested whenever possible to fully pipeline this function.  If this DSP48 function was inferred, it is suggested to describe an additional register stage after this function.  If the DSP48 was instantiated in the design, it is suggested to set the PREG attribute to 1.
Related violations: <none>

DPOP-1#107 Warning
PREG Output pipelining  
DSP design_1_i/conv2d_stream_0/inst/grp_conv2d_stream_Pipeline_VITIS_LOOP_68_3_mainLoop_cols_fu_367/fmul_32ns_32ns_32_3_max_dsp_1_U91/conv2d_stream_fmul_32ns_32ns_32_3_max_dsp_1_ip_u/inst/i_synth/MULT.OP/i_non_prim.MULT/DSP48E1_SPD_SGL_VARIANT.FIX_MULT/DSP2/i_no_versal_es1_workaround.DSP output design_1_i/conv2d_stream_0/inst/grp_conv2d_stream_Pipeline_VITIS_LOOP_68_3_mainLoop_cols_fu_367/fmul_32ns_32ns_32_3_max_dsp_1_U91/conv2d_stream_fmul_32ns_32ns_32_3_max_dsp_1_ip_u/inst/i_synth/MULT.OP/i_non_prim.MULT/DSP48E1_SPD_SGL_VARIANT.FIX_MULT/DSP2/i_no_versal_es1_workaround.DSP/PATTERNDETECT is not pipelined (PREG=0). Pipelining the DSP48 output will improve performance and often saves power so it is suggested whenever possible to fully pipeline this function.  If this DSP48 function was inferred, it is suggested to describe an additional register stage after this function.  If the DSP48 was instantiated in the design, it is suggested to set the PREG attribute to 1.
Related violations: <none>

DPOP-1#108 Warning
PREG Output pipelining  
DSP design_1_i/conv2d_stream_0/inst/grp_conv2d_stream_Pipeline_VITIS_LOOP_68_3_mainLoop_cols_fu_367/fmul_32ns_32ns_32_3_max_dsp_1_U91/conv2d_stream_fmul_32ns_32ns_32_3_max_dsp_1_ip_u/inst/i_synth/MULT.OP/i_non_prim.MULT/DSP48E1_SPD_SGL_VARIANT.FIX_MULT/DSP2/i_no_versal_es1_workaround.DSP output design_1_i/conv2d_stream_0/inst/grp_conv2d_stream_Pipeline_VITIS_LOOP_68_3_mainLoop_cols_fu_367/fmul_32ns_32ns_32_3_max_dsp_1_U91/conv2d_stream_fmul_32ns_32ns_32_3_max_dsp_1_ip_u/inst/i_synth/MULT.OP/i_non_prim.MULT/DSP48E1_SPD_SGL_VARIANT.FIX_MULT/DSP2/i_no_versal_es1_workaround.DSP/P[47:0] is not pipelined (PREG=0). Pipelining the DSP48 output will improve performance and often saves power so it is suggested whenever possible to fully pipeline this function.  If this DSP48 function was inferred, it is suggested to describe an additional register stage after this function.  If the DSP48 was instantiated in the design, it is suggested to set the PREG attribute to 1.
Related violations: <none>

DPOP-1#109 Warning
PREG Output pipelining  
DSP design_1_i/conv2d_stream_0/inst/grp_conv2d_stream_Pipeline_VITIS_LOOP_68_3_mainLoop_cols_fu_367/fmul_32ns_32ns_32_3_max_dsp_1_U91/conv2d_stream_fmul_32ns_32ns_32_3_max_dsp_1_ip_u/inst/i_synth/MULT.OP/i_non_prim.R_AND_R/LAT_OPT.FULL.R_AND_R/DSP48E1_SGL_EXP_IP.OLD_ADD.ADD/i_no_versal_es1_workaround.DSP output design_1_i/conv2d_stream_0/inst/grp_conv2d_stream_Pipeline_VITIS_LOOP_68_3_mainLoop_cols_fu_367/fmul_32ns_32ns_32_3_max_dsp_1_U91/conv2d_stream_fmul_32ns_32ns_32_3_max_dsp_1_ip_u/inst/i_synth/MULT.OP/i_non_prim.R_AND_R/LAT_OPT.FULL.R_AND_R/DSP48E1_SGL_EXP_IP.OLD_ADD.ADD/i_no_versal_es1_workaround.DSP/CARRYOUT[3:0] is not pipelined (PREG=0). Pipelining the DSP48 output will improve performance and often saves power so it is suggested whenever possible to fully pipeline this function.  If this DSP48 function was inferred, it is suggested to describe an additional register stage after this function.  If the DSP48 was instantiated in the design, it is suggested to set the PREG attribute to 1.
Related violations: <none>

DPOP-1#110 Warning
PREG Output pipelining  
DSP design_1_i/conv2d_stream_0/inst/grp_conv2d_stream_Pipeline_VITIS_LOOP_68_3_mainLoop_cols_fu_367/fmul_32ns_32ns_32_3_max_dsp_1_U91/conv2d_stream_fmul_32ns_32ns_32_3_max_dsp_1_ip_u/inst/i_synth/MULT.OP/i_non_prim.R_AND_R/LAT_OPT.FULL.R_AND_R/DSP48E1_SGL_EXP_IP.OLD_ADD.ADD/i_no_versal_es1_workaround.DSP output design_1_i/conv2d_stream_0/inst/grp_conv2d_stream_Pipeline_VITIS_LOOP_68_3_mainLoop_cols_fu_367/fmul_32ns_32ns_32_3_max_dsp_1_U91/conv2d_stream_fmul_32ns_32ns_32_3_max_dsp_1_ip_u/inst/i_synth/MULT.OP/i_non_prim.R_AND_R/LAT_OPT.FULL.R_AND_R/DSP48E1_SGL_EXP_IP.OLD_ADD.ADD/i_no_versal_es1_workaround.DSP/P[47:0] is not pipelined (PREG=0). Pipelining the DSP48 output will improve performance and often saves power so it is suggested whenever possible to fully pipeline this function.  If this DSP48 function was inferred, it is suggested to describe an additional register stage after this function.  If the DSP48 was instantiated in the design, it is suggested to set the PREG attribute to 1.
Related violations: <none>

DPOP-1#111 Warning
PREG Output pipelining  
DSP design_1_i/conv2d_stream_0/inst/grp_conv2d_stream_Pipeline_VITIS_LOOP_68_3_mainLoop_cols_fu_367/fmul_32ns_32ns_32_3_max_dsp_1_U92/conv2d_stream_fmul_32ns_32ns_32_3_max_dsp_1_ip_u/inst/i_synth/MULT.OP/i_non_prim.MULT/DSP48E1_SPD_SGL_VARIANT.FIX_MULT/DSP1/i_no_versal_es1_workaround.DSP output design_1_i/conv2d_stream_0/inst/grp_conv2d_stream_Pipeline_VITIS_LOOP_68_3_mainLoop_cols_fu_367/fmul_32ns_32ns_32_3_max_dsp_1_U92/conv2d_stream_fmul_32ns_32ns_32_3_max_dsp_1_ip_u/inst/i_synth/MULT.OP/i_non_prim.MULT/DSP48E1_SPD_SGL_VARIANT.FIX_MULT/DSP1/i_no_versal_es1_workaround.DSP/PATTERNDETECT is not pipelined (PREG=0). Pipelining the DSP48 output will improve performance and often saves power so it is suggested whenever possible to fully pipeline this function.  If this DSP48 function was inferred, it is suggested to describe an additional register stage after this function.  If the DSP48 was instantiated in the design, it is suggested to set the PREG attribute to 1.
Related violations: <none>

DPOP-1#112 Warning
PREG Output pipelining  
DSP design_1_i/conv2d_stream_0/inst/grp_conv2d_stream_Pipeline_VITIS_LOOP_68_3_mainLoop_cols_fu_367/fmul_32ns_32ns_32_3_max_dsp_1_U92/conv2d_stream_fmul_32ns_32ns_32_3_max_dsp_1_ip_u/inst/i_synth/MULT.OP/i_non_prim.MULT/DSP48E1_SPD_SGL_VARIANT.FIX_MULT/DSP2/i_no_versal_es1_workaround.DSP output design_1_i/conv2d_stream_0/inst/grp_conv2d_stream_Pipeline_VITIS_LOOP_68_3_mainLoop_cols_fu_367/fmul_32ns_32ns_32_3_max_dsp_1_U92/conv2d_stream_fmul_32ns_32ns_32_3_max_dsp_1_ip_u/inst/i_synth/MULT.OP/i_non_prim.MULT/DSP48E1_SPD_SGL_VARIANT.FIX_MULT/DSP2/i_no_versal_es1_workaround.DSP/PATTERNDETECT is not pipelined (PREG=0). Pipelining the DSP48 output will improve performance and often saves power so it is suggested whenever possible to fully pipeline this function.  If this DSP48 function was inferred, it is suggested to describe an additional register stage after this function.  If the DSP48 was instantiated in the design, it is suggested to set the PREG attribute to 1.
Related violations: <none>

DPOP-1#113 Warning
PREG Output pipelining  
DSP design_1_i/conv2d_stream_0/inst/grp_conv2d_stream_Pipeline_VITIS_LOOP_68_3_mainLoop_cols_fu_367/fmul_32ns_32ns_32_3_max_dsp_1_U92/conv2d_stream_fmul_32ns_32ns_32_3_max_dsp_1_ip_u/inst/i_synth/MULT.OP/i_non_prim.MULT/DSP48E1_SPD_SGL_VARIANT.FIX_MULT/DSP2/i_no_versal_es1_workaround.DSP output design_1_i/conv2d_stream_0/inst/grp_conv2d_stream_Pipeline_VITIS_LOOP_68_3_mainLoop_cols_fu_367/fmul_32ns_32ns_32_3_max_dsp_1_U92/conv2d_stream_fmul_32ns_32ns_32_3_max_dsp_1_ip_u/inst/i_synth/MULT.OP/i_non_prim.MULT/DSP48E1_SPD_SGL_VARIANT.FIX_MULT/DSP2/i_no_versal_es1_workaround.DSP/P[47:0] is not pipelined (PREG=0). Pipelining the DSP48 output will improve performance and often saves power so it is suggested whenever possible to fully pipeline this function.  If this DSP48 function was inferred, it is suggested to describe an additional register stage after this function.  If the DSP48 was instantiated in the design, it is suggested to set the PREG attribute to 1.
Related violations: <none>

DPOP-1#114 Warning
PREG Output pipelining  
DSP design_1_i/conv2d_stream_0/inst/grp_conv2d_stream_Pipeline_VITIS_LOOP_68_3_mainLoop_cols_fu_367/fmul_32ns_32ns_32_3_max_dsp_1_U92/conv2d_stream_fmul_32ns_32ns_32_3_max_dsp_1_ip_u/inst/i_synth/MULT.OP/i_non_prim.R_AND_R/LAT_OPT.FULL.R_AND_R/DSP48E1_SGL_EXP_IP.OLD_ADD.ADD/i_no_versal_es1_workaround.DSP output design_1_i/conv2d_stream_0/inst/grp_conv2d_stream_Pipeline_VITIS_LOOP_68_3_mainLoop_cols_fu_367/fmul_32ns_32ns_32_3_max_dsp_1_U92/conv2d_stream_fmul_32ns_32ns_32_3_max_dsp_1_ip_u/inst/i_synth/MULT.OP/i_non_prim.R_AND_R/LAT_OPT.FULL.R_AND_R/DSP48E1_SGL_EXP_IP.OLD_ADD.ADD/i_no_versal_es1_workaround.DSP/CARRYOUT[3:0] is not pipelined (PREG=0). Pipelining the DSP48 output will improve performance and often saves power so it is suggested whenever possible to fully pipeline this function.  If this DSP48 function was inferred, it is suggested to describe an additional register stage after this function.  If the DSP48 was instantiated in the design, it is suggested to set the PREG attribute to 1.
Related violations: <none>

DPOP-1#115 Warning
PREG Output pipelining  
DSP design_1_i/conv2d_stream_0/inst/grp_conv2d_stream_Pipeline_VITIS_LOOP_68_3_mainLoop_cols_fu_367/fmul_32ns_32ns_32_3_max_dsp_1_U92/conv2d_stream_fmul_32ns_32ns_32_3_max_dsp_1_ip_u/inst/i_synth/MULT.OP/i_non_prim.R_AND_R/LAT_OPT.FULL.R_AND_R/DSP48E1_SGL_EXP_IP.OLD_ADD.ADD/i_no_versal_es1_workaround.DSP output design_1_i/conv2d_stream_0/inst/grp_conv2d_stream_Pipeline_VITIS_LOOP_68_3_mainLoop_cols_fu_367/fmul_32ns_32ns_32_3_max_dsp_1_U92/conv2d_stream_fmul_32ns_32ns_32_3_max_dsp_1_ip_u/inst/i_synth/MULT.OP/i_non_prim.R_AND_R/LAT_OPT.FULL.R_AND_R/DSP48E1_SGL_EXP_IP.OLD_ADD.ADD/i_no_versal_es1_workaround.DSP/P[47:0] is not pipelined (PREG=0). Pipelining the DSP48 output will improve performance and often saves power so it is suggested whenever possible to fully pipeline this function.  If this DSP48 function was inferred, it is suggested to describe an additional register stage after this function.  If the DSP48 was instantiated in the design, it is suggested to set the PREG attribute to 1.
Related violations: <none>

DPOP-1#116 Warning
PREG Output pipelining  
DSP design_1_i/conv2d_stream_0/inst/grp_conv2d_stream_Pipeline_VITIS_LOOP_68_3_mainLoop_cols_fu_367/fmul_32ns_32ns_32_3_max_dsp_1_U93/conv2d_stream_fmul_32ns_32ns_32_3_max_dsp_1_ip_u/inst/i_synth/MULT.OP/i_non_prim.MULT/DSP48E1_SPD_SGL_VARIANT.FIX_MULT/DSP1/i_no_versal_es1_workaround.DSP output design_1_i/conv2d_stream_0/inst/grp_conv2d_stream_Pipeline_VITIS_LOOP_68_3_mainLoop_cols_fu_367/fmul_32ns_32ns_32_3_max_dsp_1_U93/conv2d_stream_fmul_32ns_32ns_32_3_max_dsp_1_ip_u/inst/i_synth/MULT.OP/i_non_prim.MULT/DSP48E1_SPD_SGL_VARIANT.FIX_MULT/DSP1/i_no_versal_es1_workaround.DSP/PATTERNDETECT is not pipelined (PREG=0). Pipelining the DSP48 output will improve performance and often saves power so it is suggested whenever possible to fully pipeline this function.  If this DSP48 function was inferred, it is suggested to describe an additional register stage after this function.  If the DSP48 was instantiated in the design, it is suggested to set the PREG attribute to 1.
Related violations: <none>

DPOP-1#117 Warning
PREG Output pipelining  
DSP design_1_i/conv2d_stream_0/inst/grp_conv2d_stream_Pipeline_VITIS_LOOP_68_3_mainLoop_cols_fu_367/fmul_32ns_32ns_32_3_max_dsp_1_U93/conv2d_stream_fmul_32ns_32ns_32_3_max_dsp_1_ip_u/inst/i_synth/MULT.OP/i_non_prim.MULT/DSP48E1_SPD_SGL_VARIANT.FIX_MULT/DSP2/i_no_versal_es1_workaround.DSP output design_1_i/conv2d_stream_0/inst/grp_conv2d_stream_Pipeline_VITIS_LOOP_68_3_mainLoop_cols_fu_367/fmul_32ns_32ns_32_3_max_dsp_1_U93/conv2d_stream_fmul_32ns_32ns_32_3_max_dsp_1_ip_u/inst/i_synth/MULT.OP/i_non_prim.MULT/DSP48E1_SPD_SGL_VARIANT.FIX_MULT/DSP2/i_no_versal_es1_workaround.DSP/PATTERNDETECT is not pipelined (PREG=0). Pipelining the DSP48 output will improve performance and often saves power so it is suggested whenever possible to fully pipeline this function.  If this DSP48 function was inferred, it is suggested to describe an additional register stage after this function.  If the DSP48 was instantiated in the design, it is suggested to set the PREG attribute to 1.
Related violations: <none>

DPOP-1#118 Warning
PREG Output pipelining  
DSP design_1_i/conv2d_stream_0/inst/grp_conv2d_stream_Pipeline_VITIS_LOOP_68_3_mainLoop_cols_fu_367/fmul_32ns_32ns_32_3_max_dsp_1_U93/conv2d_stream_fmul_32ns_32ns_32_3_max_dsp_1_ip_u/inst/i_synth/MULT.OP/i_non_prim.MULT/DSP48E1_SPD_SGL_VARIANT.FIX_MULT/DSP2/i_no_versal_es1_workaround.DSP output design_1_i/conv2d_stream_0/inst/grp_conv2d_stream_Pipeline_VITIS_LOOP_68_3_mainLoop_cols_fu_367/fmul_32ns_32ns_32_3_max_dsp_1_U93/conv2d_stream_fmul_32ns_32ns_32_3_max_dsp_1_ip_u/inst/i_synth/MULT.OP/i_non_prim.MULT/DSP48E1_SPD_SGL_VARIANT.FIX_MULT/DSP2/i_no_versal_es1_workaround.DSP/P[47:0] is not pipelined (PREG=0). Pipelining the DSP48 output will improve performance and often saves power so it is suggested whenever possible to fully pipeline this function.  If this DSP48 function was inferred, it is suggested to describe an additional register stage after this function.  If the DSP48 was instantiated in the design, it is suggested to set the PREG attribute to 1.
Related violations: <none>

DPOP-1#119 Warning
PREG Output pipelining  
DSP design_1_i/conv2d_stream_0/inst/grp_conv2d_stream_Pipeline_VITIS_LOOP_68_3_mainLoop_cols_fu_367/fmul_32ns_32ns_32_3_max_dsp_1_U93/conv2d_stream_fmul_32ns_32ns_32_3_max_dsp_1_ip_u/inst/i_synth/MULT.OP/i_non_prim.R_AND_R/LAT_OPT.FULL.R_AND_R/DSP48E1_SGL_EXP_IP.OLD_ADD.ADD/i_no_versal_es1_workaround.DSP output design_1_i/conv2d_stream_0/inst/grp_conv2d_stream_Pipeline_VITIS_LOOP_68_3_mainLoop_cols_fu_367/fmul_32ns_32ns_32_3_max_dsp_1_U93/conv2d_stream_fmul_32ns_32ns_32_3_max_dsp_1_ip_u/inst/i_synth/MULT.OP/i_non_prim.R_AND_R/LAT_OPT.FULL.R_AND_R/DSP48E1_SGL_EXP_IP.OLD_ADD.ADD/i_no_versal_es1_workaround.DSP/CARRYOUT[3:0] is not pipelined (PREG=0). Pipelining the DSP48 output will improve performance and often saves power so it is suggested whenever possible to fully pipeline this function.  If this DSP48 function was inferred, it is suggested to describe an additional register stage after this function.  If the DSP48 was instantiated in the design, it is suggested to set the PREG attribute to 1.
Related violations: <none>

DPOP-1#120 Warning
PREG Output pipelining  
DSP design_1_i/conv2d_stream_0/inst/grp_conv2d_stream_Pipeline_VITIS_LOOP_68_3_mainLoop_cols_fu_367/fmul_32ns_32ns_32_3_max_dsp_1_U93/conv2d_stream_fmul_32ns_32ns_32_3_max_dsp_1_ip_u/inst/i_synth/MULT.OP/i_non_prim.R_AND_R/LAT_OPT.FULL.R_AND_R/DSP48E1_SGL_EXP_IP.OLD_ADD.ADD/i_no_versal_es1_workaround.DSP output design_1_i/conv2d_stream_0/inst/grp_conv2d_stream_Pipeline_VITIS_LOOP_68_3_mainLoop_cols_fu_367/fmul_32ns_32ns_32_3_max_dsp_1_U93/conv2d_stream_fmul_32ns_32ns_32_3_max_dsp_1_ip_u/inst/i_synth/MULT.OP/i_non_prim.R_AND_R/LAT_OPT.FULL.R_AND_R/DSP48E1_SGL_EXP_IP.OLD_ADD.ADD/i_no_versal_es1_workaround.DSP/P[47:0] is not pipelined (PREG=0). Pipelining the DSP48 output will improve performance and often saves power so it is suggested whenever possible to fully pipeline this function.  If this DSP48 function was inferred, it is suggested to describe an additional register stage after this function.  If the DSP48 was instantiated in the design, it is suggested to set the PREG attribute to 1.
Related violations: <none>

DPOP-1#121 Warning
PREG Output pipelining  
DSP design_1_i/conv2d_stream_0/inst/grp_conv2d_stream_Pipeline_VITIS_LOOP_68_3_mainLoop_cols_fu_367/fmul_32ns_32ns_32_3_max_dsp_1_U94/conv2d_stream_fmul_32ns_32ns_32_3_max_dsp_1_ip_u/inst/i_synth/MULT.OP/i_non_prim.MULT/DSP48E1_SPD_SGL_VARIANT.FIX_MULT/DSP1/i_no_versal_es1_workaround.DSP output design_1_i/conv2d_stream_0/inst/grp_conv2d_stream_Pipeline_VITIS_LOOP_68_3_mainLoop_cols_fu_367/fmul_32ns_32ns_32_3_max_dsp_1_U94/conv2d_stream_fmul_32ns_32ns_32_3_max_dsp_1_ip_u/inst/i_synth/MULT.OP/i_non_prim.MULT/DSP48E1_SPD_SGL_VARIANT.FIX_MULT/DSP1/i_no_versal_es1_workaround.DSP/PATTERNDETECT is not pipelined (PREG=0). Pipelining the DSP48 output will improve performance and often saves power so it is suggested whenever possible to fully pipeline this function.  If this DSP48 function was inferred, it is suggested to describe an additional register stage after this function.  If the DSP48 was instantiated in the design, it is suggested to set the PREG attribute to 1.
Related violations: <none>

DPOP-1#122 Warning
PREG Output pipelining  
DSP design_1_i/conv2d_stream_0/inst/grp_conv2d_stream_Pipeline_VITIS_LOOP_68_3_mainLoop_cols_fu_367/fmul_32ns_32ns_32_3_max_dsp_1_U94/conv2d_stream_fmul_32ns_32ns_32_3_max_dsp_1_ip_u/inst/i_synth/MULT.OP/i_non_prim.MULT/DSP48E1_SPD_SGL_VARIANT.FIX_MULT/DSP2/i_no_versal_es1_workaround.DSP output design_1_i/conv2d_stream_0/inst/grp_conv2d_stream_Pipeline_VITIS_LOOP_68_3_mainLoop_cols_fu_367/fmul_32ns_32ns_32_3_max_dsp_1_U94/conv2d_stream_fmul_32ns_32ns_32_3_max_dsp_1_ip_u/inst/i_synth/MULT.OP/i_non_prim.MULT/DSP48E1_SPD_SGL_VARIANT.FIX_MULT/DSP2/i_no_versal_es1_workaround.DSP/PATTERNDETECT is not pipelined (PREG=0). Pipelining the DSP48 output will improve performance and often saves power so it is suggested whenever possible to fully pipeline this function.  If this DSP48 function was inferred, it is suggested to describe an additional register stage after this function.  If the DSP48 was instantiated in the design, it is suggested to set the PREG attribute to 1.
Related violations: <none>

DPOP-1#123 Warning
PREG Output pipelining  
DSP design_1_i/conv2d_stream_0/inst/grp_conv2d_stream_Pipeline_VITIS_LOOP_68_3_mainLoop_cols_fu_367/fmul_32ns_32ns_32_3_max_dsp_1_U94/conv2d_stream_fmul_32ns_32ns_32_3_max_dsp_1_ip_u/inst/i_synth/MULT.OP/i_non_prim.MULT/DSP48E1_SPD_SGL_VARIANT.FIX_MULT/DSP2/i_no_versal_es1_workaround.DSP output design_1_i/conv2d_stream_0/inst/grp_conv2d_stream_Pipeline_VITIS_LOOP_68_3_mainLoop_cols_fu_367/fmul_32ns_32ns_32_3_max_dsp_1_U94/conv2d_stream_fmul_32ns_32ns_32_3_max_dsp_1_ip_u/inst/i_synth/MULT.OP/i_non_prim.MULT/DSP48E1_SPD_SGL_VARIANT.FIX_MULT/DSP2/i_no_versal_es1_workaround.DSP/P[47:0] is not pipelined (PREG=0). Pipelining the DSP48 output will improve performance and often saves power so it is suggested whenever possible to fully pipeline this function.  If this DSP48 function was inferred, it is suggested to describe an additional register stage after this function.  If the DSP48 was instantiated in the design, it is suggested to set the PREG attribute to 1.
Related violations: <none>

DPOP-1#124 Warning
PREG Output pipelining  
DSP design_1_i/conv2d_stream_0/inst/grp_conv2d_stream_Pipeline_VITIS_LOOP_68_3_mainLoop_cols_fu_367/fmul_32ns_32ns_32_3_max_dsp_1_U94/conv2d_stream_fmul_32ns_32ns_32_3_max_dsp_1_ip_u/inst/i_synth/MULT.OP/i_non_prim.R_AND_R/LAT_OPT.FULL.R_AND_R/DSP48E1_SGL_EXP_IP.OLD_ADD.ADD/i_no_versal_es1_workaround.DSP output design_1_i/conv2d_stream_0/inst/grp_conv2d_stream_Pipeline_VITIS_LOOP_68_3_mainLoop_cols_fu_367/fmul_32ns_32ns_32_3_max_dsp_1_U94/conv2d_stream_fmul_32ns_32ns_32_3_max_dsp_1_ip_u/inst/i_synth/MULT.OP/i_non_prim.R_AND_R/LAT_OPT.FULL.R_AND_R/DSP48E1_SGL_EXP_IP.OLD_ADD.ADD/i_no_versal_es1_workaround.DSP/CARRYOUT[3:0] is not pipelined (PREG=0). Pipelining the DSP48 output will improve performance and often saves power so it is suggested whenever possible to fully pipeline this function.  If this DSP48 function was inferred, it is suggested to describe an additional register stage after this function.  If the DSP48 was instantiated in the design, it is suggested to set the PREG attribute to 1.
Related violations: <none>

DPOP-1#125 Warning
PREG Output pipelining  
DSP design_1_i/conv2d_stream_0/inst/grp_conv2d_stream_Pipeline_VITIS_LOOP_68_3_mainLoop_cols_fu_367/fmul_32ns_32ns_32_3_max_dsp_1_U94/conv2d_stream_fmul_32ns_32ns_32_3_max_dsp_1_ip_u/inst/i_synth/MULT.OP/i_non_prim.R_AND_R/LAT_OPT.FULL.R_AND_R/DSP48E1_SGL_EXP_IP.OLD_ADD.ADD/i_no_versal_es1_workaround.DSP output design_1_i/conv2d_stream_0/inst/grp_conv2d_stream_Pipeline_VITIS_LOOP_68_3_mainLoop_cols_fu_367/fmul_32ns_32ns_32_3_max_dsp_1_U94/conv2d_stream_fmul_32ns_32ns_32_3_max_dsp_1_ip_u/inst/i_synth/MULT.OP/i_non_prim.R_AND_R/LAT_OPT.FULL.R_AND_R/DSP48E1_SGL_EXP_IP.OLD_ADD.ADD/i_no_versal_es1_workaround.DSP/P[47:0] is not pipelined (PREG=0). Pipelining the DSP48 output will improve performance and often saves power so it is suggested whenever possible to fully pipeline this function.  If this DSP48 function was inferred, it is suggested to describe an additional register stage after this function.  If the DSP48 was instantiated in the design, it is suggested to set the PREG attribute to 1.
Related violations: <none>

DPOP-1#126 Warning
PREG Output pipelining  
DSP design_1_i/conv2d_stream_0/inst/grp_conv2d_stream_Pipeline_VITIS_LOOP_68_3_mainLoop_cols_fu_367/fmul_32ns_32ns_32_3_max_dsp_1_U95/conv2d_stream_fmul_32ns_32ns_32_3_max_dsp_1_ip_u/inst/i_synth/MULT.OP/i_non_prim.MULT/DSP48E1_SPD_SGL_VARIANT.FIX_MULT/DSP1/i_no_versal_es1_workaround.DSP output design_1_i/conv2d_stream_0/inst/grp_conv2d_stream_Pipeline_VITIS_LOOP_68_3_mainLoop_cols_fu_367/fmul_32ns_32ns_32_3_max_dsp_1_U95/conv2d_stream_fmul_32ns_32ns_32_3_max_dsp_1_ip_u/inst/i_synth/MULT.OP/i_non_prim.MULT/DSP48E1_SPD_SGL_VARIANT.FIX_MULT/DSP1/i_no_versal_es1_workaround.DSP/PATTERNDETECT is not pipelined (PREG=0). Pipelining the DSP48 output will improve performance and often saves power so it is suggested whenever possible to fully pipeline this function.  If this DSP48 function was inferred, it is suggested to describe an additional register stage after this function.  If the DSP48 was instantiated in the design, it is suggested to set the PREG attribute to 1.
Related violations: <none>

DPOP-1#127 Warning
PREG Output pipelining  
DSP design_1_i/conv2d_stream_0/inst/grp_conv2d_stream_Pipeline_VITIS_LOOP_68_3_mainLoop_cols_fu_367/fmul_32ns_32ns_32_3_max_dsp_1_U95/conv2d_stream_fmul_32ns_32ns_32_3_max_dsp_1_ip_u/inst/i_synth/MULT.OP/i_non_prim.MULT/DSP48E1_SPD_SGL_VARIANT.FIX_MULT/DSP2/i_no_versal_es1_workaround.DSP output design_1_i/conv2d_stream_0/inst/grp_conv2d_stream_Pipeline_VITIS_LOOP_68_3_mainLoop_cols_fu_367/fmul_32ns_32ns_32_3_max_dsp_1_U95/conv2d_stream_fmul_32ns_32ns_32_3_max_dsp_1_ip_u/inst/i_synth/MULT.OP/i_non_prim.MULT/DSP48E1_SPD_SGL_VARIANT.FIX_MULT/DSP2/i_no_versal_es1_workaround.DSP/PATTERNDETECT is not pipelined (PREG=0). Pipelining the DSP48 output will improve performance and often saves power so it is suggested whenever possible to fully pipeline this function.  If this DSP48 function was inferred, it is suggested to describe an additional register stage after this function.  If the DSP48 was instantiated in the design, it is suggested to set the PREG attribute to 1.
Related violations: <none>

DPOP-1#128 Warning
PREG Output pipelining  
DSP design_1_i/conv2d_stream_0/inst/grp_conv2d_stream_Pipeline_VITIS_LOOP_68_3_mainLoop_cols_fu_367/fmul_32ns_32ns_32_3_max_dsp_1_U95/conv2d_stream_fmul_32ns_32ns_32_3_max_dsp_1_ip_u/inst/i_synth/MULT.OP/i_non_prim.MULT/DSP48E1_SPD_SGL_VARIANT.FIX_MULT/DSP2/i_no_versal_es1_workaround.DSP output design_1_i/conv2d_stream_0/inst/grp_conv2d_stream_Pipeline_VITIS_LOOP_68_3_mainLoop_cols_fu_367/fmul_32ns_32ns_32_3_max_dsp_1_U95/conv2d_stream_fmul_32ns_32ns_32_3_max_dsp_1_ip_u/inst/i_synth/MULT.OP/i_non_prim.MULT/DSP48E1_SPD_SGL_VARIANT.FIX_MULT/DSP2/i_no_versal_es1_workaround.DSP/P[47:0] is not pipelined (PREG=0). Pipelining the DSP48 output will improve performance and often saves power so it is suggested whenever possible to fully pipeline this function.  If this DSP48 function was inferred, it is suggested to describe an additional register stage after this function.  If the DSP48 was instantiated in the design, it is suggested to set the PREG attribute to 1.
Related violations: <none>

DPOP-1#129 Warning
PREG Output pipelining  
DSP design_1_i/conv2d_stream_0/inst/grp_conv2d_stream_Pipeline_VITIS_LOOP_68_3_mainLoop_cols_fu_367/fmul_32ns_32ns_32_3_max_dsp_1_U95/conv2d_stream_fmul_32ns_32ns_32_3_max_dsp_1_ip_u/inst/i_synth/MULT.OP/i_non_prim.R_AND_R/LAT_OPT.FULL.R_AND_R/DSP48E1_SGL_EXP_IP.OLD_ADD.ADD/i_no_versal_es1_workaround.DSP output design_1_i/conv2d_stream_0/inst/grp_conv2d_stream_Pipeline_VITIS_LOOP_68_3_mainLoop_cols_fu_367/fmul_32ns_32ns_32_3_max_dsp_1_U95/conv2d_stream_fmul_32ns_32ns_32_3_max_dsp_1_ip_u/inst/i_synth/MULT.OP/i_non_prim.R_AND_R/LAT_OPT.FULL.R_AND_R/DSP48E1_SGL_EXP_IP.OLD_ADD.ADD/i_no_versal_es1_workaround.DSP/CARRYOUT[3:0] is not pipelined (PREG=0). Pipelining the DSP48 output will improve performance and often saves power so it is suggested whenever possible to fully pipeline this function.  If this DSP48 function was inferred, it is suggested to describe an additional register stage after this function.  If the DSP48 was instantiated in the design, it is suggested to set the PREG attribute to 1.
Related violations: <none>

DPOP-1#130 Warning
PREG Output pipelining  
DSP design_1_i/conv2d_stream_0/inst/grp_conv2d_stream_Pipeline_VITIS_LOOP_68_3_mainLoop_cols_fu_367/fmul_32ns_32ns_32_3_max_dsp_1_U95/conv2d_stream_fmul_32ns_32ns_32_3_max_dsp_1_ip_u/inst/i_synth/MULT.OP/i_non_prim.R_AND_R/LAT_OPT.FULL.R_AND_R/DSP48E1_SGL_EXP_IP.OLD_ADD.ADD/i_no_versal_es1_workaround.DSP output design_1_i/conv2d_stream_0/inst/grp_conv2d_stream_Pipeline_VITIS_LOOP_68_3_mainLoop_cols_fu_367/fmul_32ns_32ns_32_3_max_dsp_1_U95/conv2d_stream_fmul_32ns_32ns_32_3_max_dsp_1_ip_u/inst/i_synth/MULT.OP/i_non_prim.R_AND_R/LAT_OPT.FULL.R_AND_R/DSP48E1_SGL_EXP_IP.OLD_ADD.ADD/i_no_versal_es1_workaround.DSP/P[47:0] is not pipelined (PREG=0). Pipelining the DSP48 output will improve performance and often saves power so it is suggested whenever possible to fully pipeline this function.  If this DSP48 function was inferred, it is suggested to describe an additional register stage after this function.  If the DSP48 was instantiated in the design, it is suggested to set the PREG attribute to 1.
Related violations: <none>

DPOP-1#131 Warning
PREG Output pipelining  
DSP design_1_i/conv2d_stream_0/inst/grp_conv2d_stream_Pipeline_VITIS_LOOP_68_3_mainLoop_cols_fu_367/fmul_32ns_32ns_32_3_max_dsp_1_U96/conv2d_stream_fmul_32ns_32ns_32_3_max_dsp_1_ip_u/inst/i_synth/MULT.OP/i_non_prim.MULT/DSP48E1_SPD_SGL_VARIANT.FIX_MULT/DSP1/i_no_versal_es1_workaround.DSP output design_1_i/conv2d_stream_0/inst/grp_conv2d_stream_Pipeline_VITIS_LOOP_68_3_mainLoop_cols_fu_367/fmul_32ns_32ns_32_3_max_dsp_1_U96/conv2d_stream_fmul_32ns_32ns_32_3_max_dsp_1_ip_u/inst/i_synth/MULT.OP/i_non_prim.MULT/DSP48E1_SPD_SGL_VARIANT.FIX_MULT/DSP1/i_no_versal_es1_workaround.DSP/PATTERNDETECT is not pipelined (PREG=0). Pipelining the DSP48 output will improve performance and often saves power so it is suggested whenever possible to fully pipeline this function.  If this DSP48 function was inferred, it is suggested to describe an additional register stage after this function.  If the DSP48 was instantiated in the design, it is suggested to set the PREG attribute to 1.
Related violations: <none>

DPOP-1#132 Warning
PREG Output pipelining  
DSP design_1_i/conv2d_stream_0/inst/grp_conv2d_stream_Pipeline_VITIS_LOOP_68_3_mainLoop_cols_fu_367/fmul_32ns_32ns_32_3_max_dsp_1_U96/conv2d_stream_fmul_32ns_32ns_32_3_max_dsp_1_ip_u/inst/i_synth/MULT.OP/i_non_prim.MULT/DSP48E1_SPD_SGL_VARIANT.FIX_MULT/DSP2/i_no_versal_es1_workaround.DSP output design_1_i/conv2d_stream_0/inst/grp_conv2d_stream_Pipeline_VITIS_LOOP_68_3_mainLoop_cols_fu_367/fmul_32ns_32ns_32_3_max_dsp_1_U96/conv2d_stream_fmul_32ns_32ns_32_3_max_dsp_1_ip_u/inst/i_synth/MULT.OP/i_non_prim.MULT/DSP48E1_SPD_SGL_VARIANT.FIX_MULT/DSP2/i_no_versal_es1_workaround.DSP/PATTERNDETECT is not pipelined (PREG=0). Pipelining the DSP48 output will improve performance and often saves power so it is suggested whenever possible to fully pipeline this function.  If this DSP48 function was inferred, it is suggested to describe an additional register stage after this function.  If the DSP48 was instantiated in the design, it is suggested to set the PREG attribute to 1.
Related violations: <none>

DPOP-1#133 Warning
PREG Output pipelining  
DSP design_1_i/conv2d_stream_0/inst/grp_conv2d_stream_Pipeline_VITIS_LOOP_68_3_mainLoop_cols_fu_367/fmul_32ns_32ns_32_3_max_dsp_1_U96/conv2d_stream_fmul_32ns_32ns_32_3_max_dsp_1_ip_u/inst/i_synth/MULT.OP/i_non_prim.MULT/DSP48E1_SPD_SGL_VARIANT.FIX_MULT/DSP2/i_no_versal_es1_workaround.DSP output design_1_i/conv2d_stream_0/inst/grp_conv2d_stream_Pipeline_VITIS_LOOP_68_3_mainLoop_cols_fu_367/fmul_32ns_32ns_32_3_max_dsp_1_U96/conv2d_stream_fmul_32ns_32ns_32_3_max_dsp_1_ip_u/inst/i_synth/MULT.OP/i_non_prim.MULT/DSP48E1_SPD_SGL_VARIANT.FIX_MULT/DSP2/i_no_versal_es1_workaround.DSP/P[47:0] is not pipelined (PREG=0). Pipelining the DSP48 output will improve performance and often saves power so it is suggested whenever possible to fully pipeline this function.  If this DSP48 function was inferred, it is suggested to describe an additional register stage after this function.  If the DSP48 was instantiated in the design, it is suggested to set the PREG attribute to 1.
Related violations: <none>

DPOP-1#134 Warning
PREG Output pipelining  
DSP design_1_i/conv2d_stream_0/inst/grp_conv2d_stream_Pipeline_VITIS_LOOP_68_3_mainLoop_cols_fu_367/fmul_32ns_32ns_32_3_max_dsp_1_U96/conv2d_stream_fmul_32ns_32ns_32_3_max_dsp_1_ip_u/inst/i_synth/MULT.OP/i_non_prim.R_AND_R/LAT_OPT.FULL.R_AND_R/DSP48E1_SGL_EXP_IP.OLD_ADD.ADD/i_no_versal_es1_workaround.DSP output design_1_i/conv2d_stream_0/inst/grp_conv2d_stream_Pipeline_VITIS_LOOP_68_3_mainLoop_cols_fu_367/fmul_32ns_32ns_32_3_max_dsp_1_U96/conv2d_stream_fmul_32ns_32ns_32_3_max_dsp_1_ip_u/inst/i_synth/MULT.OP/i_non_prim.R_AND_R/LAT_OPT.FULL.R_AND_R/DSP48E1_SGL_EXP_IP.OLD_ADD.ADD/i_no_versal_es1_workaround.DSP/CARRYOUT[3:0] is not pipelined (PREG=0). Pipelining the DSP48 output will improve performance and often saves power so it is suggested whenever possible to fully pipeline this function.  If this DSP48 function was inferred, it is suggested to describe an additional register stage after this function.  If the DSP48 was instantiated in the design, it is suggested to set the PREG attribute to 1.
Related violations: <none>

DPOP-1#135 Warning
PREG Output pipelining  
DSP design_1_i/conv2d_stream_0/inst/grp_conv2d_stream_Pipeline_VITIS_LOOP_68_3_mainLoop_cols_fu_367/fmul_32ns_32ns_32_3_max_dsp_1_U96/conv2d_stream_fmul_32ns_32ns_32_3_max_dsp_1_ip_u/inst/i_synth/MULT.OP/i_non_prim.R_AND_R/LAT_OPT.FULL.R_AND_R/DSP48E1_SGL_EXP_IP.OLD_ADD.ADD/i_no_versal_es1_workaround.DSP output design_1_i/conv2d_stream_0/inst/grp_conv2d_stream_Pipeline_VITIS_LOOP_68_3_mainLoop_cols_fu_367/fmul_32ns_32ns_32_3_max_dsp_1_U96/conv2d_stream_fmul_32ns_32ns_32_3_max_dsp_1_ip_u/inst/i_synth/MULT.OP/i_non_prim.R_AND_R/LAT_OPT.FULL.R_AND_R/DSP48E1_SGL_EXP_IP.OLD_ADD.ADD/i_no_versal_es1_workaround.DSP/P[47:0] is not pipelined (PREG=0). Pipelining the DSP48 output will improve performance and often saves power so it is suggested whenever possible to fully pipeline this function.  If this DSP48 function was inferred, it is suggested to describe an additional register stage after this function.  If the DSP48 was instantiated in the design, it is suggested to set the PREG attribute to 1.
Related violations: <none>

DPOP-1#136 Warning
PREG Output pipelining  
DSP design_1_i/conv2d_stream_0/inst/grp_conv2d_stream_Pipeline_VITIS_LOOP_68_3_mainLoop_cols_fu_367/fmul_32ns_32ns_32_3_max_dsp_1_U97/conv2d_stream_fmul_32ns_32ns_32_3_max_dsp_1_ip_u/inst/i_synth/MULT.OP/i_non_prim.MULT/DSP48E1_SPD_SGL_VARIANT.FIX_MULT/DSP1/i_no_versal_es1_workaround.DSP output design_1_i/conv2d_stream_0/inst/grp_conv2d_stream_Pipeline_VITIS_LOOP_68_3_mainLoop_cols_fu_367/fmul_32ns_32ns_32_3_max_dsp_1_U97/conv2d_stream_fmul_32ns_32ns_32_3_max_dsp_1_ip_u/inst/i_synth/MULT.OP/i_non_prim.MULT/DSP48E1_SPD_SGL_VARIANT.FIX_MULT/DSP1/i_no_versal_es1_workaround.DSP/PATTERNDETECT is not pipelined (PREG=0). Pipelining the DSP48 output will improve performance and often saves power so it is suggested whenever possible to fully pipeline this function.  If this DSP48 function was inferred, it is suggested to describe an additional register stage after this function.  If the DSP48 was instantiated in the design, it is suggested to set the PREG attribute to 1.
Related violations: <none>

DPOP-1#137 Warning
PREG Output pipelining  
DSP design_1_i/conv2d_stream_0/inst/grp_conv2d_stream_Pipeline_VITIS_LOOP_68_3_mainLoop_cols_fu_367/fmul_32ns_32ns_32_3_max_dsp_1_U97/conv2d_stream_fmul_32ns_32ns_32_3_max_dsp_1_ip_u/inst/i_synth/MULT.OP/i_non_prim.MULT/DSP48E1_SPD_SGL_VARIANT.FIX_MULT/DSP2/i_no_versal_es1_workaround.DSP output design_1_i/conv2d_stream_0/inst/grp_conv2d_stream_Pipeline_VITIS_LOOP_68_3_mainLoop_cols_fu_367/fmul_32ns_32ns_32_3_max_dsp_1_U97/conv2d_stream_fmul_32ns_32ns_32_3_max_dsp_1_ip_u/inst/i_synth/MULT.OP/i_non_prim.MULT/DSP48E1_SPD_SGL_VARIANT.FIX_MULT/DSP2/i_no_versal_es1_workaround.DSP/PATTERNDETECT is not pipelined (PREG=0). Pipelining the DSP48 output will improve performance and often saves power so it is suggested whenever possible to fully pipeline this function.  If this DSP48 function was inferred, it is suggested to describe an additional register stage after this function.  If the DSP48 was instantiated in the design, it is suggested to set the PREG attribute to 1.
Related violations: <none>

DPOP-1#138 Warning
PREG Output pipelining  
DSP design_1_i/conv2d_stream_0/inst/grp_conv2d_stream_Pipeline_VITIS_LOOP_68_3_mainLoop_cols_fu_367/fmul_32ns_32ns_32_3_max_dsp_1_U97/conv2d_stream_fmul_32ns_32ns_32_3_max_dsp_1_ip_u/inst/i_synth/MULT.OP/i_non_prim.MULT/DSP48E1_SPD_SGL_VARIANT.FIX_MULT/DSP2/i_no_versal_es1_workaround.DSP output design_1_i/conv2d_stream_0/inst/grp_conv2d_stream_Pipeline_VITIS_LOOP_68_3_mainLoop_cols_fu_367/fmul_32ns_32ns_32_3_max_dsp_1_U97/conv2d_stream_fmul_32ns_32ns_32_3_max_dsp_1_ip_u/inst/i_synth/MULT.OP/i_non_prim.MULT/DSP48E1_SPD_SGL_VARIANT.FIX_MULT/DSP2/i_no_versal_es1_workaround.DSP/P[47:0] is not pipelined (PREG=0). Pipelining the DSP48 output will improve performance and often saves power so it is suggested whenever possible to fully pipeline this function.  If this DSP48 function was inferred, it is suggested to describe an additional register stage after this function.  If the DSP48 was instantiated in the design, it is suggested to set the PREG attribute to 1.
Related violations: <none>

DPOP-1#139 Warning
PREG Output pipelining  
DSP design_1_i/conv2d_stream_0/inst/grp_conv2d_stream_Pipeline_VITIS_LOOP_68_3_mainLoop_cols_fu_367/fmul_32ns_32ns_32_3_max_dsp_1_U97/conv2d_stream_fmul_32ns_32ns_32_3_max_dsp_1_ip_u/inst/i_synth/MULT.OP/i_non_prim.R_AND_R/LAT_OPT.FULL.R_AND_R/DSP48E1_SGL_EXP_IP.OLD_ADD.ADD/i_no_versal_es1_workaround.DSP output design_1_i/conv2d_stream_0/inst/grp_conv2d_stream_Pipeline_VITIS_LOOP_68_3_mainLoop_cols_fu_367/fmul_32ns_32ns_32_3_max_dsp_1_U97/conv2d_stream_fmul_32ns_32ns_32_3_max_dsp_1_ip_u/inst/i_synth/MULT.OP/i_non_prim.R_AND_R/LAT_OPT.FULL.R_AND_R/DSP48E1_SGL_EXP_IP.OLD_ADD.ADD/i_no_versal_es1_workaround.DSP/CARRYOUT[3:0] is not pipelined (PREG=0). Pipelining the DSP48 output will improve performance and often saves power so it is suggested whenever possible to fully pipeline this function.  If this DSP48 function was inferred, it is suggested to describe an additional register stage after this function.  If the DSP48 was instantiated in the design, it is suggested to set the PREG attribute to 1.
Related violations: <none>

DPOP-1#140 Warning
PREG Output pipelining  
DSP design_1_i/conv2d_stream_0/inst/grp_conv2d_stream_Pipeline_VITIS_LOOP_68_3_mainLoop_cols_fu_367/fmul_32ns_32ns_32_3_max_dsp_1_U97/conv2d_stream_fmul_32ns_32ns_32_3_max_dsp_1_ip_u/inst/i_synth/MULT.OP/i_non_prim.R_AND_R/LAT_OPT.FULL.R_AND_R/DSP48E1_SGL_EXP_IP.OLD_ADD.ADD/i_no_versal_es1_workaround.DSP output design_1_i/conv2d_stream_0/inst/grp_conv2d_stream_Pipeline_VITIS_LOOP_68_3_mainLoop_cols_fu_367/fmul_32ns_32ns_32_3_max_dsp_1_U97/conv2d_stream_fmul_32ns_32ns_32_3_max_dsp_1_ip_u/inst/i_synth/MULT.OP/i_non_prim.R_AND_R/LAT_OPT.FULL.R_AND_R/DSP48E1_SGL_EXP_IP.OLD_ADD.ADD/i_no_versal_es1_workaround.DSP/P[47:0] is not pipelined (PREG=0). Pipelining the DSP48 output will improve performance and often saves power so it is suggested whenever possible to fully pipeline this function.  If this DSP48 function was inferred, it is suggested to describe an additional register stage after this function.  If the DSP48 was instantiated in the design, it is suggested to set the PREG attribute to 1.
Related violations: <none>

DPOP-1#141 Warning
PREG Output pipelining  
DSP design_1_i/conv2d_stream_0/inst/grp_conv2d_stream_Pipeline_VITIS_LOOP_68_3_mainLoop_cols_fu_367/fmul_32ns_32ns_32_3_max_dsp_1_U98/conv2d_stream_fmul_32ns_32ns_32_3_max_dsp_1_ip_u/inst/i_synth/MULT.OP/i_non_prim.MULT/DSP48E1_SPD_SGL_VARIANT.FIX_MULT/DSP1/i_no_versal_es1_workaround.DSP output design_1_i/conv2d_stream_0/inst/grp_conv2d_stream_Pipeline_VITIS_LOOP_68_3_mainLoop_cols_fu_367/fmul_32ns_32ns_32_3_max_dsp_1_U98/conv2d_stream_fmul_32ns_32ns_32_3_max_dsp_1_ip_u/inst/i_synth/MULT.OP/i_non_prim.MULT/DSP48E1_SPD_SGL_VARIANT.FIX_MULT/DSP1/i_no_versal_es1_workaround.DSP/PATTERNDETECT is not pipelined (PREG=0). Pipelining the DSP48 output will improve performance and often saves power so it is suggested whenever possible to fully pipeline this function.  If this DSP48 function was inferred, it is suggested to describe an additional register stage after this function.  If the DSP48 was instantiated in the design, it is suggested to set the PREG attribute to 1.
Related violations: <none>

DPOP-1#142 Warning
PREG Output pipelining  
DSP design_1_i/conv2d_stream_0/inst/grp_conv2d_stream_Pipeline_VITIS_LOOP_68_3_mainLoop_cols_fu_367/fmul_32ns_32ns_32_3_max_dsp_1_U98/conv2d_stream_fmul_32ns_32ns_32_3_max_dsp_1_ip_u/inst/i_synth/MULT.OP/i_non_prim.MULT/DSP48E1_SPD_SGL_VARIANT.FIX_MULT/DSP2/i_no_versal_es1_workaround.DSP output design_1_i/conv2d_stream_0/inst/grp_conv2d_stream_Pipeline_VITIS_LOOP_68_3_mainLoop_cols_fu_367/fmul_32ns_32ns_32_3_max_dsp_1_U98/conv2d_stream_fmul_32ns_32ns_32_3_max_dsp_1_ip_u/inst/i_synth/MULT.OP/i_non_prim.MULT/DSP48E1_SPD_SGL_VARIANT.FIX_MULT/DSP2/i_no_versal_es1_workaround.DSP/PATTERNDETECT is not pipelined (PREG=0). Pipelining the DSP48 output will improve performance and often saves power so it is suggested whenever possible to fully pipeline this function.  If this DSP48 function was inferred, it is suggested to describe an additional register stage after this function.  If the DSP48 was instantiated in the design, it is suggested to set the PREG attribute to 1.
Related violations: <none>

DPOP-1#143 Warning
PREG Output pipelining  
DSP design_1_i/conv2d_stream_0/inst/grp_conv2d_stream_Pipeline_VITIS_LOOP_68_3_mainLoop_cols_fu_367/fmul_32ns_32ns_32_3_max_dsp_1_U98/conv2d_stream_fmul_32ns_32ns_32_3_max_dsp_1_ip_u/inst/i_synth/MULT.OP/i_non_prim.MULT/DSP48E1_SPD_SGL_VARIANT.FIX_MULT/DSP2/i_no_versal_es1_workaround.DSP output design_1_i/conv2d_stream_0/inst/grp_conv2d_stream_Pipeline_VITIS_LOOP_68_3_mainLoop_cols_fu_367/fmul_32ns_32ns_32_3_max_dsp_1_U98/conv2d_stream_fmul_32ns_32ns_32_3_max_dsp_1_ip_u/inst/i_synth/MULT.OP/i_non_prim.MULT/DSP48E1_SPD_SGL_VARIANT.FIX_MULT/DSP2/i_no_versal_es1_workaround.DSP/P[47:0] is not pipelined (PREG=0). Pipelining the DSP48 output will improve performance and often saves power so it is suggested whenever possible to fully pipeline this function.  If this DSP48 function was inferred, it is suggested to describe an additional register stage after this function.  If the DSP48 was instantiated in the design, it is suggested to set the PREG attribute to 1.
Related violations: <none>

DPOP-1#144 Warning
PREG Output pipelining  
DSP design_1_i/conv2d_stream_0/inst/grp_conv2d_stream_Pipeline_VITIS_LOOP_68_3_mainLoop_cols_fu_367/fmul_32ns_32ns_32_3_max_dsp_1_U98/conv2d_stream_fmul_32ns_32ns_32_3_max_dsp_1_ip_u/inst/i_synth/MULT.OP/i_non_prim.R_AND_R/LAT_OPT.FULL.R_AND_R/DSP48E1_SGL_EXP_IP.OLD_ADD.ADD/i_no_versal_es1_workaround.DSP output design_1_i/conv2d_stream_0/inst/grp_conv2d_stream_Pipeline_VITIS_LOOP_68_3_mainLoop_cols_fu_367/fmul_32ns_32ns_32_3_max_dsp_1_U98/conv2d_stream_fmul_32ns_32ns_32_3_max_dsp_1_ip_u/inst/i_synth/MULT.OP/i_non_prim.R_AND_R/LAT_OPT.FULL.R_AND_R/DSP48E1_SGL_EXP_IP.OLD_ADD.ADD/i_no_versal_es1_workaround.DSP/CARRYOUT[3:0] is not pipelined (PREG=0). Pipelining the DSP48 output will improve performance and often saves power so it is suggested whenever possible to fully pipeline this function.  If this DSP48 function was inferred, it is suggested to describe an additional register stage after this function.  If the DSP48 was instantiated in the design, it is suggested to set the PREG attribute to 1.
Related violations: <none>

DPOP-1#145 Warning
PREG Output pipelining  
DSP design_1_i/conv2d_stream_0/inst/grp_conv2d_stream_Pipeline_VITIS_LOOP_68_3_mainLoop_cols_fu_367/fmul_32ns_32ns_32_3_max_dsp_1_U98/conv2d_stream_fmul_32ns_32ns_32_3_max_dsp_1_ip_u/inst/i_synth/MULT.OP/i_non_prim.R_AND_R/LAT_OPT.FULL.R_AND_R/DSP48E1_SGL_EXP_IP.OLD_ADD.ADD/i_no_versal_es1_workaround.DSP output design_1_i/conv2d_stream_0/inst/grp_conv2d_stream_Pipeline_VITIS_LOOP_68_3_mainLoop_cols_fu_367/fmul_32ns_32ns_32_3_max_dsp_1_U98/conv2d_stream_fmul_32ns_32ns_32_3_max_dsp_1_ip_u/inst/i_synth/MULT.OP/i_non_prim.R_AND_R/LAT_OPT.FULL.R_AND_R/DSP48E1_SGL_EXP_IP.OLD_ADD.ADD/i_no_versal_es1_workaround.DSP/P[47:0] is not pipelined (PREG=0). Pipelining the DSP48 output will improve performance and often saves power so it is suggested whenever possible to fully pipeline this function.  If this DSP48 function was inferred, it is suggested to describe an additional register stage after this function.  If the DSP48 was instantiated in the design, it is suggested to set the PREG attribute to 1.
Related violations: <none>

DPOP-1#146 Warning
PREG Output pipelining  
DSP design_1_i/conv2d_stream_0/inst/grp_conv2d_stream_Pipeline_VITIS_LOOP_68_3_mainLoop_cols_fu_367/fmul_32ns_32ns_32_3_max_dsp_1_U99/conv2d_stream_fmul_32ns_32ns_32_3_max_dsp_1_ip_u/inst/i_synth/MULT.OP/i_non_prim.MULT/DSP48E1_SPD_SGL_VARIANT.FIX_MULT/DSP1/i_no_versal_es1_workaround.DSP output design_1_i/conv2d_stream_0/inst/grp_conv2d_stream_Pipeline_VITIS_LOOP_68_3_mainLoop_cols_fu_367/fmul_32ns_32ns_32_3_max_dsp_1_U99/conv2d_stream_fmul_32ns_32ns_32_3_max_dsp_1_ip_u/inst/i_synth/MULT.OP/i_non_prim.MULT/DSP48E1_SPD_SGL_VARIANT.FIX_MULT/DSP1/i_no_versal_es1_workaround.DSP/PATTERNDETECT is not pipelined (PREG=0). Pipelining the DSP48 output will improve performance and often saves power so it is suggested whenever possible to fully pipeline this function.  If this DSP48 function was inferred, it is suggested to describe an additional register stage after this function.  If the DSP48 was instantiated in the design, it is suggested to set the PREG attribute to 1.
Related violations: <none>

DPOP-1#147 Warning
PREG Output pipelining  
DSP design_1_i/conv2d_stream_0/inst/grp_conv2d_stream_Pipeline_VITIS_LOOP_68_3_mainLoop_cols_fu_367/fmul_32ns_32ns_32_3_max_dsp_1_U99/conv2d_stream_fmul_32ns_32ns_32_3_max_dsp_1_ip_u/inst/i_synth/MULT.OP/i_non_prim.MULT/DSP48E1_SPD_SGL_VARIANT.FIX_MULT/DSP2/i_no_versal_es1_workaround.DSP output design_1_i/conv2d_stream_0/inst/grp_conv2d_stream_Pipeline_VITIS_LOOP_68_3_mainLoop_cols_fu_367/fmul_32ns_32ns_32_3_max_dsp_1_U99/conv2d_stream_fmul_32ns_32ns_32_3_max_dsp_1_ip_u/inst/i_synth/MULT.OP/i_non_prim.MULT/DSP48E1_SPD_SGL_VARIANT.FIX_MULT/DSP2/i_no_versal_es1_workaround.DSP/PATTERNDETECT is not pipelined (PREG=0). Pipelining the DSP48 output will improve performance and often saves power so it is suggested whenever possible to fully pipeline this function.  If this DSP48 function was inferred, it is suggested to describe an additional register stage after this function.  If the DSP48 was instantiated in the design, it is suggested to set the PREG attribute to 1.
Related violations: <none>

DPOP-1#148 Warning
PREG Output pipelining  
DSP design_1_i/conv2d_stream_0/inst/grp_conv2d_stream_Pipeline_VITIS_LOOP_68_3_mainLoop_cols_fu_367/fmul_32ns_32ns_32_3_max_dsp_1_U99/conv2d_stream_fmul_32ns_32ns_32_3_max_dsp_1_ip_u/inst/i_synth/MULT.OP/i_non_prim.MULT/DSP48E1_SPD_SGL_VARIANT.FIX_MULT/DSP2/i_no_versal_es1_workaround.DSP output design_1_i/conv2d_stream_0/inst/grp_conv2d_stream_Pipeline_VITIS_LOOP_68_3_mainLoop_cols_fu_367/fmul_32ns_32ns_32_3_max_dsp_1_U99/conv2d_stream_fmul_32ns_32ns_32_3_max_dsp_1_ip_u/inst/i_synth/MULT.OP/i_non_prim.MULT/DSP48E1_SPD_SGL_VARIANT.FIX_MULT/DSP2/i_no_versal_es1_workaround.DSP/P[47:0] is not pipelined (PREG=0). Pipelining the DSP48 output will improve performance and often saves power so it is suggested whenever possible to fully pipeline this function.  If this DSP48 function was inferred, it is suggested to describe an additional register stage after this function.  If the DSP48 was instantiated in the design, it is suggested to set the PREG attribute to 1.
Related violations: <none>

DPOP-1#149 Warning
PREG Output pipelining  
DSP design_1_i/conv2d_stream_0/inst/grp_conv2d_stream_Pipeline_VITIS_LOOP_68_3_mainLoop_cols_fu_367/fmul_32ns_32ns_32_3_max_dsp_1_U99/conv2d_stream_fmul_32ns_32ns_32_3_max_dsp_1_ip_u/inst/i_synth/MULT.OP/i_non_prim.R_AND_R/LAT_OPT.FULL.R_AND_R/DSP48E1_SGL_EXP_IP.OLD_ADD.ADD/i_no_versal_es1_workaround.DSP output design_1_i/conv2d_stream_0/inst/grp_conv2d_stream_Pipeline_VITIS_LOOP_68_3_mainLoop_cols_fu_367/fmul_32ns_32ns_32_3_max_dsp_1_U99/conv2d_stream_fmul_32ns_32ns_32_3_max_dsp_1_ip_u/inst/i_synth/MULT.OP/i_non_prim.R_AND_R/LAT_OPT.FULL.R_AND_R/DSP48E1_SGL_EXP_IP.OLD_ADD.ADD/i_no_versal_es1_workaround.DSP/CARRYOUT[3:0] is not pipelined (PREG=0). Pipelining the DSP48 output will improve performance and often saves power so it is suggested whenever possible to fully pipeline this function.  If this DSP48 function was inferred, it is suggested to describe an additional register stage after this function.  If the DSP48 was instantiated in the design, it is suggested to set the PREG attribute to 1.
Related violations: <none>

DPOP-1#150 Warning
PREG Output pipelining  
DSP design_1_i/conv2d_stream_0/inst/grp_conv2d_stream_Pipeline_VITIS_LOOP_68_3_mainLoop_cols_fu_367/fmul_32ns_32ns_32_3_max_dsp_1_U99/conv2d_stream_fmul_32ns_32ns_32_3_max_dsp_1_ip_u/inst/i_synth/MULT.OP/i_non_prim.R_AND_R/LAT_OPT.FULL.R_AND_R/DSP48E1_SGL_EXP_IP.OLD_ADD.ADD/i_no_versal_es1_workaround.DSP output design_1_i/conv2d_stream_0/inst/grp_conv2d_stream_Pipeline_VITIS_LOOP_68_3_mainLoop_cols_fu_367/fmul_32ns_32ns_32_3_max_dsp_1_U99/conv2d_stream_fmul_32ns_32ns_32_3_max_dsp_1_ip_u/inst/i_synth/MULT.OP/i_non_prim.R_AND_R/LAT_OPT.FULL.R_AND_R/DSP48E1_SGL_EXP_IP.OLD_ADD.ADD/i_no_versal_es1_workaround.DSP/P[47:0] is not pipelined (PREG=0). Pipelining the DSP48 output will improve performance and often saves power so it is suggested whenever possible to fully pipeline this function.  If this DSP48 function was inferred, it is suggested to describe an additional register stage after this function.  If the DSP48 was instantiated in the design, it is suggested to set the PREG attribute to 1.
Related violations: <none>

DPOP-1#151 Warning
PREG Output pipelining  
DSP design_1_i/conv2d_stream_0/inst/grp_conv2d_stream_Pipeline_VITIS_LOOP_68_3_mainLoop_cols_fu_367/mul_32s_32s_32_1_1_U101/dout__0 output design_1_i/conv2d_stream_0/inst/grp_conv2d_stream_Pipeline_VITIS_LOOP_68_3_mainLoop_cols_fu_367/mul_32s_32s_32_1_1_U101/dout__0/P[47:0] is not pipelined (PREG=0). Pipelining the DSP48 output will improve performance and often saves power so it is suggested whenever possible to fully pipeline this function.  If this DSP48 function was inferred, it is suggested to describe an additional register stage after this function.  If the DSP48 was instantiated in the design, it is suggested to set the PREG attribute to 1.
Related violations: <none>

DPOP-1#152 Warning
PREG Output pipelining  
DSP design_1_i/conv2d_stream_0/inst/mul_32ns_32ns_64_1_1_U174/dout output design_1_i/conv2d_stream_0/inst/mul_32ns_32ns_64_1_1_U174/dout/P[47:0] is not pipelined (PREG=0). Pipelining the DSP48 output will improve performance and often saves power so it is suggested whenever possible to fully pipeline this function.  If this DSP48 function was inferred, it is suggested to describe an additional register stage after this function.  If the DSP48 was instantiated in the design, it is suggested to set the PREG attribute to 1.
Related violations: <none>

DPOP-1#153 Warning
PREG Output pipelining  
DSP design_1_i/conv2d_stream_0/inst/mul_32ns_32ns_64_1_1_U174/dout__0 output design_1_i/conv2d_stream_0/inst/mul_32ns_32ns_64_1_1_U174/dout__0/P[47:0] is not pipelined (PREG=0). Pipelining the DSP48 output will improve performance and often saves power so it is suggested whenever possible to fully pipeline this function.  If this DSP48 function was inferred, it is suggested to describe an additional register stage after this function.  If the DSP48 was instantiated in the design, it is suggested to set the PREG attribute to 1.
Related violations: <none>

DPOP-1#154 Warning
PREG Output pipelining  
DSP design_1_i/conv2d_stream_0/inst/mul_32s_32s_32_1_1_U173/dout__17 output design_1_i/conv2d_stream_0/inst/mul_32s_32s_32_1_1_U173/dout__17/P[47:0] is not pipelined (PREG=0). Pipelining the DSP48 output will improve performance and often saves power so it is suggested whenever possible to fully pipeline this function.  If this DSP48 function was inferred, it is suggested to describe an additional register stage after this function.  If the DSP48 was instantiated in the design, it is suggested to set the PREG attribute to 1.
Related violations: <none>

DPOP-2#1 Warning
MREG Output pipelining  
DSP design_1_i/conv2d_stream_0/inst/grp_conv2d_stream_Pipeline_VITIS_LOOP_68_3_mainLoop_cols_fu_367/fadd_32ns_32ns_32_5_full_dsp_1_U51/conv2d_stream_fadd_32ns_32ns_32_5_full_dsp_1_ip_u/inst/i_synth/ADDSUB_OP.ADDSUB/DSP.OP/DSP48E1_BODY.NORM_RND/FULL_USAGE_DSP.SHIFT_RND/i_no_versal_es1_workaround.DSP multiplier stage design_1_i/conv2d_stream_0/inst/grp_conv2d_stream_Pipeline_VITIS_LOOP_68_3_mainLoop_cols_fu_367/fadd_32ns_32ns_32_5_full_dsp_1_U51/conv2d_stream_fadd_32ns_32ns_32_5_full_dsp_1_ip_u/inst/i_synth/ADDSUB_OP.ADDSUB/DSP.OP/DSP48E1_BODY.NORM_RND/FULL_USAGE_DSP.SHIFT_RND/i_no_versal_es1_workaround.DSP/P[47:0] is not pipelined (MREG=0). Pipelining the multiplier function will improve performance and will save significant power so it is suggested whenever possible to fully pipeline this function.  If this multiplier was inferred, it is suggested to describe an additional register stage after this function.  If there is no registered adder/accumulator following the multiply function, two pipeline stages are suggested to allow both the MREG and PREG registers to be used.  If the DSP48 was instantiated in the design, it is suggested to set both the MREG and PREG attributes to 1 when performing multiply functions.
Related violations: <none>

DPOP-2#2 Warning
MREG Output pipelining  
DSP design_1_i/conv2d_stream_0/inst/grp_conv2d_stream_Pipeline_VITIS_LOOP_68_3_mainLoop_cols_fu_367/fadd_32ns_32ns_32_5_full_dsp_1_U52/conv2d_stream_fadd_32ns_32ns_32_5_full_dsp_1_ip_u/inst/i_synth/ADDSUB_OP.ADDSUB/DSP.OP/DSP48E1_BODY.NORM_RND/FULL_USAGE_DSP.SHIFT_RND/i_no_versal_es1_workaround.DSP multiplier stage design_1_i/conv2d_stream_0/inst/grp_conv2d_stream_Pipeline_VITIS_LOOP_68_3_mainLoop_cols_fu_367/fadd_32ns_32ns_32_5_full_dsp_1_U52/conv2d_stream_fadd_32ns_32ns_32_5_full_dsp_1_ip_u/inst/i_synth/ADDSUB_OP.ADDSUB/DSP.OP/DSP48E1_BODY.NORM_RND/FULL_USAGE_DSP.SHIFT_RND/i_no_versal_es1_workaround.DSP/P[47:0] is not pipelined (MREG=0). Pipelining the multiplier function will improve performance and will save significant power so it is suggested whenever possible to fully pipeline this function.  If this multiplier was inferred, it is suggested to describe an additional register stage after this function.  If there is no registered adder/accumulator following the multiply function, two pipeline stages are suggested to allow both the MREG and PREG registers to be used.  If the DSP48 was instantiated in the design, it is suggested to set both the MREG and PREG attributes to 1 when performing multiply functions.
Related violations: <none>

DPOP-2#3 Warning
MREG Output pipelining  
DSP design_1_i/conv2d_stream_0/inst/grp_conv2d_stream_Pipeline_VITIS_LOOP_68_3_mainLoop_cols_fu_367/fadd_32ns_32ns_32_5_full_dsp_1_U53/conv2d_stream_fadd_32ns_32ns_32_5_full_dsp_1_ip_u/inst/i_synth/ADDSUB_OP.ADDSUB/DSP.OP/DSP48E1_BODY.NORM_RND/FULL_USAGE_DSP.SHIFT_RND/i_no_versal_es1_workaround.DSP multiplier stage design_1_i/conv2d_stream_0/inst/grp_conv2d_stream_Pipeline_VITIS_LOOP_68_3_mainLoop_cols_fu_367/fadd_32ns_32ns_32_5_full_dsp_1_U53/conv2d_stream_fadd_32ns_32ns_32_5_full_dsp_1_ip_u/inst/i_synth/ADDSUB_OP.ADDSUB/DSP.OP/DSP48E1_BODY.NORM_RND/FULL_USAGE_DSP.SHIFT_RND/i_no_versal_es1_workaround.DSP/P[47:0] is not pipelined (MREG=0). Pipelining the multiplier function will improve performance and will save significant power so it is suggested whenever possible to fully pipeline this function.  If this multiplier was inferred, it is suggested to describe an additional register stage after this function.  If there is no registered adder/accumulator following the multiply function, two pipeline stages are suggested to allow both the MREG and PREG registers to be used.  If the DSP48 was instantiated in the design, it is suggested to set both the MREG and PREG attributes to 1 when performing multiply functions.
Related violations: <none>

DPOP-2#4 Warning
MREG Output pipelining  
DSP design_1_i/conv2d_stream_0/inst/grp_conv2d_stream_Pipeline_VITIS_LOOP_68_3_mainLoop_cols_fu_367/fadd_32ns_32ns_32_5_full_dsp_1_U54/conv2d_stream_fadd_32ns_32ns_32_5_full_dsp_1_ip_u/inst/i_synth/ADDSUB_OP.ADDSUB/DSP.OP/DSP48E1_BODY.NORM_RND/FULL_USAGE_DSP.SHIFT_RND/i_no_versal_es1_workaround.DSP multiplier stage design_1_i/conv2d_stream_0/inst/grp_conv2d_stream_Pipeline_VITIS_LOOP_68_3_mainLoop_cols_fu_367/fadd_32ns_32ns_32_5_full_dsp_1_U54/conv2d_stream_fadd_32ns_32ns_32_5_full_dsp_1_ip_u/inst/i_synth/ADDSUB_OP.ADDSUB/DSP.OP/DSP48E1_BODY.NORM_RND/FULL_USAGE_DSP.SHIFT_RND/i_no_versal_es1_workaround.DSP/P[47:0] is not pipelined (MREG=0). Pipelining the multiplier function will improve performance and will save significant power so it is suggested whenever possible to fully pipeline this function.  If this multiplier was inferred, it is suggested to describe an additional register stage after this function.  If there is no registered adder/accumulator following the multiply function, two pipeline stages are suggested to allow both the MREG and PREG registers to be used.  If the DSP48 was instantiated in the design, it is suggested to set both the MREG and PREG attributes to 1 when performing multiply functions.
Related violations: <none>

DPOP-2#5 Warning
MREG Output pipelining  
DSP design_1_i/conv2d_stream_0/inst/grp_conv2d_stream_Pipeline_VITIS_LOOP_68_3_mainLoop_cols_fu_367/fadd_32ns_32ns_32_5_full_dsp_1_U55/conv2d_stream_fadd_32ns_32ns_32_5_full_dsp_1_ip_u/inst/i_synth/ADDSUB_OP.ADDSUB/DSP.OP/DSP48E1_BODY.NORM_RND/FULL_USAGE_DSP.SHIFT_RND/i_no_versal_es1_workaround.DSP multiplier stage design_1_i/conv2d_stream_0/inst/grp_conv2d_stream_Pipeline_VITIS_LOOP_68_3_mainLoop_cols_fu_367/fadd_32ns_32ns_32_5_full_dsp_1_U55/conv2d_stream_fadd_32ns_32ns_32_5_full_dsp_1_ip_u/inst/i_synth/ADDSUB_OP.ADDSUB/DSP.OP/DSP48E1_BODY.NORM_RND/FULL_USAGE_DSP.SHIFT_RND/i_no_versal_es1_workaround.DSP/P[47:0] is not pipelined (MREG=0). Pipelining the multiplier function will improve performance and will save significant power so it is suggested whenever possible to fully pipeline this function.  If this multiplier was inferred, it is suggested to describe an additional register stage after this function.  If there is no registered adder/accumulator following the multiply function, two pipeline stages are suggested to allow both the MREG and PREG registers to be used.  If the DSP48 was instantiated in the design, it is suggested to set both the MREG and PREG attributes to 1 when performing multiply functions.
Related violations: <none>

DPOP-2#6 Warning
MREG Output pipelining  
DSP design_1_i/conv2d_stream_0/inst/grp_conv2d_stream_Pipeline_VITIS_LOOP_68_3_mainLoop_cols_fu_367/fadd_32ns_32ns_32_5_full_dsp_1_U56/conv2d_stream_fadd_32ns_32ns_32_5_full_dsp_1_ip_u/inst/i_synth/ADDSUB_OP.ADDSUB/DSP.OP/DSP48E1_BODY.NORM_RND/FULL_USAGE_DSP.SHIFT_RND/i_no_versal_es1_workaround.DSP multiplier stage design_1_i/conv2d_stream_0/inst/grp_conv2d_stream_Pipeline_VITIS_LOOP_68_3_mainLoop_cols_fu_367/fadd_32ns_32ns_32_5_full_dsp_1_U56/conv2d_stream_fadd_32ns_32ns_32_5_full_dsp_1_ip_u/inst/i_synth/ADDSUB_OP.ADDSUB/DSP.OP/DSP48E1_BODY.NORM_RND/FULL_USAGE_DSP.SHIFT_RND/i_no_versal_es1_workaround.DSP/P[47:0] is not pipelined (MREG=0). Pipelining the multiplier function will improve performance and will save significant power so it is suggested whenever possible to fully pipeline this function.  If this multiplier was inferred, it is suggested to describe an additional register stage after this function.  If there is no registered adder/accumulator following the multiply function, two pipeline stages are suggested to allow both the MREG and PREG registers to be used.  If the DSP48 was instantiated in the design, it is suggested to set both the MREG and PREG attributes to 1 when performing multiply functions.
Related violations: <none>

DPOP-2#7 Warning
MREG Output pipelining  
DSP design_1_i/conv2d_stream_0/inst/grp_conv2d_stream_Pipeline_VITIS_LOOP_68_3_mainLoop_cols_fu_367/fadd_32ns_32ns_32_5_full_dsp_1_U57/conv2d_stream_fadd_32ns_32ns_32_5_full_dsp_1_ip_u/inst/i_synth/ADDSUB_OP.ADDSUB/DSP.OP/DSP48E1_BODY.NORM_RND/FULL_USAGE_DSP.SHIFT_RND/i_no_versal_es1_workaround.DSP multiplier stage design_1_i/conv2d_stream_0/inst/grp_conv2d_stream_Pipeline_VITIS_LOOP_68_3_mainLoop_cols_fu_367/fadd_32ns_32ns_32_5_full_dsp_1_U57/conv2d_stream_fadd_32ns_32ns_32_5_full_dsp_1_ip_u/inst/i_synth/ADDSUB_OP.ADDSUB/DSP.OP/DSP48E1_BODY.NORM_RND/FULL_USAGE_DSP.SHIFT_RND/i_no_versal_es1_workaround.DSP/P[47:0] is not pipelined (MREG=0). Pipelining the multiplier function will improve performance and will save significant power so it is suggested whenever possible to fully pipeline this function.  If this multiplier was inferred, it is suggested to describe an additional register stage after this function.  If there is no registered adder/accumulator following the multiply function, two pipeline stages are suggested to allow both the MREG and PREG registers to be used.  If the DSP48 was instantiated in the design, it is suggested to set both the MREG and PREG attributes to 1 when performing multiply functions.
Related violations: <none>

DPOP-2#8 Warning
MREG Output pipelining  
DSP design_1_i/conv2d_stream_0/inst/grp_conv2d_stream_Pipeline_VITIS_LOOP_68_3_mainLoop_cols_fu_367/fadd_32ns_32ns_32_5_full_dsp_1_U58/conv2d_stream_fadd_32ns_32ns_32_5_full_dsp_1_ip_u/inst/i_synth/ADDSUB_OP.ADDSUB/DSP.OP/DSP48E1_BODY.NORM_RND/FULL_USAGE_DSP.SHIFT_RND/i_no_versal_es1_workaround.DSP multiplier stage design_1_i/conv2d_stream_0/inst/grp_conv2d_stream_Pipeline_VITIS_LOOP_68_3_mainLoop_cols_fu_367/fadd_32ns_32ns_32_5_full_dsp_1_U58/conv2d_stream_fadd_32ns_32ns_32_5_full_dsp_1_ip_u/inst/i_synth/ADDSUB_OP.ADDSUB/DSP.OP/DSP48E1_BODY.NORM_RND/FULL_USAGE_DSP.SHIFT_RND/i_no_versal_es1_workaround.DSP/P[47:0] is not pipelined (MREG=0). Pipelining the multiplier function will improve performance and will save significant power so it is suggested whenever possible to fully pipeline this function.  If this multiplier was inferred, it is suggested to describe an additional register stage after this function.  If there is no registered adder/accumulator following the multiply function, two pipeline stages are suggested to allow both the MREG and PREG registers to be used.  If the DSP48 was instantiated in the design, it is suggested to set both the MREG and PREG attributes to 1 when performing multiply functions.
Related violations: <none>

DPOP-2#9 Warning
MREG Output pipelining  
DSP design_1_i/conv2d_stream_0/inst/grp_conv2d_stream_Pipeline_VITIS_LOOP_68_3_mainLoop_cols_fu_367/fadd_32ns_32ns_32_5_full_dsp_1_U59/conv2d_stream_fadd_32ns_32ns_32_5_full_dsp_1_ip_u/inst/i_synth/ADDSUB_OP.ADDSUB/DSP.OP/DSP48E1_BODY.NORM_RND/FULL_USAGE_DSP.SHIFT_RND/i_no_versal_es1_workaround.DSP multiplier stage design_1_i/conv2d_stream_0/inst/grp_conv2d_stream_Pipeline_VITIS_LOOP_68_3_mainLoop_cols_fu_367/fadd_32ns_32ns_32_5_full_dsp_1_U59/conv2d_stream_fadd_32ns_32ns_32_5_full_dsp_1_ip_u/inst/i_synth/ADDSUB_OP.ADDSUB/DSP.OP/DSP48E1_BODY.NORM_RND/FULL_USAGE_DSP.SHIFT_RND/i_no_versal_es1_workaround.DSP/P[47:0] is not pipelined (MREG=0). Pipelining the multiplier function will improve performance and will save significant power so it is suggested whenever possible to fully pipeline this function.  If this multiplier was inferred, it is suggested to describe an additional register stage after this function.  If there is no registered adder/accumulator following the multiply function, two pipeline stages are suggested to allow both the MREG and PREG registers to be used.  If the DSP48 was instantiated in the design, it is suggested to set both the MREG and PREG attributes to 1 when performing multiply functions.
Related violations: <none>

DPOP-2#10 Warning
MREG Output pipelining  
DSP design_1_i/conv2d_stream_0/inst/grp_conv2d_stream_Pipeline_VITIS_LOOP_68_3_mainLoop_cols_fu_367/fadd_32ns_32ns_32_5_full_dsp_1_U60/conv2d_stream_fadd_32ns_32ns_32_5_full_dsp_1_ip_u/inst/i_synth/ADDSUB_OP.ADDSUB/DSP.OP/DSP48E1_BODY.NORM_RND/FULL_USAGE_DSP.SHIFT_RND/i_no_versal_es1_workaround.DSP multiplier stage design_1_i/conv2d_stream_0/inst/grp_conv2d_stream_Pipeline_VITIS_LOOP_68_3_mainLoop_cols_fu_367/fadd_32ns_32ns_32_5_full_dsp_1_U60/conv2d_stream_fadd_32ns_32ns_32_5_full_dsp_1_ip_u/inst/i_synth/ADDSUB_OP.ADDSUB/DSP.OP/DSP48E1_BODY.NORM_RND/FULL_USAGE_DSP.SHIFT_RND/i_no_versal_es1_workaround.DSP/P[47:0] is not pipelined (MREG=0). Pipelining the multiplier function will improve performance and will save significant power so it is suggested whenever possible to fully pipeline this function.  If this multiplier was inferred, it is suggested to describe an additional register stage after this function.  If there is no registered adder/accumulator following the multiply function, two pipeline stages are suggested to allow both the MREG and PREG registers to be used.  If the DSP48 was instantiated in the design, it is suggested to set both the MREG and PREG attributes to 1 when performing multiply functions.
Related violations: <none>

DPOP-2#11 Warning
MREG Output pipelining  
DSP design_1_i/conv2d_stream_0/inst/grp_conv2d_stream_Pipeline_VITIS_LOOP_68_3_mainLoop_cols_fu_367/fadd_32ns_32ns_32_5_full_dsp_1_U61/conv2d_stream_fadd_32ns_32ns_32_5_full_dsp_1_ip_u/inst/i_synth/ADDSUB_OP.ADDSUB/DSP.OP/DSP48E1_BODY.NORM_RND/FULL_USAGE_DSP.SHIFT_RND/i_no_versal_es1_workaround.DSP multiplier stage design_1_i/conv2d_stream_0/inst/grp_conv2d_stream_Pipeline_VITIS_LOOP_68_3_mainLoop_cols_fu_367/fadd_32ns_32ns_32_5_full_dsp_1_U61/conv2d_stream_fadd_32ns_32ns_32_5_full_dsp_1_ip_u/inst/i_synth/ADDSUB_OP.ADDSUB/DSP.OP/DSP48E1_BODY.NORM_RND/FULL_USAGE_DSP.SHIFT_RND/i_no_versal_es1_workaround.DSP/P[47:0] is not pipelined (MREG=0). Pipelining the multiplier function will improve performance and will save significant power so it is suggested whenever possible to fully pipeline this function.  If this multiplier was inferred, it is suggested to describe an additional register stage after this function.  If there is no registered adder/accumulator following the multiply function, two pipeline stages are suggested to allow both the MREG and PREG registers to be used.  If the DSP48 was instantiated in the design, it is suggested to set both the MREG and PREG attributes to 1 when performing multiply functions.
Related violations: <none>

DPOP-2#12 Warning
MREG Output pipelining  
DSP design_1_i/conv2d_stream_0/inst/grp_conv2d_stream_Pipeline_VITIS_LOOP_68_3_mainLoop_cols_fu_367/fadd_32ns_32ns_32_5_full_dsp_1_U62/conv2d_stream_fadd_32ns_32ns_32_5_full_dsp_1_ip_u/inst/i_synth/ADDSUB_OP.ADDSUB/DSP.OP/DSP48E1_BODY.NORM_RND/FULL_USAGE_DSP.SHIFT_RND/i_no_versal_es1_workaround.DSP multiplier stage design_1_i/conv2d_stream_0/inst/grp_conv2d_stream_Pipeline_VITIS_LOOP_68_3_mainLoop_cols_fu_367/fadd_32ns_32ns_32_5_full_dsp_1_U62/conv2d_stream_fadd_32ns_32ns_32_5_full_dsp_1_ip_u/inst/i_synth/ADDSUB_OP.ADDSUB/DSP.OP/DSP48E1_BODY.NORM_RND/FULL_USAGE_DSP.SHIFT_RND/i_no_versal_es1_workaround.DSP/P[47:0] is not pipelined (MREG=0). Pipelining the multiplier function will improve performance and will save significant power so it is suggested whenever possible to fully pipeline this function.  If this multiplier was inferred, it is suggested to describe an additional register stage after this function.  If there is no registered adder/accumulator following the multiply function, two pipeline stages are suggested to allow both the MREG and PREG registers to be used.  If the DSP48 was instantiated in the design, it is suggested to set both the MREG and PREG attributes to 1 when performing multiply functions.
Related violations: <none>

DPOP-2#13 Warning
MREG Output pipelining  
DSP design_1_i/conv2d_stream_0/inst/grp_conv2d_stream_Pipeline_VITIS_LOOP_68_3_mainLoop_cols_fu_367/fadd_32ns_32ns_32_5_full_dsp_1_U63/conv2d_stream_fadd_32ns_32ns_32_5_full_dsp_1_ip_u/inst/i_synth/ADDSUB_OP.ADDSUB/DSP.OP/DSP48E1_BODY.NORM_RND/FULL_USAGE_DSP.SHIFT_RND/i_no_versal_es1_workaround.DSP multiplier stage design_1_i/conv2d_stream_0/inst/grp_conv2d_stream_Pipeline_VITIS_LOOP_68_3_mainLoop_cols_fu_367/fadd_32ns_32ns_32_5_full_dsp_1_U63/conv2d_stream_fadd_32ns_32ns_32_5_full_dsp_1_ip_u/inst/i_synth/ADDSUB_OP.ADDSUB/DSP.OP/DSP48E1_BODY.NORM_RND/FULL_USAGE_DSP.SHIFT_RND/i_no_versal_es1_workaround.DSP/P[47:0] is not pipelined (MREG=0). Pipelining the multiplier function will improve performance and will save significant power so it is suggested whenever possible to fully pipeline this function.  If this multiplier was inferred, it is suggested to describe an additional register stage after this function.  If there is no registered adder/accumulator following the multiply function, two pipeline stages are suggested to allow both the MREG and PREG registers to be used.  If the DSP48 was instantiated in the design, it is suggested to set both the MREG and PREG attributes to 1 when performing multiply functions.
Related violations: <none>

DPOP-2#14 Warning
MREG Output pipelining  
DSP design_1_i/conv2d_stream_0/inst/grp_conv2d_stream_Pipeline_VITIS_LOOP_68_3_mainLoop_cols_fu_367/fadd_32ns_32ns_32_5_full_dsp_1_U64/conv2d_stream_fadd_32ns_32ns_32_5_full_dsp_1_ip_u/inst/i_synth/ADDSUB_OP.ADDSUB/DSP.OP/DSP48E1_BODY.NORM_RND/FULL_USAGE_DSP.SHIFT_RND/i_no_versal_es1_workaround.DSP multiplier stage design_1_i/conv2d_stream_0/inst/grp_conv2d_stream_Pipeline_VITIS_LOOP_68_3_mainLoop_cols_fu_367/fadd_32ns_32ns_32_5_full_dsp_1_U64/conv2d_stream_fadd_32ns_32ns_32_5_full_dsp_1_ip_u/inst/i_synth/ADDSUB_OP.ADDSUB/DSP.OP/DSP48E1_BODY.NORM_RND/FULL_USAGE_DSP.SHIFT_RND/i_no_versal_es1_workaround.DSP/P[47:0] is not pipelined (MREG=0). Pipelining the multiplier function will improve performance and will save significant power so it is suggested whenever possible to fully pipeline this function.  If this multiplier was inferred, it is suggested to describe an additional register stage after this function.  If there is no registered adder/accumulator following the multiply function, two pipeline stages are suggested to allow both the MREG and PREG registers to be used.  If the DSP48 was instantiated in the design, it is suggested to set both the MREG and PREG attributes to 1 when performing multiply functions.
Related violations: <none>

DPOP-2#15 Warning
MREG Output pipelining  
DSP design_1_i/conv2d_stream_0/inst/grp_conv2d_stream_Pipeline_VITIS_LOOP_68_3_mainLoop_cols_fu_367/fadd_32ns_32ns_32_5_full_dsp_1_U65/conv2d_stream_fadd_32ns_32ns_32_5_full_dsp_1_ip_u/inst/i_synth/ADDSUB_OP.ADDSUB/DSP.OP/DSP48E1_BODY.NORM_RND/FULL_USAGE_DSP.SHIFT_RND/i_no_versal_es1_workaround.DSP multiplier stage design_1_i/conv2d_stream_0/inst/grp_conv2d_stream_Pipeline_VITIS_LOOP_68_3_mainLoop_cols_fu_367/fadd_32ns_32ns_32_5_full_dsp_1_U65/conv2d_stream_fadd_32ns_32ns_32_5_full_dsp_1_ip_u/inst/i_synth/ADDSUB_OP.ADDSUB/DSP.OP/DSP48E1_BODY.NORM_RND/FULL_USAGE_DSP.SHIFT_RND/i_no_versal_es1_workaround.DSP/P[47:0] is not pipelined (MREG=0). Pipelining the multiplier function will improve performance and will save significant power so it is suggested whenever possible to fully pipeline this function.  If this multiplier was inferred, it is suggested to describe an additional register stage after this function.  If there is no registered adder/accumulator following the multiply function, two pipeline stages are suggested to allow both the MREG and PREG registers to be used.  If the DSP48 was instantiated in the design, it is suggested to set both the MREG and PREG attributes to 1 when performing multiply functions.
Related violations: <none>

DPOP-2#16 Warning
MREG Output pipelining  
DSP design_1_i/conv2d_stream_0/inst/grp_conv2d_stream_Pipeline_VITIS_LOOP_68_3_mainLoop_cols_fu_367/fadd_32ns_32ns_32_5_full_dsp_1_U66/conv2d_stream_fadd_32ns_32ns_32_5_full_dsp_1_ip_u/inst/i_synth/ADDSUB_OP.ADDSUB/DSP.OP/DSP48E1_BODY.NORM_RND/FULL_USAGE_DSP.SHIFT_RND/i_no_versal_es1_workaround.DSP multiplier stage design_1_i/conv2d_stream_0/inst/grp_conv2d_stream_Pipeline_VITIS_LOOP_68_3_mainLoop_cols_fu_367/fadd_32ns_32ns_32_5_full_dsp_1_U66/conv2d_stream_fadd_32ns_32ns_32_5_full_dsp_1_ip_u/inst/i_synth/ADDSUB_OP.ADDSUB/DSP.OP/DSP48E1_BODY.NORM_RND/FULL_USAGE_DSP.SHIFT_RND/i_no_versal_es1_workaround.DSP/P[47:0] is not pipelined (MREG=0). Pipelining the multiplier function will improve performance and will save significant power so it is suggested whenever possible to fully pipeline this function.  If this multiplier was inferred, it is suggested to describe an additional register stage after this function.  If there is no registered adder/accumulator following the multiply function, two pipeline stages are suggested to allow both the MREG and PREG registers to be used.  If the DSP48 was instantiated in the design, it is suggested to set both the MREG and PREG attributes to 1 when performing multiply functions.
Related violations: <none>

DPOP-2#17 Warning
MREG Output pipelining  
DSP design_1_i/conv2d_stream_0/inst/grp_conv2d_stream_Pipeline_VITIS_LOOP_68_3_mainLoop_cols_fu_367/fadd_32ns_32ns_32_5_full_dsp_1_U67/conv2d_stream_fadd_32ns_32ns_32_5_full_dsp_1_ip_u/inst/i_synth/ADDSUB_OP.ADDSUB/DSP.OP/DSP48E1_BODY.NORM_RND/FULL_USAGE_DSP.SHIFT_RND/i_no_versal_es1_workaround.DSP multiplier stage design_1_i/conv2d_stream_0/inst/grp_conv2d_stream_Pipeline_VITIS_LOOP_68_3_mainLoop_cols_fu_367/fadd_32ns_32ns_32_5_full_dsp_1_U67/conv2d_stream_fadd_32ns_32ns_32_5_full_dsp_1_ip_u/inst/i_synth/ADDSUB_OP.ADDSUB/DSP.OP/DSP48E1_BODY.NORM_RND/FULL_USAGE_DSP.SHIFT_RND/i_no_versal_es1_workaround.DSP/P[47:0] is not pipelined (MREG=0). Pipelining the multiplier function will improve performance and will save significant power so it is suggested whenever possible to fully pipeline this function.  If this multiplier was inferred, it is suggested to describe an additional register stage after this function.  If there is no registered adder/accumulator following the multiply function, two pipeline stages are suggested to allow both the MREG and PREG registers to be used.  If the DSP48 was instantiated in the design, it is suggested to set both the MREG and PREG attributes to 1 when performing multiply functions.
Related violations: <none>

DPOP-2#18 Warning
MREG Output pipelining  
DSP design_1_i/conv2d_stream_0/inst/grp_conv2d_stream_Pipeline_VITIS_LOOP_68_3_mainLoop_cols_fu_367/fadd_32ns_32ns_32_5_full_dsp_1_U68/conv2d_stream_fadd_32ns_32ns_32_5_full_dsp_1_ip_u/inst/i_synth/ADDSUB_OP.ADDSUB/DSP.OP/DSP48E1_BODY.NORM_RND/FULL_USAGE_DSP.SHIFT_RND/i_no_versal_es1_workaround.DSP multiplier stage design_1_i/conv2d_stream_0/inst/grp_conv2d_stream_Pipeline_VITIS_LOOP_68_3_mainLoop_cols_fu_367/fadd_32ns_32ns_32_5_full_dsp_1_U68/conv2d_stream_fadd_32ns_32ns_32_5_full_dsp_1_ip_u/inst/i_synth/ADDSUB_OP.ADDSUB/DSP.OP/DSP48E1_BODY.NORM_RND/FULL_USAGE_DSP.SHIFT_RND/i_no_versal_es1_workaround.DSP/P[47:0] is not pipelined (MREG=0). Pipelining the multiplier function will improve performance and will save significant power so it is suggested whenever possible to fully pipeline this function.  If this multiplier was inferred, it is suggested to describe an additional register stage after this function.  If there is no registered adder/accumulator following the multiply function, two pipeline stages are suggested to allow both the MREG and PREG registers to be used.  If the DSP48 was instantiated in the design, it is suggested to set both the MREG and PREG attributes to 1 when performing multiply functions.
Related violations: <none>

DPOP-2#19 Warning
MREG Output pipelining  
DSP design_1_i/conv2d_stream_0/inst/grp_conv2d_stream_Pipeline_VITIS_LOOP_68_3_mainLoop_cols_fu_367/fadd_32ns_32ns_32_5_full_dsp_1_U69/conv2d_stream_fadd_32ns_32ns_32_5_full_dsp_1_ip_u/inst/i_synth/ADDSUB_OP.ADDSUB/DSP.OP/DSP48E1_BODY.NORM_RND/FULL_USAGE_DSP.SHIFT_RND/i_no_versal_es1_workaround.DSP multiplier stage design_1_i/conv2d_stream_0/inst/grp_conv2d_stream_Pipeline_VITIS_LOOP_68_3_mainLoop_cols_fu_367/fadd_32ns_32ns_32_5_full_dsp_1_U69/conv2d_stream_fadd_32ns_32ns_32_5_full_dsp_1_ip_u/inst/i_synth/ADDSUB_OP.ADDSUB/DSP.OP/DSP48E1_BODY.NORM_RND/FULL_USAGE_DSP.SHIFT_RND/i_no_versal_es1_workaround.DSP/P[47:0] is not pipelined (MREG=0). Pipelining the multiplier function will improve performance and will save significant power so it is suggested whenever possible to fully pipeline this function.  If this multiplier was inferred, it is suggested to describe an additional register stage after this function.  If there is no registered adder/accumulator following the multiply function, two pipeline stages are suggested to allow both the MREG and PREG registers to be used.  If the DSP48 was instantiated in the design, it is suggested to set both the MREG and PREG attributes to 1 when performing multiply functions.
Related violations: <none>

DPOP-2#20 Warning
MREG Output pipelining  
DSP design_1_i/conv2d_stream_0/inst/grp_conv2d_stream_Pipeline_VITIS_LOOP_68_3_mainLoop_cols_fu_367/fadd_32ns_32ns_32_5_full_dsp_1_U70/conv2d_stream_fadd_32ns_32ns_32_5_full_dsp_1_ip_u/inst/i_synth/ADDSUB_OP.ADDSUB/DSP.OP/DSP48E1_BODY.NORM_RND/FULL_USAGE_DSP.SHIFT_RND/i_no_versal_es1_workaround.DSP multiplier stage design_1_i/conv2d_stream_0/inst/grp_conv2d_stream_Pipeline_VITIS_LOOP_68_3_mainLoop_cols_fu_367/fadd_32ns_32ns_32_5_full_dsp_1_U70/conv2d_stream_fadd_32ns_32ns_32_5_full_dsp_1_ip_u/inst/i_synth/ADDSUB_OP.ADDSUB/DSP.OP/DSP48E1_BODY.NORM_RND/FULL_USAGE_DSP.SHIFT_RND/i_no_versal_es1_workaround.DSP/P[47:0] is not pipelined (MREG=0). Pipelining the multiplier function will improve performance and will save significant power so it is suggested whenever possible to fully pipeline this function.  If this multiplier was inferred, it is suggested to describe an additional register stage after this function.  If there is no registered adder/accumulator following the multiply function, two pipeline stages are suggested to allow both the MREG and PREG registers to be used.  If the DSP48 was instantiated in the design, it is suggested to set both the MREG and PREG attributes to 1 when performing multiply functions.
Related violations: <none>

DPOP-2#21 Warning
MREG Output pipelining  
DSP design_1_i/conv2d_stream_0/inst/grp_conv2d_stream_Pipeline_VITIS_LOOP_68_3_mainLoop_cols_fu_367/fadd_32ns_32ns_32_5_full_dsp_1_U71/conv2d_stream_fadd_32ns_32ns_32_5_full_dsp_1_ip_u/inst/i_synth/ADDSUB_OP.ADDSUB/DSP.OP/DSP48E1_BODY.NORM_RND/FULL_USAGE_DSP.SHIFT_RND/i_no_versal_es1_workaround.DSP multiplier stage design_1_i/conv2d_stream_0/inst/grp_conv2d_stream_Pipeline_VITIS_LOOP_68_3_mainLoop_cols_fu_367/fadd_32ns_32ns_32_5_full_dsp_1_U71/conv2d_stream_fadd_32ns_32ns_32_5_full_dsp_1_ip_u/inst/i_synth/ADDSUB_OP.ADDSUB/DSP.OP/DSP48E1_BODY.NORM_RND/FULL_USAGE_DSP.SHIFT_RND/i_no_versal_es1_workaround.DSP/P[47:0] is not pipelined (MREG=0). Pipelining the multiplier function will improve performance and will save significant power so it is suggested whenever possible to fully pipeline this function.  If this multiplier was inferred, it is suggested to describe an additional register stage after this function.  If there is no registered adder/accumulator following the multiply function, two pipeline stages are suggested to allow both the MREG and PREG registers to be used.  If the DSP48 was instantiated in the design, it is suggested to set both the MREG and PREG attributes to 1 when performing multiply functions.
Related violations: <none>

DPOP-2#22 Warning
MREG Output pipelining  
DSP design_1_i/conv2d_stream_0/inst/grp_conv2d_stream_Pipeline_VITIS_LOOP_68_3_mainLoop_cols_fu_367/fadd_32ns_32ns_32_5_full_dsp_1_U72/conv2d_stream_fadd_32ns_32ns_32_5_full_dsp_1_ip_u/inst/i_synth/ADDSUB_OP.ADDSUB/DSP.OP/DSP48E1_BODY.NORM_RND/FULL_USAGE_DSP.SHIFT_RND/i_no_versal_es1_workaround.DSP multiplier stage design_1_i/conv2d_stream_0/inst/grp_conv2d_stream_Pipeline_VITIS_LOOP_68_3_mainLoop_cols_fu_367/fadd_32ns_32ns_32_5_full_dsp_1_U72/conv2d_stream_fadd_32ns_32ns_32_5_full_dsp_1_ip_u/inst/i_synth/ADDSUB_OP.ADDSUB/DSP.OP/DSP48E1_BODY.NORM_RND/FULL_USAGE_DSP.SHIFT_RND/i_no_versal_es1_workaround.DSP/P[47:0] is not pipelined (MREG=0). Pipelining the multiplier function will improve performance and will save significant power so it is suggested whenever possible to fully pipeline this function.  If this multiplier was inferred, it is suggested to describe an additional register stage after this function.  If there is no registered adder/accumulator following the multiply function, two pipeline stages are suggested to allow both the MREG and PREG registers to be used.  If the DSP48 was instantiated in the design, it is suggested to set both the MREG and PREG attributes to 1 when performing multiply functions.
Related violations: <none>

DPOP-2#23 Warning
MREG Output pipelining  
DSP design_1_i/conv2d_stream_0/inst/grp_conv2d_stream_Pipeline_VITIS_LOOP_68_3_mainLoop_cols_fu_367/fadd_32ns_32ns_32_5_full_dsp_1_U73/conv2d_stream_fadd_32ns_32ns_32_5_full_dsp_1_ip_u/inst/i_synth/ADDSUB_OP.ADDSUB/DSP.OP/DSP48E1_BODY.NORM_RND/FULL_USAGE_DSP.SHIFT_RND/i_no_versal_es1_workaround.DSP multiplier stage design_1_i/conv2d_stream_0/inst/grp_conv2d_stream_Pipeline_VITIS_LOOP_68_3_mainLoop_cols_fu_367/fadd_32ns_32ns_32_5_full_dsp_1_U73/conv2d_stream_fadd_32ns_32ns_32_5_full_dsp_1_ip_u/inst/i_synth/ADDSUB_OP.ADDSUB/DSP.OP/DSP48E1_BODY.NORM_RND/FULL_USAGE_DSP.SHIFT_RND/i_no_versal_es1_workaround.DSP/P[47:0] is not pipelined (MREG=0). Pipelining the multiplier function will improve performance and will save significant power so it is suggested whenever possible to fully pipeline this function.  If this multiplier was inferred, it is suggested to describe an additional register stage after this function.  If there is no registered adder/accumulator following the multiply function, two pipeline stages are suggested to allow both the MREG and PREG registers to be used.  If the DSP48 was instantiated in the design, it is suggested to set both the MREG and PREG attributes to 1 when performing multiply functions.
Related violations: <none>

DPOP-2#24 Warning
MREG Output pipelining  
DSP design_1_i/conv2d_stream_0/inst/grp_conv2d_stream_Pipeline_VITIS_LOOP_68_3_mainLoop_cols_fu_367/fadd_32ns_32ns_32_5_full_dsp_1_U74/conv2d_stream_fadd_32ns_32ns_32_5_full_dsp_1_ip_u/inst/i_synth/ADDSUB_OP.ADDSUB/DSP.OP/DSP48E1_BODY.NORM_RND/FULL_USAGE_DSP.SHIFT_RND/i_no_versal_es1_workaround.DSP multiplier stage design_1_i/conv2d_stream_0/inst/grp_conv2d_stream_Pipeline_VITIS_LOOP_68_3_mainLoop_cols_fu_367/fadd_32ns_32ns_32_5_full_dsp_1_U74/conv2d_stream_fadd_32ns_32ns_32_5_full_dsp_1_ip_u/inst/i_synth/ADDSUB_OP.ADDSUB/DSP.OP/DSP48E1_BODY.NORM_RND/FULL_USAGE_DSP.SHIFT_RND/i_no_versal_es1_workaround.DSP/P[47:0] is not pipelined (MREG=0). Pipelining the multiplier function will improve performance and will save significant power so it is suggested whenever possible to fully pipeline this function.  If this multiplier was inferred, it is suggested to describe an additional register stage after this function.  If there is no registered adder/accumulator following the multiply function, two pipeline stages are suggested to allow both the MREG and PREG registers to be used.  If the DSP48 was instantiated in the design, it is suggested to set both the MREG and PREG attributes to 1 when performing multiply functions.
Related violations: <none>

DPOP-2#25 Warning
MREG Output pipelining  
DSP design_1_i/conv2d_stream_0/inst/grp_conv2d_stream_Pipeline_VITIS_LOOP_68_3_mainLoop_cols_fu_367/fadd_32ns_32ns_32_5_full_dsp_1_U75/conv2d_stream_fadd_32ns_32ns_32_5_full_dsp_1_ip_u/inst/i_synth/ADDSUB_OP.ADDSUB/DSP.OP/DSP48E1_BODY.NORM_RND/FULL_USAGE_DSP.SHIFT_RND/i_no_versal_es1_workaround.DSP multiplier stage design_1_i/conv2d_stream_0/inst/grp_conv2d_stream_Pipeline_VITIS_LOOP_68_3_mainLoop_cols_fu_367/fadd_32ns_32ns_32_5_full_dsp_1_U75/conv2d_stream_fadd_32ns_32ns_32_5_full_dsp_1_ip_u/inst/i_synth/ADDSUB_OP.ADDSUB/DSP.OP/DSP48E1_BODY.NORM_RND/FULL_USAGE_DSP.SHIFT_RND/i_no_versal_es1_workaround.DSP/P[47:0] is not pipelined (MREG=0). Pipelining the multiplier function will improve performance and will save significant power so it is suggested whenever possible to fully pipeline this function.  If this multiplier was inferred, it is suggested to describe an additional register stage after this function.  If there is no registered adder/accumulator following the multiply function, two pipeline stages are suggested to allow both the MREG and PREG registers to be used.  If the DSP48 was instantiated in the design, it is suggested to set both the MREG and PREG attributes to 1 when performing multiply functions.
Related violations: <none>

DPOP-2#26 Warning
MREG Output pipelining  
DSP design_1_i/conv2d_stream_0/inst/grp_conv2d_stream_Pipeline_VITIS_LOOP_68_3_mainLoop_cols_fu_367/fmul_32ns_32ns_32_3_max_dsp_1_U100/conv2d_stream_fmul_32ns_32ns_32_3_max_dsp_1_ip_u/inst/i_synth/MULT.OP/i_non_prim.MULT/DSP48E1_SPD_SGL_VARIANT.FIX_MULT/DSP1/i_no_versal_es1_workaround.DSP multiplier stage design_1_i/conv2d_stream_0/inst/grp_conv2d_stream_Pipeline_VITIS_LOOP_68_3_mainLoop_cols_fu_367/fmul_32ns_32ns_32_3_max_dsp_1_U100/conv2d_stream_fmul_32ns_32ns_32_3_max_dsp_1_ip_u/inst/i_synth/MULT.OP/i_non_prim.MULT/DSP48E1_SPD_SGL_VARIANT.FIX_MULT/DSP1/i_no_versal_es1_workaround.DSP/PATTERNDETECT is not pipelined (MREG=0). Pipelining the multiplier function will improve performance and will save significant power so it is suggested whenever possible to fully pipeline this function.  If this multiplier was inferred, it is suggested to describe an additional register stage after this function.  If there is no registered adder/accumulator following the multiply function, two pipeline stages are suggested to allow both the MREG and PREG registers to be used.  If the DSP48 was instantiated in the design, it is suggested to set both the MREG and PREG attributes to 1 when performing multiply functions.
Related violations: <none>

DPOP-2#27 Warning
MREG Output pipelining  
DSP design_1_i/conv2d_stream_0/inst/grp_conv2d_stream_Pipeline_VITIS_LOOP_68_3_mainLoop_cols_fu_367/fmul_32ns_32ns_32_3_max_dsp_1_U100/conv2d_stream_fmul_32ns_32ns_32_3_max_dsp_1_ip_u/inst/i_synth/MULT.OP/i_non_prim.MULT/DSP48E1_SPD_SGL_VARIANT.FIX_MULT/DSP2/i_no_versal_es1_workaround.DSP multiplier stage design_1_i/conv2d_stream_0/inst/grp_conv2d_stream_Pipeline_VITIS_LOOP_68_3_mainLoop_cols_fu_367/fmul_32ns_32ns_32_3_max_dsp_1_U100/conv2d_stream_fmul_32ns_32ns_32_3_max_dsp_1_ip_u/inst/i_synth/MULT.OP/i_non_prim.MULT/DSP48E1_SPD_SGL_VARIANT.FIX_MULT/DSP2/i_no_versal_es1_workaround.DSP/PATTERNDETECT is not pipelined (MREG=0). Pipelining the multiplier function will improve performance and will save significant power so it is suggested whenever possible to fully pipeline this function.  If this multiplier was inferred, it is suggested to describe an additional register stage after this function.  If there is no registered adder/accumulator following the multiply function, two pipeline stages are suggested to allow both the MREG and PREG registers to be used.  If the DSP48 was instantiated in the design, it is suggested to set both the MREG and PREG attributes to 1 when performing multiply functions.
Related violations: <none>

DPOP-2#28 Warning
MREG Output pipelining  
DSP design_1_i/conv2d_stream_0/inst/grp_conv2d_stream_Pipeline_VITIS_LOOP_68_3_mainLoop_cols_fu_367/fmul_32ns_32ns_32_3_max_dsp_1_U100/conv2d_stream_fmul_32ns_32ns_32_3_max_dsp_1_ip_u/inst/i_synth/MULT.OP/i_non_prim.MULT/DSP48E1_SPD_SGL_VARIANT.FIX_MULT/DSP2/i_no_versal_es1_workaround.DSP multiplier stage design_1_i/conv2d_stream_0/inst/grp_conv2d_stream_Pipeline_VITIS_LOOP_68_3_mainLoop_cols_fu_367/fmul_32ns_32ns_32_3_max_dsp_1_U100/conv2d_stream_fmul_32ns_32ns_32_3_max_dsp_1_ip_u/inst/i_synth/MULT.OP/i_non_prim.MULT/DSP48E1_SPD_SGL_VARIANT.FIX_MULT/DSP2/i_no_versal_es1_workaround.DSP/P[47:0] is not pipelined (MREG=0). Pipelining the multiplier function will improve performance and will save significant power so it is suggested whenever possible to fully pipeline this function.  If this multiplier was inferred, it is suggested to describe an additional register stage after this function.  If there is no registered adder/accumulator following the multiply function, two pipeline stages are suggested to allow both the MREG and PREG registers to be used.  If the DSP48 was instantiated in the design, it is suggested to set both the MREG and PREG attributes to 1 when performing multiply functions.
Related violations: <none>

DPOP-2#29 Warning
MREG Output pipelining  
DSP design_1_i/conv2d_stream_0/inst/grp_conv2d_stream_Pipeline_VITIS_LOOP_68_3_mainLoop_cols_fu_367/fmul_32ns_32ns_32_3_max_dsp_1_U76/conv2d_stream_fmul_32ns_32ns_32_3_max_dsp_1_ip_u/inst/i_synth/MULT.OP/i_non_prim.MULT/DSP48E1_SPD_SGL_VARIANT.FIX_MULT/DSP1/i_no_versal_es1_workaround.DSP multiplier stage design_1_i/conv2d_stream_0/inst/grp_conv2d_stream_Pipeline_VITIS_LOOP_68_3_mainLoop_cols_fu_367/fmul_32ns_32ns_32_3_max_dsp_1_U76/conv2d_stream_fmul_32ns_32ns_32_3_max_dsp_1_ip_u/inst/i_synth/MULT.OP/i_non_prim.MULT/DSP48E1_SPD_SGL_VARIANT.FIX_MULT/DSP1/i_no_versal_es1_workaround.DSP/PATTERNDETECT is not pipelined (MREG=0). Pipelining the multiplier function will improve performance and will save significant power so it is suggested whenever possible to fully pipeline this function.  If this multiplier was inferred, it is suggested to describe an additional register stage after this function.  If there is no registered adder/accumulator following the multiply function, two pipeline stages are suggested to allow both the MREG and PREG registers to be used.  If the DSP48 was instantiated in the design, it is suggested to set both the MREG and PREG attributes to 1 when performing multiply functions.
Related violations: <none>

DPOP-2#30 Warning
MREG Output pipelining  
DSP design_1_i/conv2d_stream_0/inst/grp_conv2d_stream_Pipeline_VITIS_LOOP_68_3_mainLoop_cols_fu_367/fmul_32ns_32ns_32_3_max_dsp_1_U76/conv2d_stream_fmul_32ns_32ns_32_3_max_dsp_1_ip_u/inst/i_synth/MULT.OP/i_non_prim.MULT/DSP48E1_SPD_SGL_VARIANT.FIX_MULT/DSP2/i_no_versal_es1_workaround.DSP multiplier stage design_1_i/conv2d_stream_0/inst/grp_conv2d_stream_Pipeline_VITIS_LOOP_68_3_mainLoop_cols_fu_367/fmul_32ns_32ns_32_3_max_dsp_1_U76/conv2d_stream_fmul_32ns_32ns_32_3_max_dsp_1_ip_u/inst/i_synth/MULT.OP/i_non_prim.MULT/DSP48E1_SPD_SGL_VARIANT.FIX_MULT/DSP2/i_no_versal_es1_workaround.DSP/PATTERNDETECT is not pipelined (MREG=0). Pipelining the multiplier function will improve performance and will save significant power so it is suggested whenever possible to fully pipeline this function.  If this multiplier was inferred, it is suggested to describe an additional register stage after this function.  If there is no registered adder/accumulator following the multiply function, two pipeline stages are suggested to allow both the MREG and PREG registers to be used.  If the DSP48 was instantiated in the design, it is suggested to set both the MREG and PREG attributes to 1 when performing multiply functions.
Related violations: <none>

DPOP-2#31 Warning
MREG Output pipelining  
DSP design_1_i/conv2d_stream_0/inst/grp_conv2d_stream_Pipeline_VITIS_LOOP_68_3_mainLoop_cols_fu_367/fmul_32ns_32ns_32_3_max_dsp_1_U76/conv2d_stream_fmul_32ns_32ns_32_3_max_dsp_1_ip_u/inst/i_synth/MULT.OP/i_non_prim.MULT/DSP48E1_SPD_SGL_VARIANT.FIX_MULT/DSP2/i_no_versal_es1_workaround.DSP multiplier stage design_1_i/conv2d_stream_0/inst/grp_conv2d_stream_Pipeline_VITIS_LOOP_68_3_mainLoop_cols_fu_367/fmul_32ns_32ns_32_3_max_dsp_1_U76/conv2d_stream_fmul_32ns_32ns_32_3_max_dsp_1_ip_u/inst/i_synth/MULT.OP/i_non_prim.MULT/DSP48E1_SPD_SGL_VARIANT.FIX_MULT/DSP2/i_no_versal_es1_workaround.DSP/P[47:0] is not pipelined (MREG=0). Pipelining the multiplier function will improve performance and will save significant power so it is suggested whenever possible to fully pipeline this function.  If this multiplier was inferred, it is suggested to describe an additional register stage after this function.  If there is no registered adder/accumulator following the multiply function, two pipeline stages are suggested to allow both the MREG and PREG registers to be used.  If the DSP48 was instantiated in the design, it is suggested to set both the MREG and PREG attributes to 1 when performing multiply functions.
Related violations: <none>

DPOP-2#32 Warning
MREG Output pipelining  
DSP design_1_i/conv2d_stream_0/inst/grp_conv2d_stream_Pipeline_VITIS_LOOP_68_3_mainLoop_cols_fu_367/fmul_32ns_32ns_32_3_max_dsp_1_U77/conv2d_stream_fmul_32ns_32ns_32_3_max_dsp_1_ip_u/inst/i_synth/MULT.OP/i_non_prim.MULT/DSP48E1_SPD_SGL_VARIANT.FIX_MULT/DSP1/i_no_versal_es1_workaround.DSP multiplier stage design_1_i/conv2d_stream_0/inst/grp_conv2d_stream_Pipeline_VITIS_LOOP_68_3_mainLoop_cols_fu_367/fmul_32ns_32ns_32_3_max_dsp_1_U77/conv2d_stream_fmul_32ns_32ns_32_3_max_dsp_1_ip_u/inst/i_synth/MULT.OP/i_non_prim.MULT/DSP48E1_SPD_SGL_VARIANT.FIX_MULT/DSP1/i_no_versal_es1_workaround.DSP/PATTERNDETECT is not pipelined (MREG=0). Pipelining the multiplier function will improve performance and will save significant power so it is suggested whenever possible to fully pipeline this function.  If this multiplier was inferred, it is suggested to describe an additional register stage after this function.  If there is no registered adder/accumulator following the multiply function, two pipeline stages are suggested to allow both the MREG and PREG registers to be used.  If the DSP48 was instantiated in the design, it is suggested to set both the MREG and PREG attributes to 1 when performing multiply functions.
Related violations: <none>

DPOP-2#33 Warning
MREG Output pipelining  
DSP design_1_i/conv2d_stream_0/inst/grp_conv2d_stream_Pipeline_VITIS_LOOP_68_3_mainLoop_cols_fu_367/fmul_32ns_32ns_32_3_max_dsp_1_U77/conv2d_stream_fmul_32ns_32ns_32_3_max_dsp_1_ip_u/inst/i_synth/MULT.OP/i_non_prim.MULT/DSP48E1_SPD_SGL_VARIANT.FIX_MULT/DSP2/i_no_versal_es1_workaround.DSP multiplier stage design_1_i/conv2d_stream_0/inst/grp_conv2d_stream_Pipeline_VITIS_LOOP_68_3_mainLoop_cols_fu_367/fmul_32ns_32ns_32_3_max_dsp_1_U77/conv2d_stream_fmul_32ns_32ns_32_3_max_dsp_1_ip_u/inst/i_synth/MULT.OP/i_non_prim.MULT/DSP48E1_SPD_SGL_VARIANT.FIX_MULT/DSP2/i_no_versal_es1_workaround.DSP/PATTERNDETECT is not pipelined (MREG=0). Pipelining the multiplier function will improve performance and will save significant power so it is suggested whenever possible to fully pipeline this function.  If this multiplier was inferred, it is suggested to describe an additional register stage after this function.  If there is no registered adder/accumulator following the multiply function, two pipeline stages are suggested to allow both the MREG and PREG registers to be used.  If the DSP48 was instantiated in the design, it is suggested to set both the MREG and PREG attributes to 1 when performing multiply functions.
Related violations: <none>

DPOP-2#34 Warning
MREG Output pipelining  
DSP design_1_i/conv2d_stream_0/inst/grp_conv2d_stream_Pipeline_VITIS_LOOP_68_3_mainLoop_cols_fu_367/fmul_32ns_32ns_32_3_max_dsp_1_U77/conv2d_stream_fmul_32ns_32ns_32_3_max_dsp_1_ip_u/inst/i_synth/MULT.OP/i_non_prim.MULT/DSP48E1_SPD_SGL_VARIANT.FIX_MULT/DSP2/i_no_versal_es1_workaround.DSP multiplier stage design_1_i/conv2d_stream_0/inst/grp_conv2d_stream_Pipeline_VITIS_LOOP_68_3_mainLoop_cols_fu_367/fmul_32ns_32ns_32_3_max_dsp_1_U77/conv2d_stream_fmul_32ns_32ns_32_3_max_dsp_1_ip_u/inst/i_synth/MULT.OP/i_non_prim.MULT/DSP48E1_SPD_SGL_VARIANT.FIX_MULT/DSP2/i_no_versal_es1_workaround.DSP/P[47:0] is not pipelined (MREG=0). Pipelining the multiplier function will improve performance and will save significant power so it is suggested whenever possible to fully pipeline this function.  If this multiplier was inferred, it is suggested to describe an additional register stage after this function.  If there is no registered adder/accumulator following the multiply function, two pipeline stages are suggested to allow both the MREG and PREG registers to be used.  If the DSP48 was instantiated in the design, it is suggested to set both the MREG and PREG attributes to 1 when performing multiply functions.
Related violations: <none>

DPOP-2#35 Warning
MREG Output pipelining  
DSP design_1_i/conv2d_stream_0/inst/grp_conv2d_stream_Pipeline_VITIS_LOOP_68_3_mainLoop_cols_fu_367/fmul_32ns_32ns_32_3_max_dsp_1_U78/conv2d_stream_fmul_32ns_32ns_32_3_max_dsp_1_ip_u/inst/i_synth/MULT.OP/i_non_prim.MULT/DSP48E1_SPD_SGL_VARIANT.FIX_MULT/DSP1/i_no_versal_es1_workaround.DSP multiplier stage design_1_i/conv2d_stream_0/inst/grp_conv2d_stream_Pipeline_VITIS_LOOP_68_3_mainLoop_cols_fu_367/fmul_32ns_32ns_32_3_max_dsp_1_U78/conv2d_stream_fmul_32ns_32ns_32_3_max_dsp_1_ip_u/inst/i_synth/MULT.OP/i_non_prim.MULT/DSP48E1_SPD_SGL_VARIANT.FIX_MULT/DSP1/i_no_versal_es1_workaround.DSP/PATTERNDETECT is not pipelined (MREG=0). Pipelining the multiplier function will improve performance and will save significant power so it is suggested whenever possible to fully pipeline this function.  If this multiplier was inferred, it is suggested to describe an additional register stage after this function.  If there is no registered adder/accumulator following the multiply function, two pipeline stages are suggested to allow both the MREG and PREG registers to be used.  If the DSP48 was instantiated in the design, it is suggested to set both the MREG and PREG attributes to 1 when performing multiply functions.
Related violations: <none>

DPOP-2#36 Warning
MREG Output pipelining  
DSP design_1_i/conv2d_stream_0/inst/grp_conv2d_stream_Pipeline_VITIS_LOOP_68_3_mainLoop_cols_fu_367/fmul_32ns_32ns_32_3_max_dsp_1_U78/conv2d_stream_fmul_32ns_32ns_32_3_max_dsp_1_ip_u/inst/i_synth/MULT.OP/i_non_prim.MULT/DSP48E1_SPD_SGL_VARIANT.FIX_MULT/DSP2/i_no_versal_es1_workaround.DSP multiplier stage design_1_i/conv2d_stream_0/inst/grp_conv2d_stream_Pipeline_VITIS_LOOP_68_3_mainLoop_cols_fu_367/fmul_32ns_32ns_32_3_max_dsp_1_U78/conv2d_stream_fmul_32ns_32ns_32_3_max_dsp_1_ip_u/inst/i_synth/MULT.OP/i_non_prim.MULT/DSP48E1_SPD_SGL_VARIANT.FIX_MULT/DSP2/i_no_versal_es1_workaround.DSP/PATTERNDETECT is not pipelined (MREG=0). Pipelining the multiplier function will improve performance and will save significant power so it is suggested whenever possible to fully pipeline this function.  If this multiplier was inferred, it is suggested to describe an additional register stage after this function.  If there is no registered adder/accumulator following the multiply function, two pipeline stages are suggested to allow both the MREG and PREG registers to be used.  If the DSP48 was instantiated in the design, it is suggested to set both the MREG and PREG attributes to 1 when performing multiply functions.
Related violations: <none>

DPOP-2#37 Warning
MREG Output pipelining  
DSP design_1_i/conv2d_stream_0/inst/grp_conv2d_stream_Pipeline_VITIS_LOOP_68_3_mainLoop_cols_fu_367/fmul_32ns_32ns_32_3_max_dsp_1_U78/conv2d_stream_fmul_32ns_32ns_32_3_max_dsp_1_ip_u/inst/i_synth/MULT.OP/i_non_prim.MULT/DSP48E1_SPD_SGL_VARIANT.FIX_MULT/DSP2/i_no_versal_es1_workaround.DSP multiplier stage design_1_i/conv2d_stream_0/inst/grp_conv2d_stream_Pipeline_VITIS_LOOP_68_3_mainLoop_cols_fu_367/fmul_32ns_32ns_32_3_max_dsp_1_U78/conv2d_stream_fmul_32ns_32ns_32_3_max_dsp_1_ip_u/inst/i_synth/MULT.OP/i_non_prim.MULT/DSP48E1_SPD_SGL_VARIANT.FIX_MULT/DSP2/i_no_versal_es1_workaround.DSP/P[47:0] is not pipelined (MREG=0). Pipelining the multiplier function will improve performance and will save significant power so it is suggested whenever possible to fully pipeline this function.  If this multiplier was inferred, it is suggested to describe an additional register stage after this function.  If there is no registered adder/accumulator following the multiply function, two pipeline stages are suggested to allow both the MREG and PREG registers to be used.  If the DSP48 was instantiated in the design, it is suggested to set both the MREG and PREG attributes to 1 when performing multiply functions.
Related violations: <none>

DPOP-2#38 Warning
MREG Output pipelining  
DSP design_1_i/conv2d_stream_0/inst/grp_conv2d_stream_Pipeline_VITIS_LOOP_68_3_mainLoop_cols_fu_367/fmul_32ns_32ns_32_3_max_dsp_1_U79/conv2d_stream_fmul_32ns_32ns_32_3_max_dsp_1_ip_u/inst/i_synth/MULT.OP/i_non_prim.MULT/DSP48E1_SPD_SGL_VARIANT.FIX_MULT/DSP1/i_no_versal_es1_workaround.DSP multiplier stage design_1_i/conv2d_stream_0/inst/grp_conv2d_stream_Pipeline_VITIS_LOOP_68_3_mainLoop_cols_fu_367/fmul_32ns_32ns_32_3_max_dsp_1_U79/conv2d_stream_fmul_32ns_32ns_32_3_max_dsp_1_ip_u/inst/i_synth/MULT.OP/i_non_prim.MULT/DSP48E1_SPD_SGL_VARIANT.FIX_MULT/DSP1/i_no_versal_es1_workaround.DSP/PATTERNDETECT is not pipelined (MREG=0). Pipelining the multiplier function will improve performance and will save significant power so it is suggested whenever possible to fully pipeline this function.  If this multiplier was inferred, it is suggested to describe an additional register stage after this function.  If there is no registered adder/accumulator following the multiply function, two pipeline stages are suggested to allow both the MREG and PREG registers to be used.  If the DSP48 was instantiated in the design, it is suggested to set both the MREG and PREG attributes to 1 when performing multiply functions.
Related violations: <none>

DPOP-2#39 Warning
MREG Output pipelining  
DSP design_1_i/conv2d_stream_0/inst/grp_conv2d_stream_Pipeline_VITIS_LOOP_68_3_mainLoop_cols_fu_367/fmul_32ns_32ns_32_3_max_dsp_1_U79/conv2d_stream_fmul_32ns_32ns_32_3_max_dsp_1_ip_u/inst/i_synth/MULT.OP/i_non_prim.MULT/DSP48E1_SPD_SGL_VARIANT.FIX_MULT/DSP2/i_no_versal_es1_workaround.DSP multiplier stage design_1_i/conv2d_stream_0/inst/grp_conv2d_stream_Pipeline_VITIS_LOOP_68_3_mainLoop_cols_fu_367/fmul_32ns_32ns_32_3_max_dsp_1_U79/conv2d_stream_fmul_32ns_32ns_32_3_max_dsp_1_ip_u/inst/i_synth/MULT.OP/i_non_prim.MULT/DSP48E1_SPD_SGL_VARIANT.FIX_MULT/DSP2/i_no_versal_es1_workaround.DSP/PATTERNDETECT is not pipelined (MREG=0). Pipelining the multiplier function will improve performance and will save significant power so it is suggested whenever possible to fully pipeline this function.  If this multiplier was inferred, it is suggested to describe an additional register stage after this function.  If there is no registered adder/accumulator following the multiply function, two pipeline stages are suggested to allow both the MREG and PREG registers to be used.  If the DSP48 was instantiated in the design, it is suggested to set both the MREG and PREG attributes to 1 when performing multiply functions.
Related violations: <none>

DPOP-2#40 Warning
MREG Output pipelining  
DSP design_1_i/conv2d_stream_0/inst/grp_conv2d_stream_Pipeline_VITIS_LOOP_68_3_mainLoop_cols_fu_367/fmul_32ns_32ns_32_3_max_dsp_1_U79/conv2d_stream_fmul_32ns_32ns_32_3_max_dsp_1_ip_u/inst/i_synth/MULT.OP/i_non_prim.MULT/DSP48E1_SPD_SGL_VARIANT.FIX_MULT/DSP2/i_no_versal_es1_workaround.DSP multiplier stage design_1_i/conv2d_stream_0/inst/grp_conv2d_stream_Pipeline_VITIS_LOOP_68_3_mainLoop_cols_fu_367/fmul_32ns_32ns_32_3_max_dsp_1_U79/conv2d_stream_fmul_32ns_32ns_32_3_max_dsp_1_ip_u/inst/i_synth/MULT.OP/i_non_prim.MULT/DSP48E1_SPD_SGL_VARIANT.FIX_MULT/DSP2/i_no_versal_es1_workaround.DSP/P[47:0] is not pipelined (MREG=0). Pipelining the multiplier function will improve performance and will save significant power so it is suggested whenever possible to fully pipeline this function.  If this multiplier was inferred, it is suggested to describe an additional register stage after this function.  If there is no registered adder/accumulator following the multiply function, two pipeline stages are suggested to allow both the MREG and PREG registers to be used.  If the DSP48 was instantiated in the design, it is suggested to set both the MREG and PREG attributes to 1 when performing multiply functions.
Related violations: <none>

DPOP-2#41 Warning
MREG Output pipelining  
DSP design_1_i/conv2d_stream_0/inst/grp_conv2d_stream_Pipeline_VITIS_LOOP_68_3_mainLoop_cols_fu_367/fmul_32ns_32ns_32_3_max_dsp_1_U80/conv2d_stream_fmul_32ns_32ns_32_3_max_dsp_1_ip_u/inst/i_synth/MULT.OP/i_non_prim.MULT/DSP48E1_SPD_SGL_VARIANT.FIX_MULT/DSP1/i_no_versal_es1_workaround.DSP multiplier stage design_1_i/conv2d_stream_0/inst/grp_conv2d_stream_Pipeline_VITIS_LOOP_68_3_mainLoop_cols_fu_367/fmul_32ns_32ns_32_3_max_dsp_1_U80/conv2d_stream_fmul_32ns_32ns_32_3_max_dsp_1_ip_u/inst/i_synth/MULT.OP/i_non_prim.MULT/DSP48E1_SPD_SGL_VARIANT.FIX_MULT/DSP1/i_no_versal_es1_workaround.DSP/PATTERNDETECT is not pipelined (MREG=0). Pipelining the multiplier function will improve performance and will save significant power so it is suggested whenever possible to fully pipeline this function.  If this multiplier was inferred, it is suggested to describe an additional register stage after this function.  If there is no registered adder/accumulator following the multiply function, two pipeline stages are suggested to allow both the MREG and PREG registers to be used.  If the DSP48 was instantiated in the design, it is suggested to set both the MREG and PREG attributes to 1 when performing multiply functions.
Related violations: <none>

DPOP-2#42 Warning
MREG Output pipelining  
DSP design_1_i/conv2d_stream_0/inst/grp_conv2d_stream_Pipeline_VITIS_LOOP_68_3_mainLoop_cols_fu_367/fmul_32ns_32ns_32_3_max_dsp_1_U80/conv2d_stream_fmul_32ns_32ns_32_3_max_dsp_1_ip_u/inst/i_synth/MULT.OP/i_non_prim.MULT/DSP48E1_SPD_SGL_VARIANT.FIX_MULT/DSP2/i_no_versal_es1_workaround.DSP multiplier stage design_1_i/conv2d_stream_0/inst/grp_conv2d_stream_Pipeline_VITIS_LOOP_68_3_mainLoop_cols_fu_367/fmul_32ns_32ns_32_3_max_dsp_1_U80/conv2d_stream_fmul_32ns_32ns_32_3_max_dsp_1_ip_u/inst/i_synth/MULT.OP/i_non_prim.MULT/DSP48E1_SPD_SGL_VARIANT.FIX_MULT/DSP2/i_no_versal_es1_workaround.DSP/PATTERNDETECT is not pipelined (MREG=0). Pipelining the multiplier function will improve performance and will save significant power so it is suggested whenever possible to fully pipeline this function.  If this multiplier was inferred, it is suggested to describe an additional register stage after this function.  If there is no registered adder/accumulator following the multiply function, two pipeline stages are suggested to allow both the MREG and PREG registers to be used.  If the DSP48 was instantiated in the design, it is suggested to set both the MREG and PREG attributes to 1 when performing multiply functions.
Related violations: <none>

DPOP-2#43 Warning
MREG Output pipelining  
DSP design_1_i/conv2d_stream_0/inst/grp_conv2d_stream_Pipeline_VITIS_LOOP_68_3_mainLoop_cols_fu_367/fmul_32ns_32ns_32_3_max_dsp_1_U80/conv2d_stream_fmul_32ns_32ns_32_3_max_dsp_1_ip_u/inst/i_synth/MULT.OP/i_non_prim.MULT/DSP48E1_SPD_SGL_VARIANT.FIX_MULT/DSP2/i_no_versal_es1_workaround.DSP multiplier stage design_1_i/conv2d_stream_0/inst/grp_conv2d_stream_Pipeline_VITIS_LOOP_68_3_mainLoop_cols_fu_367/fmul_32ns_32ns_32_3_max_dsp_1_U80/conv2d_stream_fmul_32ns_32ns_32_3_max_dsp_1_ip_u/inst/i_synth/MULT.OP/i_non_prim.MULT/DSP48E1_SPD_SGL_VARIANT.FIX_MULT/DSP2/i_no_versal_es1_workaround.DSP/P[47:0] is not pipelined (MREG=0). Pipelining the multiplier function will improve performance and will save significant power so it is suggested whenever possible to fully pipeline this function.  If this multiplier was inferred, it is suggested to describe an additional register stage after this function.  If there is no registered adder/accumulator following the multiply function, two pipeline stages are suggested to allow both the MREG and PREG registers to be used.  If the DSP48 was instantiated in the design, it is suggested to set both the MREG and PREG attributes to 1 when performing multiply functions.
Related violations: <none>

DPOP-2#44 Warning
MREG Output pipelining  
DSP design_1_i/conv2d_stream_0/inst/grp_conv2d_stream_Pipeline_VITIS_LOOP_68_3_mainLoop_cols_fu_367/fmul_32ns_32ns_32_3_max_dsp_1_U81/conv2d_stream_fmul_32ns_32ns_32_3_max_dsp_1_ip_u/inst/i_synth/MULT.OP/i_non_prim.MULT/DSP48E1_SPD_SGL_VARIANT.FIX_MULT/DSP1/i_no_versal_es1_workaround.DSP multiplier stage design_1_i/conv2d_stream_0/inst/grp_conv2d_stream_Pipeline_VITIS_LOOP_68_3_mainLoop_cols_fu_367/fmul_32ns_32ns_32_3_max_dsp_1_U81/conv2d_stream_fmul_32ns_32ns_32_3_max_dsp_1_ip_u/inst/i_synth/MULT.OP/i_non_prim.MULT/DSP48E1_SPD_SGL_VARIANT.FIX_MULT/DSP1/i_no_versal_es1_workaround.DSP/PATTERNDETECT is not pipelined (MREG=0). Pipelining the multiplier function will improve performance and will save significant power so it is suggested whenever possible to fully pipeline this function.  If this multiplier was inferred, it is suggested to describe an additional register stage after this function.  If there is no registered adder/accumulator following the multiply function, two pipeline stages are suggested to allow both the MREG and PREG registers to be used.  If the DSP48 was instantiated in the design, it is suggested to set both the MREG and PREG attributes to 1 when performing multiply functions.
Related violations: <none>

DPOP-2#45 Warning
MREG Output pipelining  
DSP design_1_i/conv2d_stream_0/inst/grp_conv2d_stream_Pipeline_VITIS_LOOP_68_3_mainLoop_cols_fu_367/fmul_32ns_32ns_32_3_max_dsp_1_U81/conv2d_stream_fmul_32ns_32ns_32_3_max_dsp_1_ip_u/inst/i_synth/MULT.OP/i_non_prim.MULT/DSP48E1_SPD_SGL_VARIANT.FIX_MULT/DSP2/i_no_versal_es1_workaround.DSP multiplier stage design_1_i/conv2d_stream_0/inst/grp_conv2d_stream_Pipeline_VITIS_LOOP_68_3_mainLoop_cols_fu_367/fmul_32ns_32ns_32_3_max_dsp_1_U81/conv2d_stream_fmul_32ns_32ns_32_3_max_dsp_1_ip_u/inst/i_synth/MULT.OP/i_non_prim.MULT/DSP48E1_SPD_SGL_VARIANT.FIX_MULT/DSP2/i_no_versal_es1_workaround.DSP/PATTERNDETECT is not pipelined (MREG=0). Pipelining the multiplier function will improve performance and will save significant power so it is suggested whenever possible to fully pipeline this function.  If this multiplier was inferred, it is suggested to describe an additional register stage after this function.  If there is no registered adder/accumulator following the multiply function, two pipeline stages are suggested to allow both the MREG and PREG registers to be used.  If the DSP48 was instantiated in the design, it is suggested to set both the MREG and PREG attributes to 1 when performing multiply functions.
Related violations: <none>

DPOP-2#46 Warning
MREG Output pipelining  
DSP design_1_i/conv2d_stream_0/inst/grp_conv2d_stream_Pipeline_VITIS_LOOP_68_3_mainLoop_cols_fu_367/fmul_32ns_32ns_32_3_max_dsp_1_U81/conv2d_stream_fmul_32ns_32ns_32_3_max_dsp_1_ip_u/inst/i_synth/MULT.OP/i_non_prim.MULT/DSP48E1_SPD_SGL_VARIANT.FIX_MULT/DSP2/i_no_versal_es1_workaround.DSP multiplier stage design_1_i/conv2d_stream_0/inst/grp_conv2d_stream_Pipeline_VITIS_LOOP_68_3_mainLoop_cols_fu_367/fmul_32ns_32ns_32_3_max_dsp_1_U81/conv2d_stream_fmul_32ns_32ns_32_3_max_dsp_1_ip_u/inst/i_synth/MULT.OP/i_non_prim.MULT/DSP48E1_SPD_SGL_VARIANT.FIX_MULT/DSP2/i_no_versal_es1_workaround.DSP/P[47:0] is not pipelined (MREG=0). Pipelining the multiplier function will improve performance and will save significant power so it is suggested whenever possible to fully pipeline this function.  If this multiplier was inferred, it is suggested to describe an additional register stage after this function.  If there is no registered adder/accumulator following the multiply function, two pipeline stages are suggested to allow both the MREG and PREG registers to be used.  If the DSP48 was instantiated in the design, it is suggested to set both the MREG and PREG attributes to 1 when performing multiply functions.
Related violations: <none>

DPOP-2#47 Warning
MREG Output pipelining  
DSP design_1_i/conv2d_stream_0/inst/grp_conv2d_stream_Pipeline_VITIS_LOOP_68_3_mainLoop_cols_fu_367/fmul_32ns_32ns_32_3_max_dsp_1_U82/conv2d_stream_fmul_32ns_32ns_32_3_max_dsp_1_ip_u/inst/i_synth/MULT.OP/i_non_prim.MULT/DSP48E1_SPD_SGL_VARIANT.FIX_MULT/DSP1/i_no_versal_es1_workaround.DSP multiplier stage design_1_i/conv2d_stream_0/inst/grp_conv2d_stream_Pipeline_VITIS_LOOP_68_3_mainLoop_cols_fu_367/fmul_32ns_32ns_32_3_max_dsp_1_U82/conv2d_stream_fmul_32ns_32ns_32_3_max_dsp_1_ip_u/inst/i_synth/MULT.OP/i_non_prim.MULT/DSP48E1_SPD_SGL_VARIANT.FIX_MULT/DSP1/i_no_versal_es1_workaround.DSP/PATTERNDETECT is not pipelined (MREG=0). Pipelining the multiplier function will improve performance and will save significant power so it is suggested whenever possible to fully pipeline this function.  If this multiplier was inferred, it is suggested to describe an additional register stage after this function.  If there is no registered adder/accumulator following the multiply function, two pipeline stages are suggested to allow both the MREG and PREG registers to be used.  If the DSP48 was instantiated in the design, it is suggested to set both the MREG and PREG attributes to 1 when performing multiply functions.
Related violations: <none>

DPOP-2#48 Warning
MREG Output pipelining  
DSP design_1_i/conv2d_stream_0/inst/grp_conv2d_stream_Pipeline_VITIS_LOOP_68_3_mainLoop_cols_fu_367/fmul_32ns_32ns_32_3_max_dsp_1_U82/conv2d_stream_fmul_32ns_32ns_32_3_max_dsp_1_ip_u/inst/i_synth/MULT.OP/i_non_prim.MULT/DSP48E1_SPD_SGL_VARIANT.FIX_MULT/DSP2/i_no_versal_es1_workaround.DSP multiplier stage design_1_i/conv2d_stream_0/inst/grp_conv2d_stream_Pipeline_VITIS_LOOP_68_3_mainLoop_cols_fu_367/fmul_32ns_32ns_32_3_max_dsp_1_U82/conv2d_stream_fmul_32ns_32ns_32_3_max_dsp_1_ip_u/inst/i_synth/MULT.OP/i_non_prim.MULT/DSP48E1_SPD_SGL_VARIANT.FIX_MULT/DSP2/i_no_versal_es1_workaround.DSP/PATTERNDETECT is not pipelined (MREG=0). Pipelining the multiplier function will improve performance and will save significant power so it is suggested whenever possible to fully pipeline this function.  If this multiplier was inferred, it is suggested to describe an additional register stage after this function.  If there is no registered adder/accumulator following the multiply function, two pipeline stages are suggested to allow both the MREG and PREG registers to be used.  If the DSP48 was instantiated in the design, it is suggested to set both the MREG and PREG attributes to 1 when performing multiply functions.
Related violations: <none>

DPOP-2#49 Warning
MREG Output pipelining  
DSP design_1_i/conv2d_stream_0/inst/grp_conv2d_stream_Pipeline_VITIS_LOOP_68_3_mainLoop_cols_fu_367/fmul_32ns_32ns_32_3_max_dsp_1_U82/conv2d_stream_fmul_32ns_32ns_32_3_max_dsp_1_ip_u/inst/i_synth/MULT.OP/i_non_prim.MULT/DSP48E1_SPD_SGL_VARIANT.FIX_MULT/DSP2/i_no_versal_es1_workaround.DSP multiplier stage design_1_i/conv2d_stream_0/inst/grp_conv2d_stream_Pipeline_VITIS_LOOP_68_3_mainLoop_cols_fu_367/fmul_32ns_32ns_32_3_max_dsp_1_U82/conv2d_stream_fmul_32ns_32ns_32_3_max_dsp_1_ip_u/inst/i_synth/MULT.OP/i_non_prim.MULT/DSP48E1_SPD_SGL_VARIANT.FIX_MULT/DSP2/i_no_versal_es1_workaround.DSP/P[47:0] is not pipelined (MREG=0). Pipelining the multiplier function will improve performance and will save significant power so it is suggested whenever possible to fully pipeline this function.  If this multiplier was inferred, it is suggested to describe an additional register stage after this function.  If there is no registered adder/accumulator following the multiply function, two pipeline stages are suggested to allow both the MREG and PREG registers to be used.  If the DSP48 was instantiated in the design, it is suggested to set both the MREG and PREG attributes to 1 when performing multiply functions.
Related violations: <none>

DPOP-2#50 Warning
MREG Output pipelining  
DSP design_1_i/conv2d_stream_0/inst/grp_conv2d_stream_Pipeline_VITIS_LOOP_68_3_mainLoop_cols_fu_367/fmul_32ns_32ns_32_3_max_dsp_1_U83/conv2d_stream_fmul_32ns_32ns_32_3_max_dsp_1_ip_u/inst/i_synth/MULT.OP/i_non_prim.MULT/DSP48E1_SPD_SGL_VARIANT.FIX_MULT/DSP1/i_no_versal_es1_workaround.DSP multiplier stage design_1_i/conv2d_stream_0/inst/grp_conv2d_stream_Pipeline_VITIS_LOOP_68_3_mainLoop_cols_fu_367/fmul_32ns_32ns_32_3_max_dsp_1_U83/conv2d_stream_fmul_32ns_32ns_32_3_max_dsp_1_ip_u/inst/i_synth/MULT.OP/i_non_prim.MULT/DSP48E1_SPD_SGL_VARIANT.FIX_MULT/DSP1/i_no_versal_es1_workaround.DSP/PATTERNDETECT is not pipelined (MREG=0). Pipelining the multiplier function will improve performance and will save significant power so it is suggested whenever possible to fully pipeline this function.  If this multiplier was inferred, it is suggested to describe an additional register stage after this function.  If there is no registered adder/accumulator following the multiply function, two pipeline stages are suggested to allow both the MREG and PREG registers to be used.  If the DSP48 was instantiated in the design, it is suggested to set both the MREG and PREG attributes to 1 when performing multiply functions.
Related violations: <none>

DPOP-2#51 Warning
MREG Output pipelining  
DSP design_1_i/conv2d_stream_0/inst/grp_conv2d_stream_Pipeline_VITIS_LOOP_68_3_mainLoop_cols_fu_367/fmul_32ns_32ns_32_3_max_dsp_1_U83/conv2d_stream_fmul_32ns_32ns_32_3_max_dsp_1_ip_u/inst/i_synth/MULT.OP/i_non_prim.MULT/DSP48E1_SPD_SGL_VARIANT.FIX_MULT/DSP2/i_no_versal_es1_workaround.DSP multiplier stage design_1_i/conv2d_stream_0/inst/grp_conv2d_stream_Pipeline_VITIS_LOOP_68_3_mainLoop_cols_fu_367/fmul_32ns_32ns_32_3_max_dsp_1_U83/conv2d_stream_fmul_32ns_32ns_32_3_max_dsp_1_ip_u/inst/i_synth/MULT.OP/i_non_prim.MULT/DSP48E1_SPD_SGL_VARIANT.FIX_MULT/DSP2/i_no_versal_es1_workaround.DSP/PATTERNDETECT is not pipelined (MREG=0). Pipelining the multiplier function will improve performance and will save significant power so it is suggested whenever possible to fully pipeline this function.  If this multiplier was inferred, it is suggested to describe an additional register stage after this function.  If there is no registered adder/accumulator following the multiply function, two pipeline stages are suggested to allow both the MREG and PREG registers to be used.  If the DSP48 was instantiated in the design, it is suggested to set both the MREG and PREG attributes to 1 when performing multiply functions.
Related violations: <none>

DPOP-2#52 Warning
MREG Output pipelining  
DSP design_1_i/conv2d_stream_0/inst/grp_conv2d_stream_Pipeline_VITIS_LOOP_68_3_mainLoop_cols_fu_367/fmul_32ns_32ns_32_3_max_dsp_1_U83/conv2d_stream_fmul_32ns_32ns_32_3_max_dsp_1_ip_u/inst/i_synth/MULT.OP/i_non_prim.MULT/DSP48E1_SPD_SGL_VARIANT.FIX_MULT/DSP2/i_no_versal_es1_workaround.DSP multiplier stage design_1_i/conv2d_stream_0/inst/grp_conv2d_stream_Pipeline_VITIS_LOOP_68_3_mainLoop_cols_fu_367/fmul_32ns_32ns_32_3_max_dsp_1_U83/conv2d_stream_fmul_32ns_32ns_32_3_max_dsp_1_ip_u/inst/i_synth/MULT.OP/i_non_prim.MULT/DSP48E1_SPD_SGL_VARIANT.FIX_MULT/DSP2/i_no_versal_es1_workaround.DSP/P[47:0] is not pipelined (MREG=0). Pipelining the multiplier function will improve performance and will save significant power so it is suggested whenever possible to fully pipeline this function.  If this multiplier was inferred, it is suggested to describe an additional register stage after this function.  If there is no registered adder/accumulator following the multiply function, two pipeline stages are suggested to allow both the MREG and PREG registers to be used.  If the DSP48 was instantiated in the design, it is suggested to set both the MREG and PREG attributes to 1 when performing multiply functions.
Related violations: <none>

DPOP-2#53 Warning
MREG Output pipelining  
DSP design_1_i/conv2d_stream_0/inst/grp_conv2d_stream_Pipeline_VITIS_LOOP_68_3_mainLoop_cols_fu_367/fmul_32ns_32ns_32_3_max_dsp_1_U84/conv2d_stream_fmul_32ns_32ns_32_3_max_dsp_1_ip_u/inst/i_synth/MULT.OP/i_non_prim.MULT/DSP48E1_SPD_SGL_VARIANT.FIX_MULT/DSP1/i_no_versal_es1_workaround.DSP multiplier stage design_1_i/conv2d_stream_0/inst/grp_conv2d_stream_Pipeline_VITIS_LOOP_68_3_mainLoop_cols_fu_367/fmul_32ns_32ns_32_3_max_dsp_1_U84/conv2d_stream_fmul_32ns_32ns_32_3_max_dsp_1_ip_u/inst/i_synth/MULT.OP/i_non_prim.MULT/DSP48E1_SPD_SGL_VARIANT.FIX_MULT/DSP1/i_no_versal_es1_workaround.DSP/PATTERNDETECT is not pipelined (MREG=0). Pipelining the multiplier function will improve performance and will save significant power so it is suggested whenever possible to fully pipeline this function.  If this multiplier was inferred, it is suggested to describe an additional register stage after this function.  If there is no registered adder/accumulator following the multiply function, two pipeline stages are suggested to allow both the MREG and PREG registers to be used.  If the DSP48 was instantiated in the design, it is suggested to set both the MREG and PREG attributes to 1 when performing multiply functions.
Related violations: <none>

DPOP-2#54 Warning
MREG Output pipelining  
DSP design_1_i/conv2d_stream_0/inst/grp_conv2d_stream_Pipeline_VITIS_LOOP_68_3_mainLoop_cols_fu_367/fmul_32ns_32ns_32_3_max_dsp_1_U84/conv2d_stream_fmul_32ns_32ns_32_3_max_dsp_1_ip_u/inst/i_synth/MULT.OP/i_non_prim.MULT/DSP48E1_SPD_SGL_VARIANT.FIX_MULT/DSP2/i_no_versal_es1_workaround.DSP multiplier stage design_1_i/conv2d_stream_0/inst/grp_conv2d_stream_Pipeline_VITIS_LOOP_68_3_mainLoop_cols_fu_367/fmul_32ns_32ns_32_3_max_dsp_1_U84/conv2d_stream_fmul_32ns_32ns_32_3_max_dsp_1_ip_u/inst/i_synth/MULT.OP/i_non_prim.MULT/DSP48E1_SPD_SGL_VARIANT.FIX_MULT/DSP2/i_no_versal_es1_workaround.DSP/PATTERNDETECT is not pipelined (MREG=0). Pipelining the multiplier function will improve performance and will save significant power so it is suggested whenever possible to fully pipeline this function.  If this multiplier was inferred, it is suggested to describe an additional register stage after this function.  If there is no registered adder/accumulator following the multiply function, two pipeline stages are suggested to allow both the MREG and PREG registers to be used.  If the DSP48 was instantiated in the design, it is suggested to set both the MREG and PREG attributes to 1 when performing multiply functions.
Related violations: <none>

DPOP-2#55 Warning
MREG Output pipelining  
DSP design_1_i/conv2d_stream_0/inst/grp_conv2d_stream_Pipeline_VITIS_LOOP_68_3_mainLoop_cols_fu_367/fmul_32ns_32ns_32_3_max_dsp_1_U84/conv2d_stream_fmul_32ns_32ns_32_3_max_dsp_1_ip_u/inst/i_synth/MULT.OP/i_non_prim.MULT/DSP48E1_SPD_SGL_VARIANT.FIX_MULT/DSP2/i_no_versal_es1_workaround.DSP multiplier stage design_1_i/conv2d_stream_0/inst/grp_conv2d_stream_Pipeline_VITIS_LOOP_68_3_mainLoop_cols_fu_367/fmul_32ns_32ns_32_3_max_dsp_1_U84/conv2d_stream_fmul_32ns_32ns_32_3_max_dsp_1_ip_u/inst/i_synth/MULT.OP/i_non_prim.MULT/DSP48E1_SPD_SGL_VARIANT.FIX_MULT/DSP2/i_no_versal_es1_workaround.DSP/P[47:0] is not pipelined (MREG=0). Pipelining the multiplier function will improve performance and will save significant power so it is suggested whenever possible to fully pipeline this function.  If this multiplier was inferred, it is suggested to describe an additional register stage after this function.  If there is no registered adder/accumulator following the multiply function, two pipeline stages are suggested to allow both the MREG and PREG registers to be used.  If the DSP48 was instantiated in the design, it is suggested to set both the MREG and PREG attributes to 1 when performing multiply functions.
Related violations: <none>

DPOP-2#56 Warning
MREG Output pipelining  
DSP design_1_i/conv2d_stream_0/inst/grp_conv2d_stream_Pipeline_VITIS_LOOP_68_3_mainLoop_cols_fu_367/fmul_32ns_32ns_32_3_max_dsp_1_U85/conv2d_stream_fmul_32ns_32ns_32_3_max_dsp_1_ip_u/inst/i_synth/MULT.OP/i_non_prim.MULT/DSP48E1_SPD_SGL_VARIANT.FIX_MULT/DSP1/i_no_versal_es1_workaround.DSP multiplier stage design_1_i/conv2d_stream_0/inst/grp_conv2d_stream_Pipeline_VITIS_LOOP_68_3_mainLoop_cols_fu_367/fmul_32ns_32ns_32_3_max_dsp_1_U85/conv2d_stream_fmul_32ns_32ns_32_3_max_dsp_1_ip_u/inst/i_synth/MULT.OP/i_non_prim.MULT/DSP48E1_SPD_SGL_VARIANT.FIX_MULT/DSP1/i_no_versal_es1_workaround.DSP/PATTERNDETECT is not pipelined (MREG=0). Pipelining the multiplier function will improve performance and will save significant power so it is suggested whenever possible to fully pipeline this function.  If this multiplier was inferred, it is suggested to describe an additional register stage after this function.  If there is no registered adder/accumulator following the multiply function, two pipeline stages are suggested to allow both the MREG and PREG registers to be used.  If the DSP48 was instantiated in the design, it is suggested to set both the MREG and PREG attributes to 1 when performing multiply functions.
Related violations: <none>

DPOP-2#57 Warning
MREG Output pipelining  
DSP design_1_i/conv2d_stream_0/inst/grp_conv2d_stream_Pipeline_VITIS_LOOP_68_3_mainLoop_cols_fu_367/fmul_32ns_32ns_32_3_max_dsp_1_U85/conv2d_stream_fmul_32ns_32ns_32_3_max_dsp_1_ip_u/inst/i_synth/MULT.OP/i_non_prim.MULT/DSP48E1_SPD_SGL_VARIANT.FIX_MULT/DSP2/i_no_versal_es1_workaround.DSP multiplier stage design_1_i/conv2d_stream_0/inst/grp_conv2d_stream_Pipeline_VITIS_LOOP_68_3_mainLoop_cols_fu_367/fmul_32ns_32ns_32_3_max_dsp_1_U85/conv2d_stream_fmul_32ns_32ns_32_3_max_dsp_1_ip_u/inst/i_synth/MULT.OP/i_non_prim.MULT/DSP48E1_SPD_SGL_VARIANT.FIX_MULT/DSP2/i_no_versal_es1_workaround.DSP/PATTERNDETECT is not pipelined (MREG=0). Pipelining the multiplier function will improve performance and will save significant power so it is suggested whenever possible to fully pipeline this function.  If this multiplier was inferred, it is suggested to describe an additional register stage after this function.  If there is no registered adder/accumulator following the multiply function, two pipeline stages are suggested to allow both the MREG and PREG registers to be used.  If the DSP48 was instantiated in the design, it is suggested to set both the MREG and PREG attributes to 1 when performing multiply functions.
Related violations: <none>

DPOP-2#58 Warning
MREG Output pipelining  
DSP design_1_i/conv2d_stream_0/inst/grp_conv2d_stream_Pipeline_VITIS_LOOP_68_3_mainLoop_cols_fu_367/fmul_32ns_32ns_32_3_max_dsp_1_U85/conv2d_stream_fmul_32ns_32ns_32_3_max_dsp_1_ip_u/inst/i_synth/MULT.OP/i_non_prim.MULT/DSP48E1_SPD_SGL_VARIANT.FIX_MULT/DSP2/i_no_versal_es1_workaround.DSP multiplier stage design_1_i/conv2d_stream_0/inst/grp_conv2d_stream_Pipeline_VITIS_LOOP_68_3_mainLoop_cols_fu_367/fmul_32ns_32ns_32_3_max_dsp_1_U85/conv2d_stream_fmul_32ns_32ns_32_3_max_dsp_1_ip_u/inst/i_synth/MULT.OP/i_non_prim.MULT/DSP48E1_SPD_SGL_VARIANT.FIX_MULT/DSP2/i_no_versal_es1_workaround.DSP/P[47:0] is not pipelined (MREG=0). Pipelining the multiplier function will improve performance and will save significant power so it is suggested whenever possible to fully pipeline this function.  If this multiplier was inferred, it is suggested to describe an additional register stage after this function.  If there is no registered adder/accumulator following the multiply function, two pipeline stages are suggested to allow both the MREG and PREG registers to be used.  If the DSP48 was instantiated in the design, it is suggested to set both the MREG and PREG attributes to 1 when performing multiply functions.
Related violations: <none>

DPOP-2#59 Warning
MREG Output pipelining  
DSP design_1_i/conv2d_stream_0/inst/grp_conv2d_stream_Pipeline_VITIS_LOOP_68_3_mainLoop_cols_fu_367/fmul_32ns_32ns_32_3_max_dsp_1_U86/conv2d_stream_fmul_32ns_32ns_32_3_max_dsp_1_ip_u/inst/i_synth/MULT.OP/i_non_prim.MULT/DSP48E1_SPD_SGL_VARIANT.FIX_MULT/DSP1/i_no_versal_es1_workaround.DSP multiplier stage design_1_i/conv2d_stream_0/inst/grp_conv2d_stream_Pipeline_VITIS_LOOP_68_3_mainLoop_cols_fu_367/fmul_32ns_32ns_32_3_max_dsp_1_U86/conv2d_stream_fmul_32ns_32ns_32_3_max_dsp_1_ip_u/inst/i_synth/MULT.OP/i_non_prim.MULT/DSP48E1_SPD_SGL_VARIANT.FIX_MULT/DSP1/i_no_versal_es1_workaround.DSP/PATTERNDETECT is not pipelined (MREG=0). Pipelining the multiplier function will improve performance and will save significant power so it is suggested whenever possible to fully pipeline this function.  If this multiplier was inferred, it is suggested to describe an additional register stage after this function.  If there is no registered adder/accumulator following the multiply function, two pipeline stages are suggested to allow both the MREG and PREG registers to be used.  If the DSP48 was instantiated in the design, it is suggested to set both the MREG and PREG attributes to 1 when performing multiply functions.
Related violations: <none>

DPOP-2#60 Warning
MREG Output pipelining  
DSP design_1_i/conv2d_stream_0/inst/grp_conv2d_stream_Pipeline_VITIS_LOOP_68_3_mainLoop_cols_fu_367/fmul_32ns_32ns_32_3_max_dsp_1_U86/conv2d_stream_fmul_32ns_32ns_32_3_max_dsp_1_ip_u/inst/i_synth/MULT.OP/i_non_prim.MULT/DSP48E1_SPD_SGL_VARIANT.FIX_MULT/DSP2/i_no_versal_es1_workaround.DSP multiplier stage design_1_i/conv2d_stream_0/inst/grp_conv2d_stream_Pipeline_VITIS_LOOP_68_3_mainLoop_cols_fu_367/fmul_32ns_32ns_32_3_max_dsp_1_U86/conv2d_stream_fmul_32ns_32ns_32_3_max_dsp_1_ip_u/inst/i_synth/MULT.OP/i_non_prim.MULT/DSP48E1_SPD_SGL_VARIANT.FIX_MULT/DSP2/i_no_versal_es1_workaround.DSP/PATTERNDETECT is not pipelined (MREG=0). Pipelining the multiplier function will improve performance and will save significant power so it is suggested whenever possible to fully pipeline this function.  If this multiplier was inferred, it is suggested to describe an additional register stage after this function.  If there is no registered adder/accumulator following the multiply function, two pipeline stages are suggested to allow both the MREG and PREG registers to be used.  If the DSP48 was instantiated in the design, it is suggested to set both the MREG and PREG attributes to 1 when performing multiply functions.
Related violations: <none>

DPOP-2#61 Warning
MREG Output pipelining  
DSP design_1_i/conv2d_stream_0/inst/grp_conv2d_stream_Pipeline_VITIS_LOOP_68_3_mainLoop_cols_fu_367/fmul_32ns_32ns_32_3_max_dsp_1_U86/conv2d_stream_fmul_32ns_32ns_32_3_max_dsp_1_ip_u/inst/i_synth/MULT.OP/i_non_prim.MULT/DSP48E1_SPD_SGL_VARIANT.FIX_MULT/DSP2/i_no_versal_es1_workaround.DSP multiplier stage design_1_i/conv2d_stream_0/inst/grp_conv2d_stream_Pipeline_VITIS_LOOP_68_3_mainLoop_cols_fu_367/fmul_32ns_32ns_32_3_max_dsp_1_U86/conv2d_stream_fmul_32ns_32ns_32_3_max_dsp_1_ip_u/inst/i_synth/MULT.OP/i_non_prim.MULT/DSP48E1_SPD_SGL_VARIANT.FIX_MULT/DSP2/i_no_versal_es1_workaround.DSP/P[47:0] is not pipelined (MREG=0). Pipelining the multiplier function will improve performance and will save significant power so it is suggested whenever possible to fully pipeline this function.  If this multiplier was inferred, it is suggested to describe an additional register stage after this function.  If there is no registered adder/accumulator following the multiply function, two pipeline stages are suggested to allow both the MREG and PREG registers to be used.  If the DSP48 was instantiated in the design, it is suggested to set both the MREG and PREG attributes to 1 when performing multiply functions.
Related violations: <none>

DPOP-2#62 Warning
MREG Output pipelining  
DSP design_1_i/conv2d_stream_0/inst/grp_conv2d_stream_Pipeline_VITIS_LOOP_68_3_mainLoop_cols_fu_367/fmul_32ns_32ns_32_3_max_dsp_1_U87/conv2d_stream_fmul_32ns_32ns_32_3_max_dsp_1_ip_u/inst/i_synth/MULT.OP/i_non_prim.MULT/DSP48E1_SPD_SGL_VARIANT.FIX_MULT/DSP1/i_no_versal_es1_workaround.DSP multiplier stage design_1_i/conv2d_stream_0/inst/grp_conv2d_stream_Pipeline_VITIS_LOOP_68_3_mainLoop_cols_fu_367/fmul_32ns_32ns_32_3_max_dsp_1_U87/conv2d_stream_fmul_32ns_32ns_32_3_max_dsp_1_ip_u/inst/i_synth/MULT.OP/i_non_prim.MULT/DSP48E1_SPD_SGL_VARIANT.FIX_MULT/DSP1/i_no_versal_es1_workaround.DSP/PATTERNDETECT is not pipelined (MREG=0). Pipelining the multiplier function will improve performance and will save significant power so it is suggested whenever possible to fully pipeline this function.  If this multiplier was inferred, it is suggested to describe an additional register stage after this function.  If there is no registered adder/accumulator following the multiply function, two pipeline stages are suggested to allow both the MREG and PREG registers to be used.  If the DSP48 was instantiated in the design, it is suggested to set both the MREG and PREG attributes to 1 when performing multiply functions.
Related violations: <none>

DPOP-2#63 Warning
MREG Output pipelining  
DSP design_1_i/conv2d_stream_0/inst/grp_conv2d_stream_Pipeline_VITIS_LOOP_68_3_mainLoop_cols_fu_367/fmul_32ns_32ns_32_3_max_dsp_1_U87/conv2d_stream_fmul_32ns_32ns_32_3_max_dsp_1_ip_u/inst/i_synth/MULT.OP/i_non_prim.MULT/DSP48E1_SPD_SGL_VARIANT.FIX_MULT/DSP2/i_no_versal_es1_workaround.DSP multiplier stage design_1_i/conv2d_stream_0/inst/grp_conv2d_stream_Pipeline_VITIS_LOOP_68_3_mainLoop_cols_fu_367/fmul_32ns_32ns_32_3_max_dsp_1_U87/conv2d_stream_fmul_32ns_32ns_32_3_max_dsp_1_ip_u/inst/i_synth/MULT.OP/i_non_prim.MULT/DSP48E1_SPD_SGL_VARIANT.FIX_MULT/DSP2/i_no_versal_es1_workaround.DSP/PATTERNDETECT is not pipelined (MREG=0). Pipelining the multiplier function will improve performance and will save significant power so it is suggested whenever possible to fully pipeline this function.  If this multiplier was inferred, it is suggested to describe an additional register stage after this function.  If there is no registered adder/accumulator following the multiply function, two pipeline stages are suggested to allow both the MREG and PREG registers to be used.  If the DSP48 was instantiated in the design, it is suggested to set both the MREG and PREG attributes to 1 when performing multiply functions.
Related violations: <none>

DPOP-2#64 Warning
MREG Output pipelining  
DSP design_1_i/conv2d_stream_0/inst/grp_conv2d_stream_Pipeline_VITIS_LOOP_68_3_mainLoop_cols_fu_367/fmul_32ns_32ns_32_3_max_dsp_1_U87/conv2d_stream_fmul_32ns_32ns_32_3_max_dsp_1_ip_u/inst/i_synth/MULT.OP/i_non_prim.MULT/DSP48E1_SPD_SGL_VARIANT.FIX_MULT/DSP2/i_no_versal_es1_workaround.DSP multiplier stage design_1_i/conv2d_stream_0/inst/grp_conv2d_stream_Pipeline_VITIS_LOOP_68_3_mainLoop_cols_fu_367/fmul_32ns_32ns_32_3_max_dsp_1_U87/conv2d_stream_fmul_32ns_32ns_32_3_max_dsp_1_ip_u/inst/i_synth/MULT.OP/i_non_prim.MULT/DSP48E1_SPD_SGL_VARIANT.FIX_MULT/DSP2/i_no_versal_es1_workaround.DSP/P[47:0] is not pipelined (MREG=0). Pipelining the multiplier function will improve performance and will save significant power so it is suggested whenever possible to fully pipeline this function.  If this multiplier was inferred, it is suggested to describe an additional register stage after this function.  If there is no registered adder/accumulator following the multiply function, two pipeline stages are suggested to allow both the MREG and PREG registers to be used.  If the DSP48 was instantiated in the design, it is suggested to set both the MREG and PREG attributes to 1 when performing multiply functions.
Related violations: <none>

DPOP-2#65 Warning
MREG Output pipelining  
DSP design_1_i/conv2d_stream_0/inst/grp_conv2d_stream_Pipeline_VITIS_LOOP_68_3_mainLoop_cols_fu_367/fmul_32ns_32ns_32_3_max_dsp_1_U88/conv2d_stream_fmul_32ns_32ns_32_3_max_dsp_1_ip_u/inst/i_synth/MULT.OP/i_non_prim.MULT/DSP48E1_SPD_SGL_VARIANT.FIX_MULT/DSP1/i_no_versal_es1_workaround.DSP multiplier stage design_1_i/conv2d_stream_0/inst/grp_conv2d_stream_Pipeline_VITIS_LOOP_68_3_mainLoop_cols_fu_367/fmul_32ns_32ns_32_3_max_dsp_1_U88/conv2d_stream_fmul_32ns_32ns_32_3_max_dsp_1_ip_u/inst/i_synth/MULT.OP/i_non_prim.MULT/DSP48E1_SPD_SGL_VARIANT.FIX_MULT/DSP1/i_no_versal_es1_workaround.DSP/PATTERNDETECT is not pipelined (MREG=0). Pipelining the multiplier function will improve performance and will save significant power so it is suggested whenever possible to fully pipeline this function.  If this multiplier was inferred, it is suggested to describe an additional register stage after this function.  If there is no registered adder/accumulator following the multiply function, two pipeline stages are suggested to allow both the MREG and PREG registers to be used.  If the DSP48 was instantiated in the design, it is suggested to set both the MREG and PREG attributes to 1 when performing multiply functions.
Related violations: <none>

DPOP-2#66 Warning
MREG Output pipelining  
DSP design_1_i/conv2d_stream_0/inst/grp_conv2d_stream_Pipeline_VITIS_LOOP_68_3_mainLoop_cols_fu_367/fmul_32ns_32ns_32_3_max_dsp_1_U88/conv2d_stream_fmul_32ns_32ns_32_3_max_dsp_1_ip_u/inst/i_synth/MULT.OP/i_non_prim.MULT/DSP48E1_SPD_SGL_VARIANT.FIX_MULT/DSP2/i_no_versal_es1_workaround.DSP multiplier stage design_1_i/conv2d_stream_0/inst/grp_conv2d_stream_Pipeline_VITIS_LOOP_68_3_mainLoop_cols_fu_367/fmul_32ns_32ns_32_3_max_dsp_1_U88/conv2d_stream_fmul_32ns_32ns_32_3_max_dsp_1_ip_u/inst/i_synth/MULT.OP/i_non_prim.MULT/DSP48E1_SPD_SGL_VARIANT.FIX_MULT/DSP2/i_no_versal_es1_workaround.DSP/PATTERNDETECT is not pipelined (MREG=0). Pipelining the multiplier function will improve performance and will save significant power so it is suggested whenever possible to fully pipeline this function.  If this multiplier was inferred, it is suggested to describe an additional register stage after this function.  If there is no registered adder/accumulator following the multiply function, two pipeline stages are suggested to allow both the MREG and PREG registers to be used.  If the DSP48 was instantiated in the design, it is suggested to set both the MREG and PREG attributes to 1 when performing multiply functions.
Related violations: <none>

DPOP-2#67 Warning
MREG Output pipelining  
DSP design_1_i/conv2d_stream_0/inst/grp_conv2d_stream_Pipeline_VITIS_LOOP_68_3_mainLoop_cols_fu_367/fmul_32ns_32ns_32_3_max_dsp_1_U88/conv2d_stream_fmul_32ns_32ns_32_3_max_dsp_1_ip_u/inst/i_synth/MULT.OP/i_non_prim.MULT/DSP48E1_SPD_SGL_VARIANT.FIX_MULT/DSP2/i_no_versal_es1_workaround.DSP multiplier stage design_1_i/conv2d_stream_0/inst/grp_conv2d_stream_Pipeline_VITIS_LOOP_68_3_mainLoop_cols_fu_367/fmul_32ns_32ns_32_3_max_dsp_1_U88/conv2d_stream_fmul_32ns_32ns_32_3_max_dsp_1_ip_u/inst/i_synth/MULT.OP/i_non_prim.MULT/DSP48E1_SPD_SGL_VARIANT.FIX_MULT/DSP2/i_no_versal_es1_workaround.DSP/P[47:0] is not pipelined (MREG=0). Pipelining the multiplier function will improve performance and will save significant power so it is suggested whenever possible to fully pipeline this function.  If this multiplier was inferred, it is suggested to describe an additional register stage after this function.  If there is no registered adder/accumulator following the multiply function, two pipeline stages are suggested to allow both the MREG and PREG registers to be used.  If the DSP48 was instantiated in the design, it is suggested to set both the MREG and PREG attributes to 1 when performing multiply functions.
Related violations: <none>

DPOP-2#68 Warning
MREG Output pipelining  
DSP design_1_i/conv2d_stream_0/inst/grp_conv2d_stream_Pipeline_VITIS_LOOP_68_3_mainLoop_cols_fu_367/fmul_32ns_32ns_32_3_max_dsp_1_U89/conv2d_stream_fmul_32ns_32ns_32_3_max_dsp_1_ip_u/inst/i_synth/MULT.OP/i_non_prim.MULT/DSP48E1_SPD_SGL_VARIANT.FIX_MULT/DSP1/i_no_versal_es1_workaround.DSP multiplier stage design_1_i/conv2d_stream_0/inst/grp_conv2d_stream_Pipeline_VITIS_LOOP_68_3_mainLoop_cols_fu_367/fmul_32ns_32ns_32_3_max_dsp_1_U89/conv2d_stream_fmul_32ns_32ns_32_3_max_dsp_1_ip_u/inst/i_synth/MULT.OP/i_non_prim.MULT/DSP48E1_SPD_SGL_VARIANT.FIX_MULT/DSP1/i_no_versal_es1_workaround.DSP/PATTERNDETECT is not pipelined (MREG=0). Pipelining the multiplier function will improve performance and will save significant power so it is suggested whenever possible to fully pipeline this function.  If this multiplier was inferred, it is suggested to describe an additional register stage after this function.  If there is no registered adder/accumulator following the multiply function, two pipeline stages are suggested to allow both the MREG and PREG registers to be used.  If the DSP48 was instantiated in the design, it is suggested to set both the MREG and PREG attributes to 1 when performing multiply functions.
Related violations: <none>

DPOP-2#69 Warning
MREG Output pipelining  
DSP design_1_i/conv2d_stream_0/inst/grp_conv2d_stream_Pipeline_VITIS_LOOP_68_3_mainLoop_cols_fu_367/fmul_32ns_32ns_32_3_max_dsp_1_U89/conv2d_stream_fmul_32ns_32ns_32_3_max_dsp_1_ip_u/inst/i_synth/MULT.OP/i_non_prim.MULT/DSP48E1_SPD_SGL_VARIANT.FIX_MULT/DSP2/i_no_versal_es1_workaround.DSP multiplier stage design_1_i/conv2d_stream_0/inst/grp_conv2d_stream_Pipeline_VITIS_LOOP_68_3_mainLoop_cols_fu_367/fmul_32ns_32ns_32_3_max_dsp_1_U89/conv2d_stream_fmul_32ns_32ns_32_3_max_dsp_1_ip_u/inst/i_synth/MULT.OP/i_non_prim.MULT/DSP48E1_SPD_SGL_VARIANT.FIX_MULT/DSP2/i_no_versal_es1_workaround.DSP/PATTERNDETECT is not pipelined (MREG=0). Pipelining the multiplier function will improve performance and will save significant power so it is suggested whenever possible to fully pipeline this function.  If this multiplier was inferred, it is suggested to describe an additional register stage after this function.  If there is no registered adder/accumulator following the multiply function, two pipeline stages are suggested to allow both the MREG and PREG registers to be used.  If the DSP48 was instantiated in the design, it is suggested to set both the MREG and PREG attributes to 1 when performing multiply functions.
Related violations: <none>

DPOP-2#70 Warning
MREG Output pipelining  
DSP design_1_i/conv2d_stream_0/inst/grp_conv2d_stream_Pipeline_VITIS_LOOP_68_3_mainLoop_cols_fu_367/fmul_32ns_32ns_32_3_max_dsp_1_U89/conv2d_stream_fmul_32ns_32ns_32_3_max_dsp_1_ip_u/inst/i_synth/MULT.OP/i_non_prim.MULT/DSP48E1_SPD_SGL_VARIANT.FIX_MULT/DSP2/i_no_versal_es1_workaround.DSP multiplier stage design_1_i/conv2d_stream_0/inst/grp_conv2d_stream_Pipeline_VITIS_LOOP_68_3_mainLoop_cols_fu_367/fmul_32ns_32ns_32_3_max_dsp_1_U89/conv2d_stream_fmul_32ns_32ns_32_3_max_dsp_1_ip_u/inst/i_synth/MULT.OP/i_non_prim.MULT/DSP48E1_SPD_SGL_VARIANT.FIX_MULT/DSP2/i_no_versal_es1_workaround.DSP/P[47:0] is not pipelined (MREG=0). Pipelining the multiplier function will improve performance and will save significant power so it is suggested whenever possible to fully pipeline this function.  If this multiplier was inferred, it is suggested to describe an additional register stage after this function.  If there is no registered adder/accumulator following the multiply function, two pipeline stages are suggested to allow both the MREG and PREG registers to be used.  If the DSP48 was instantiated in the design, it is suggested to set both the MREG and PREG attributes to 1 when performing multiply functions.
Related violations: <none>

DPOP-2#71 Warning
MREG Output pipelining  
DSP design_1_i/conv2d_stream_0/inst/grp_conv2d_stream_Pipeline_VITIS_LOOP_68_3_mainLoop_cols_fu_367/fmul_32ns_32ns_32_3_max_dsp_1_U90/conv2d_stream_fmul_32ns_32ns_32_3_max_dsp_1_ip_u/inst/i_synth/MULT.OP/i_non_prim.MULT/DSP48E1_SPD_SGL_VARIANT.FIX_MULT/DSP1/i_no_versal_es1_workaround.DSP multiplier stage design_1_i/conv2d_stream_0/inst/grp_conv2d_stream_Pipeline_VITIS_LOOP_68_3_mainLoop_cols_fu_367/fmul_32ns_32ns_32_3_max_dsp_1_U90/conv2d_stream_fmul_32ns_32ns_32_3_max_dsp_1_ip_u/inst/i_synth/MULT.OP/i_non_prim.MULT/DSP48E1_SPD_SGL_VARIANT.FIX_MULT/DSP1/i_no_versal_es1_workaround.DSP/PATTERNDETECT is not pipelined (MREG=0). Pipelining the multiplier function will improve performance and will save significant power so it is suggested whenever possible to fully pipeline this function.  If this multiplier was inferred, it is suggested to describe an additional register stage after this function.  If there is no registered adder/accumulator following the multiply function, two pipeline stages are suggested to allow both the MREG and PREG registers to be used.  If the DSP48 was instantiated in the design, it is suggested to set both the MREG and PREG attributes to 1 when performing multiply functions.
Related violations: <none>

DPOP-2#72 Warning
MREG Output pipelining  
DSP design_1_i/conv2d_stream_0/inst/grp_conv2d_stream_Pipeline_VITIS_LOOP_68_3_mainLoop_cols_fu_367/fmul_32ns_32ns_32_3_max_dsp_1_U90/conv2d_stream_fmul_32ns_32ns_32_3_max_dsp_1_ip_u/inst/i_synth/MULT.OP/i_non_prim.MULT/DSP48E1_SPD_SGL_VARIANT.FIX_MULT/DSP2/i_no_versal_es1_workaround.DSP multiplier stage design_1_i/conv2d_stream_0/inst/grp_conv2d_stream_Pipeline_VITIS_LOOP_68_3_mainLoop_cols_fu_367/fmul_32ns_32ns_32_3_max_dsp_1_U90/conv2d_stream_fmul_32ns_32ns_32_3_max_dsp_1_ip_u/inst/i_synth/MULT.OP/i_non_prim.MULT/DSP48E1_SPD_SGL_VARIANT.FIX_MULT/DSP2/i_no_versal_es1_workaround.DSP/PATTERNDETECT is not pipelined (MREG=0). Pipelining the multiplier function will improve performance and will save significant power so it is suggested whenever possible to fully pipeline this function.  If this multiplier was inferred, it is suggested to describe an additional register stage after this function.  If there is no registered adder/accumulator following the multiply function, two pipeline stages are suggested to allow both the MREG and PREG registers to be used.  If the DSP48 was instantiated in the design, it is suggested to set both the MREG and PREG attributes to 1 when performing multiply functions.
Related violations: <none>

DPOP-2#73 Warning
MREG Output pipelining  
DSP design_1_i/conv2d_stream_0/inst/grp_conv2d_stream_Pipeline_VITIS_LOOP_68_3_mainLoop_cols_fu_367/fmul_32ns_32ns_32_3_max_dsp_1_U90/conv2d_stream_fmul_32ns_32ns_32_3_max_dsp_1_ip_u/inst/i_synth/MULT.OP/i_non_prim.MULT/DSP48E1_SPD_SGL_VARIANT.FIX_MULT/DSP2/i_no_versal_es1_workaround.DSP multiplier stage design_1_i/conv2d_stream_0/inst/grp_conv2d_stream_Pipeline_VITIS_LOOP_68_3_mainLoop_cols_fu_367/fmul_32ns_32ns_32_3_max_dsp_1_U90/conv2d_stream_fmul_32ns_32ns_32_3_max_dsp_1_ip_u/inst/i_synth/MULT.OP/i_non_prim.MULT/DSP48E1_SPD_SGL_VARIANT.FIX_MULT/DSP2/i_no_versal_es1_workaround.DSP/P[47:0] is not pipelined (MREG=0). Pipelining the multiplier function will improve performance and will save significant power so it is suggested whenever possible to fully pipeline this function.  If this multiplier was inferred, it is suggested to describe an additional register stage after this function.  If there is no registered adder/accumulator following the multiply function, two pipeline stages are suggested to allow both the MREG and PREG registers to be used.  If the DSP48 was instantiated in the design, it is suggested to set both the MREG and PREG attributes to 1 when performing multiply functions.
Related violations: <none>

DPOP-2#74 Warning
MREG Output pipelining  
DSP design_1_i/conv2d_stream_0/inst/grp_conv2d_stream_Pipeline_VITIS_LOOP_68_3_mainLoop_cols_fu_367/fmul_32ns_32ns_32_3_max_dsp_1_U91/conv2d_stream_fmul_32ns_32ns_32_3_max_dsp_1_ip_u/inst/i_synth/MULT.OP/i_non_prim.MULT/DSP48E1_SPD_SGL_VARIANT.FIX_MULT/DSP1/i_no_versal_es1_workaround.DSP multiplier stage design_1_i/conv2d_stream_0/inst/grp_conv2d_stream_Pipeline_VITIS_LOOP_68_3_mainLoop_cols_fu_367/fmul_32ns_32ns_32_3_max_dsp_1_U91/conv2d_stream_fmul_32ns_32ns_32_3_max_dsp_1_ip_u/inst/i_synth/MULT.OP/i_non_prim.MULT/DSP48E1_SPD_SGL_VARIANT.FIX_MULT/DSP1/i_no_versal_es1_workaround.DSP/PATTERNDETECT is not pipelined (MREG=0). Pipelining the multiplier function will improve performance and will save significant power so it is suggested whenever possible to fully pipeline this function.  If this multiplier was inferred, it is suggested to describe an additional register stage after this function.  If there is no registered adder/accumulator following the multiply function, two pipeline stages are suggested to allow both the MREG and PREG registers to be used.  If the DSP48 was instantiated in the design, it is suggested to set both the MREG and PREG attributes to 1 when performing multiply functions.
Related violations: <none>

DPOP-2#75 Warning
MREG Output pipelining  
DSP design_1_i/conv2d_stream_0/inst/grp_conv2d_stream_Pipeline_VITIS_LOOP_68_3_mainLoop_cols_fu_367/fmul_32ns_32ns_32_3_max_dsp_1_U91/conv2d_stream_fmul_32ns_32ns_32_3_max_dsp_1_ip_u/inst/i_synth/MULT.OP/i_non_prim.MULT/DSP48E1_SPD_SGL_VARIANT.FIX_MULT/DSP2/i_no_versal_es1_workaround.DSP multiplier stage design_1_i/conv2d_stream_0/inst/grp_conv2d_stream_Pipeline_VITIS_LOOP_68_3_mainLoop_cols_fu_367/fmul_32ns_32ns_32_3_max_dsp_1_U91/conv2d_stream_fmul_32ns_32ns_32_3_max_dsp_1_ip_u/inst/i_synth/MULT.OP/i_non_prim.MULT/DSP48E1_SPD_SGL_VARIANT.FIX_MULT/DSP2/i_no_versal_es1_workaround.DSP/PATTERNDETECT is not pipelined (MREG=0). Pipelining the multiplier function will improve performance and will save significant power so it is suggested whenever possible to fully pipeline this function.  If this multiplier was inferred, it is suggested to describe an additional register stage after this function.  If there is no registered adder/accumulator following the multiply function, two pipeline stages are suggested to allow both the MREG and PREG registers to be used.  If the DSP48 was instantiated in the design, it is suggested to set both the MREG and PREG attributes to 1 when performing multiply functions.
Related violations: <none>

DPOP-2#76 Warning
MREG Output pipelining  
DSP design_1_i/conv2d_stream_0/inst/grp_conv2d_stream_Pipeline_VITIS_LOOP_68_3_mainLoop_cols_fu_367/fmul_32ns_32ns_32_3_max_dsp_1_U91/conv2d_stream_fmul_32ns_32ns_32_3_max_dsp_1_ip_u/inst/i_synth/MULT.OP/i_non_prim.MULT/DSP48E1_SPD_SGL_VARIANT.FIX_MULT/DSP2/i_no_versal_es1_workaround.DSP multiplier stage design_1_i/conv2d_stream_0/inst/grp_conv2d_stream_Pipeline_VITIS_LOOP_68_3_mainLoop_cols_fu_367/fmul_32ns_32ns_32_3_max_dsp_1_U91/conv2d_stream_fmul_32ns_32ns_32_3_max_dsp_1_ip_u/inst/i_synth/MULT.OP/i_non_prim.MULT/DSP48E1_SPD_SGL_VARIANT.FIX_MULT/DSP2/i_no_versal_es1_workaround.DSP/P[47:0] is not pipelined (MREG=0). Pipelining the multiplier function will improve performance and will save significant power so it is suggested whenever possible to fully pipeline this function.  If this multiplier was inferred, it is suggested to describe an additional register stage after this function.  If there is no registered adder/accumulator following the multiply function, two pipeline stages are suggested to allow both the MREG and PREG registers to be used.  If the DSP48 was instantiated in the design, it is suggested to set both the MREG and PREG attributes to 1 when performing multiply functions.
Related violations: <none>

DPOP-2#77 Warning
MREG Output pipelining  
DSP design_1_i/conv2d_stream_0/inst/grp_conv2d_stream_Pipeline_VITIS_LOOP_68_3_mainLoop_cols_fu_367/fmul_32ns_32ns_32_3_max_dsp_1_U92/conv2d_stream_fmul_32ns_32ns_32_3_max_dsp_1_ip_u/inst/i_synth/MULT.OP/i_non_prim.MULT/DSP48E1_SPD_SGL_VARIANT.FIX_MULT/DSP1/i_no_versal_es1_workaround.DSP multiplier stage design_1_i/conv2d_stream_0/inst/grp_conv2d_stream_Pipeline_VITIS_LOOP_68_3_mainLoop_cols_fu_367/fmul_32ns_32ns_32_3_max_dsp_1_U92/conv2d_stream_fmul_32ns_32ns_32_3_max_dsp_1_ip_u/inst/i_synth/MULT.OP/i_non_prim.MULT/DSP48E1_SPD_SGL_VARIANT.FIX_MULT/DSP1/i_no_versal_es1_workaround.DSP/PATTERNDETECT is not pipelined (MREG=0). Pipelining the multiplier function will improve performance and will save significant power so it is suggested whenever possible to fully pipeline this function.  If this multiplier was inferred, it is suggested to describe an additional register stage after this function.  If there is no registered adder/accumulator following the multiply function, two pipeline stages are suggested to allow both the MREG and PREG registers to be used.  If the DSP48 was instantiated in the design, it is suggested to set both the MREG and PREG attributes to 1 when performing multiply functions.
Related violations: <none>

DPOP-2#78 Warning
MREG Output pipelining  
DSP design_1_i/conv2d_stream_0/inst/grp_conv2d_stream_Pipeline_VITIS_LOOP_68_3_mainLoop_cols_fu_367/fmul_32ns_32ns_32_3_max_dsp_1_U92/conv2d_stream_fmul_32ns_32ns_32_3_max_dsp_1_ip_u/inst/i_synth/MULT.OP/i_non_prim.MULT/DSP48E1_SPD_SGL_VARIANT.FIX_MULT/DSP2/i_no_versal_es1_workaround.DSP multiplier stage design_1_i/conv2d_stream_0/inst/grp_conv2d_stream_Pipeline_VITIS_LOOP_68_3_mainLoop_cols_fu_367/fmul_32ns_32ns_32_3_max_dsp_1_U92/conv2d_stream_fmul_32ns_32ns_32_3_max_dsp_1_ip_u/inst/i_synth/MULT.OP/i_non_prim.MULT/DSP48E1_SPD_SGL_VARIANT.FIX_MULT/DSP2/i_no_versal_es1_workaround.DSP/PATTERNDETECT is not pipelined (MREG=0). Pipelining the multiplier function will improve performance and will save significant power so it is suggested whenever possible to fully pipeline this function.  If this multiplier was inferred, it is suggested to describe an additional register stage after this function.  If there is no registered adder/accumulator following the multiply function, two pipeline stages are suggested to allow both the MREG and PREG registers to be used.  If the DSP48 was instantiated in the design, it is suggested to set both the MREG and PREG attributes to 1 when performing multiply functions.
Related violations: <none>

DPOP-2#79 Warning
MREG Output pipelining  
DSP design_1_i/conv2d_stream_0/inst/grp_conv2d_stream_Pipeline_VITIS_LOOP_68_3_mainLoop_cols_fu_367/fmul_32ns_32ns_32_3_max_dsp_1_U92/conv2d_stream_fmul_32ns_32ns_32_3_max_dsp_1_ip_u/inst/i_synth/MULT.OP/i_non_prim.MULT/DSP48E1_SPD_SGL_VARIANT.FIX_MULT/DSP2/i_no_versal_es1_workaround.DSP multiplier stage design_1_i/conv2d_stream_0/inst/grp_conv2d_stream_Pipeline_VITIS_LOOP_68_3_mainLoop_cols_fu_367/fmul_32ns_32ns_32_3_max_dsp_1_U92/conv2d_stream_fmul_32ns_32ns_32_3_max_dsp_1_ip_u/inst/i_synth/MULT.OP/i_non_prim.MULT/DSP48E1_SPD_SGL_VARIANT.FIX_MULT/DSP2/i_no_versal_es1_workaround.DSP/P[47:0] is not pipelined (MREG=0). Pipelining the multiplier function will improve performance and will save significant power so it is suggested whenever possible to fully pipeline this function.  If this multiplier was inferred, it is suggested to describe an additional register stage after this function.  If there is no registered adder/accumulator following the multiply function, two pipeline stages are suggested to allow both the MREG and PREG registers to be used.  If the DSP48 was instantiated in the design, it is suggested to set both the MREG and PREG attributes to 1 when performing multiply functions.
Related violations: <none>

DPOP-2#80 Warning
MREG Output pipelining  
DSP design_1_i/conv2d_stream_0/inst/grp_conv2d_stream_Pipeline_VITIS_LOOP_68_3_mainLoop_cols_fu_367/fmul_32ns_32ns_32_3_max_dsp_1_U93/conv2d_stream_fmul_32ns_32ns_32_3_max_dsp_1_ip_u/inst/i_synth/MULT.OP/i_non_prim.MULT/DSP48E1_SPD_SGL_VARIANT.FIX_MULT/DSP1/i_no_versal_es1_workaround.DSP multiplier stage design_1_i/conv2d_stream_0/inst/grp_conv2d_stream_Pipeline_VITIS_LOOP_68_3_mainLoop_cols_fu_367/fmul_32ns_32ns_32_3_max_dsp_1_U93/conv2d_stream_fmul_32ns_32ns_32_3_max_dsp_1_ip_u/inst/i_synth/MULT.OP/i_non_prim.MULT/DSP48E1_SPD_SGL_VARIANT.FIX_MULT/DSP1/i_no_versal_es1_workaround.DSP/PATTERNDETECT is not pipelined (MREG=0). Pipelining the multiplier function will improve performance and will save significant power so it is suggested whenever possible to fully pipeline this function.  If this multiplier was inferred, it is suggested to describe an additional register stage after this function.  If there is no registered adder/accumulator following the multiply function, two pipeline stages are suggested to allow both the MREG and PREG registers to be used.  If the DSP48 was instantiated in the design, it is suggested to set both the MREG and PREG attributes to 1 when performing multiply functions.
Related violations: <none>

DPOP-2#81 Warning
MREG Output pipelining  
DSP design_1_i/conv2d_stream_0/inst/grp_conv2d_stream_Pipeline_VITIS_LOOP_68_3_mainLoop_cols_fu_367/fmul_32ns_32ns_32_3_max_dsp_1_U93/conv2d_stream_fmul_32ns_32ns_32_3_max_dsp_1_ip_u/inst/i_synth/MULT.OP/i_non_prim.MULT/DSP48E1_SPD_SGL_VARIANT.FIX_MULT/DSP2/i_no_versal_es1_workaround.DSP multiplier stage design_1_i/conv2d_stream_0/inst/grp_conv2d_stream_Pipeline_VITIS_LOOP_68_3_mainLoop_cols_fu_367/fmul_32ns_32ns_32_3_max_dsp_1_U93/conv2d_stream_fmul_32ns_32ns_32_3_max_dsp_1_ip_u/inst/i_synth/MULT.OP/i_non_prim.MULT/DSP48E1_SPD_SGL_VARIANT.FIX_MULT/DSP2/i_no_versal_es1_workaround.DSP/PATTERNDETECT is not pipelined (MREG=0). Pipelining the multiplier function will improve performance and will save significant power so it is suggested whenever possible to fully pipeline this function.  If this multiplier was inferred, it is suggested to describe an additional register stage after this function.  If there is no registered adder/accumulator following the multiply function, two pipeline stages are suggested to allow both the MREG and PREG registers to be used.  If the DSP48 was instantiated in the design, it is suggested to set both the MREG and PREG attributes to 1 when performing multiply functions.
Related violations: <none>

DPOP-2#82 Warning
MREG Output pipelining  
DSP design_1_i/conv2d_stream_0/inst/grp_conv2d_stream_Pipeline_VITIS_LOOP_68_3_mainLoop_cols_fu_367/fmul_32ns_32ns_32_3_max_dsp_1_U93/conv2d_stream_fmul_32ns_32ns_32_3_max_dsp_1_ip_u/inst/i_synth/MULT.OP/i_non_prim.MULT/DSP48E1_SPD_SGL_VARIANT.FIX_MULT/DSP2/i_no_versal_es1_workaround.DSP multiplier stage design_1_i/conv2d_stream_0/inst/grp_conv2d_stream_Pipeline_VITIS_LOOP_68_3_mainLoop_cols_fu_367/fmul_32ns_32ns_32_3_max_dsp_1_U93/conv2d_stream_fmul_32ns_32ns_32_3_max_dsp_1_ip_u/inst/i_synth/MULT.OP/i_non_prim.MULT/DSP48E1_SPD_SGL_VARIANT.FIX_MULT/DSP2/i_no_versal_es1_workaround.DSP/P[47:0] is not pipelined (MREG=0). Pipelining the multiplier function will improve performance and will save significant power so it is suggested whenever possible to fully pipeline this function.  If this multiplier was inferred, it is suggested to describe an additional register stage after this function.  If there is no registered adder/accumulator following the multiply function, two pipeline stages are suggested to allow both the MREG and PREG registers to be used.  If the DSP48 was instantiated in the design, it is suggested to set both the MREG and PREG attributes to 1 when performing multiply functions.
Related violations: <none>

DPOP-2#83 Warning
MREG Output pipelining  
DSP design_1_i/conv2d_stream_0/inst/grp_conv2d_stream_Pipeline_VITIS_LOOP_68_3_mainLoop_cols_fu_367/fmul_32ns_32ns_32_3_max_dsp_1_U94/conv2d_stream_fmul_32ns_32ns_32_3_max_dsp_1_ip_u/inst/i_synth/MULT.OP/i_non_prim.MULT/DSP48E1_SPD_SGL_VARIANT.FIX_MULT/DSP1/i_no_versal_es1_workaround.DSP multiplier stage design_1_i/conv2d_stream_0/inst/grp_conv2d_stream_Pipeline_VITIS_LOOP_68_3_mainLoop_cols_fu_367/fmul_32ns_32ns_32_3_max_dsp_1_U94/conv2d_stream_fmul_32ns_32ns_32_3_max_dsp_1_ip_u/inst/i_synth/MULT.OP/i_non_prim.MULT/DSP48E1_SPD_SGL_VARIANT.FIX_MULT/DSP1/i_no_versal_es1_workaround.DSP/PATTERNDETECT is not pipelined (MREG=0). Pipelining the multiplier function will improve performance and will save significant power so it is suggested whenever possible to fully pipeline this function.  If this multiplier was inferred, it is suggested to describe an additional register stage after this function.  If there is no registered adder/accumulator following the multiply function, two pipeline stages are suggested to allow both the MREG and PREG registers to be used.  If the DSP48 was instantiated in the design, it is suggested to set both the MREG and PREG attributes to 1 when performing multiply functions.
Related violations: <none>

DPOP-2#84 Warning
MREG Output pipelining  
DSP design_1_i/conv2d_stream_0/inst/grp_conv2d_stream_Pipeline_VITIS_LOOP_68_3_mainLoop_cols_fu_367/fmul_32ns_32ns_32_3_max_dsp_1_U94/conv2d_stream_fmul_32ns_32ns_32_3_max_dsp_1_ip_u/inst/i_synth/MULT.OP/i_non_prim.MULT/DSP48E1_SPD_SGL_VARIANT.FIX_MULT/DSP2/i_no_versal_es1_workaround.DSP multiplier stage design_1_i/conv2d_stream_0/inst/grp_conv2d_stream_Pipeline_VITIS_LOOP_68_3_mainLoop_cols_fu_367/fmul_32ns_32ns_32_3_max_dsp_1_U94/conv2d_stream_fmul_32ns_32ns_32_3_max_dsp_1_ip_u/inst/i_synth/MULT.OP/i_non_prim.MULT/DSP48E1_SPD_SGL_VARIANT.FIX_MULT/DSP2/i_no_versal_es1_workaround.DSP/PATTERNDETECT is not pipelined (MREG=0). Pipelining the multiplier function will improve performance and will save significant power so it is suggested whenever possible to fully pipeline this function.  If this multiplier was inferred, it is suggested to describe an additional register stage after this function.  If there is no registered adder/accumulator following the multiply function, two pipeline stages are suggested to allow both the MREG and PREG registers to be used.  If the DSP48 was instantiated in the design, it is suggested to set both the MREG and PREG attributes to 1 when performing multiply functions.
Related violations: <none>

DPOP-2#85 Warning
MREG Output pipelining  
DSP design_1_i/conv2d_stream_0/inst/grp_conv2d_stream_Pipeline_VITIS_LOOP_68_3_mainLoop_cols_fu_367/fmul_32ns_32ns_32_3_max_dsp_1_U94/conv2d_stream_fmul_32ns_32ns_32_3_max_dsp_1_ip_u/inst/i_synth/MULT.OP/i_non_prim.MULT/DSP48E1_SPD_SGL_VARIANT.FIX_MULT/DSP2/i_no_versal_es1_workaround.DSP multiplier stage design_1_i/conv2d_stream_0/inst/grp_conv2d_stream_Pipeline_VITIS_LOOP_68_3_mainLoop_cols_fu_367/fmul_32ns_32ns_32_3_max_dsp_1_U94/conv2d_stream_fmul_32ns_32ns_32_3_max_dsp_1_ip_u/inst/i_synth/MULT.OP/i_non_prim.MULT/DSP48E1_SPD_SGL_VARIANT.FIX_MULT/DSP2/i_no_versal_es1_workaround.DSP/P[47:0] is not pipelined (MREG=0). Pipelining the multiplier function will improve performance and will save significant power so it is suggested whenever possible to fully pipeline this function.  If this multiplier was inferred, it is suggested to describe an additional register stage after this function.  If there is no registered adder/accumulator following the multiply function, two pipeline stages are suggested to allow both the MREG and PREG registers to be used.  If the DSP48 was instantiated in the design, it is suggested to set both the MREG and PREG attributes to 1 when performing multiply functions.
Related violations: <none>

DPOP-2#86 Warning
MREG Output pipelining  
DSP design_1_i/conv2d_stream_0/inst/grp_conv2d_stream_Pipeline_VITIS_LOOP_68_3_mainLoop_cols_fu_367/fmul_32ns_32ns_32_3_max_dsp_1_U95/conv2d_stream_fmul_32ns_32ns_32_3_max_dsp_1_ip_u/inst/i_synth/MULT.OP/i_non_prim.MULT/DSP48E1_SPD_SGL_VARIANT.FIX_MULT/DSP1/i_no_versal_es1_workaround.DSP multiplier stage design_1_i/conv2d_stream_0/inst/grp_conv2d_stream_Pipeline_VITIS_LOOP_68_3_mainLoop_cols_fu_367/fmul_32ns_32ns_32_3_max_dsp_1_U95/conv2d_stream_fmul_32ns_32ns_32_3_max_dsp_1_ip_u/inst/i_synth/MULT.OP/i_non_prim.MULT/DSP48E1_SPD_SGL_VARIANT.FIX_MULT/DSP1/i_no_versal_es1_workaround.DSP/PATTERNDETECT is not pipelined (MREG=0). Pipelining the multiplier function will improve performance and will save significant power so it is suggested whenever possible to fully pipeline this function.  If this multiplier was inferred, it is suggested to describe an additional register stage after this function.  If there is no registered adder/accumulator following the multiply function, two pipeline stages are suggested to allow both the MREG and PREG registers to be used.  If the DSP48 was instantiated in the design, it is suggested to set both the MREG and PREG attributes to 1 when performing multiply functions.
Related violations: <none>

DPOP-2#87 Warning
MREG Output pipelining  
DSP design_1_i/conv2d_stream_0/inst/grp_conv2d_stream_Pipeline_VITIS_LOOP_68_3_mainLoop_cols_fu_367/fmul_32ns_32ns_32_3_max_dsp_1_U95/conv2d_stream_fmul_32ns_32ns_32_3_max_dsp_1_ip_u/inst/i_synth/MULT.OP/i_non_prim.MULT/DSP48E1_SPD_SGL_VARIANT.FIX_MULT/DSP2/i_no_versal_es1_workaround.DSP multiplier stage design_1_i/conv2d_stream_0/inst/grp_conv2d_stream_Pipeline_VITIS_LOOP_68_3_mainLoop_cols_fu_367/fmul_32ns_32ns_32_3_max_dsp_1_U95/conv2d_stream_fmul_32ns_32ns_32_3_max_dsp_1_ip_u/inst/i_synth/MULT.OP/i_non_prim.MULT/DSP48E1_SPD_SGL_VARIANT.FIX_MULT/DSP2/i_no_versal_es1_workaround.DSP/PATTERNDETECT is not pipelined (MREG=0). Pipelining the multiplier function will improve performance and will save significant power so it is suggested whenever possible to fully pipeline this function.  If this multiplier was inferred, it is suggested to describe an additional register stage after this function.  If there is no registered adder/accumulator following the multiply function, two pipeline stages are suggested to allow both the MREG and PREG registers to be used.  If the DSP48 was instantiated in the design, it is suggested to set both the MREG and PREG attributes to 1 when performing multiply functions.
Related violations: <none>

DPOP-2#88 Warning
MREG Output pipelining  
DSP design_1_i/conv2d_stream_0/inst/grp_conv2d_stream_Pipeline_VITIS_LOOP_68_3_mainLoop_cols_fu_367/fmul_32ns_32ns_32_3_max_dsp_1_U95/conv2d_stream_fmul_32ns_32ns_32_3_max_dsp_1_ip_u/inst/i_synth/MULT.OP/i_non_prim.MULT/DSP48E1_SPD_SGL_VARIANT.FIX_MULT/DSP2/i_no_versal_es1_workaround.DSP multiplier stage design_1_i/conv2d_stream_0/inst/grp_conv2d_stream_Pipeline_VITIS_LOOP_68_3_mainLoop_cols_fu_367/fmul_32ns_32ns_32_3_max_dsp_1_U95/conv2d_stream_fmul_32ns_32ns_32_3_max_dsp_1_ip_u/inst/i_synth/MULT.OP/i_non_prim.MULT/DSP48E1_SPD_SGL_VARIANT.FIX_MULT/DSP2/i_no_versal_es1_workaround.DSP/P[47:0] is not pipelined (MREG=0). Pipelining the multiplier function will improve performance and will save significant power so it is suggested whenever possible to fully pipeline this function.  If this multiplier was inferred, it is suggested to describe an additional register stage after this function.  If there is no registered adder/accumulator following the multiply function, two pipeline stages are suggested to allow both the MREG and PREG registers to be used.  If the DSP48 was instantiated in the design, it is suggested to set both the MREG and PREG attributes to 1 when performing multiply functions.
Related violations: <none>

DPOP-2#89 Warning
MREG Output pipelining  
DSP design_1_i/conv2d_stream_0/inst/grp_conv2d_stream_Pipeline_VITIS_LOOP_68_3_mainLoop_cols_fu_367/fmul_32ns_32ns_32_3_max_dsp_1_U96/conv2d_stream_fmul_32ns_32ns_32_3_max_dsp_1_ip_u/inst/i_synth/MULT.OP/i_non_prim.MULT/DSP48E1_SPD_SGL_VARIANT.FIX_MULT/DSP1/i_no_versal_es1_workaround.DSP multiplier stage design_1_i/conv2d_stream_0/inst/grp_conv2d_stream_Pipeline_VITIS_LOOP_68_3_mainLoop_cols_fu_367/fmul_32ns_32ns_32_3_max_dsp_1_U96/conv2d_stream_fmul_32ns_32ns_32_3_max_dsp_1_ip_u/inst/i_synth/MULT.OP/i_non_prim.MULT/DSP48E1_SPD_SGL_VARIANT.FIX_MULT/DSP1/i_no_versal_es1_workaround.DSP/PATTERNDETECT is not pipelined (MREG=0). Pipelining the multiplier function will improve performance and will save significant power so it is suggested whenever possible to fully pipeline this function.  If this multiplier was inferred, it is suggested to describe an additional register stage after this function.  If there is no registered adder/accumulator following the multiply function, two pipeline stages are suggested to allow both the MREG and PREG registers to be used.  If the DSP48 was instantiated in the design, it is suggested to set both the MREG and PREG attributes to 1 when performing multiply functions.
Related violations: <none>

DPOP-2#90 Warning
MREG Output pipelining  
DSP design_1_i/conv2d_stream_0/inst/grp_conv2d_stream_Pipeline_VITIS_LOOP_68_3_mainLoop_cols_fu_367/fmul_32ns_32ns_32_3_max_dsp_1_U96/conv2d_stream_fmul_32ns_32ns_32_3_max_dsp_1_ip_u/inst/i_synth/MULT.OP/i_non_prim.MULT/DSP48E1_SPD_SGL_VARIANT.FIX_MULT/DSP2/i_no_versal_es1_workaround.DSP multiplier stage design_1_i/conv2d_stream_0/inst/grp_conv2d_stream_Pipeline_VITIS_LOOP_68_3_mainLoop_cols_fu_367/fmul_32ns_32ns_32_3_max_dsp_1_U96/conv2d_stream_fmul_32ns_32ns_32_3_max_dsp_1_ip_u/inst/i_synth/MULT.OP/i_non_prim.MULT/DSP48E1_SPD_SGL_VARIANT.FIX_MULT/DSP2/i_no_versal_es1_workaround.DSP/PATTERNDETECT is not pipelined (MREG=0). Pipelining the multiplier function will improve performance and will save significant power so it is suggested whenever possible to fully pipeline this function.  If this multiplier was inferred, it is suggested to describe an additional register stage after this function.  If there is no registered adder/accumulator following the multiply function, two pipeline stages are suggested to allow both the MREG and PREG registers to be used.  If the DSP48 was instantiated in the design, it is suggested to set both the MREG and PREG attributes to 1 when performing multiply functions.
Related violations: <none>

DPOP-2#91 Warning
MREG Output pipelining  
DSP design_1_i/conv2d_stream_0/inst/grp_conv2d_stream_Pipeline_VITIS_LOOP_68_3_mainLoop_cols_fu_367/fmul_32ns_32ns_32_3_max_dsp_1_U96/conv2d_stream_fmul_32ns_32ns_32_3_max_dsp_1_ip_u/inst/i_synth/MULT.OP/i_non_prim.MULT/DSP48E1_SPD_SGL_VARIANT.FIX_MULT/DSP2/i_no_versal_es1_workaround.DSP multiplier stage design_1_i/conv2d_stream_0/inst/grp_conv2d_stream_Pipeline_VITIS_LOOP_68_3_mainLoop_cols_fu_367/fmul_32ns_32ns_32_3_max_dsp_1_U96/conv2d_stream_fmul_32ns_32ns_32_3_max_dsp_1_ip_u/inst/i_synth/MULT.OP/i_non_prim.MULT/DSP48E1_SPD_SGL_VARIANT.FIX_MULT/DSP2/i_no_versal_es1_workaround.DSP/P[47:0] is not pipelined (MREG=0). Pipelining the multiplier function will improve performance and will save significant power so it is suggested whenever possible to fully pipeline this function.  If this multiplier was inferred, it is suggested to describe an additional register stage after this function.  If there is no registered adder/accumulator following the multiply function, two pipeline stages are suggested to allow both the MREG and PREG registers to be used.  If the DSP48 was instantiated in the design, it is suggested to set both the MREG and PREG attributes to 1 when performing multiply functions.
Related violations: <none>

DPOP-2#92 Warning
MREG Output pipelining  
DSP design_1_i/conv2d_stream_0/inst/grp_conv2d_stream_Pipeline_VITIS_LOOP_68_3_mainLoop_cols_fu_367/fmul_32ns_32ns_32_3_max_dsp_1_U97/conv2d_stream_fmul_32ns_32ns_32_3_max_dsp_1_ip_u/inst/i_synth/MULT.OP/i_non_prim.MULT/DSP48E1_SPD_SGL_VARIANT.FIX_MULT/DSP1/i_no_versal_es1_workaround.DSP multiplier stage design_1_i/conv2d_stream_0/inst/grp_conv2d_stream_Pipeline_VITIS_LOOP_68_3_mainLoop_cols_fu_367/fmul_32ns_32ns_32_3_max_dsp_1_U97/conv2d_stream_fmul_32ns_32ns_32_3_max_dsp_1_ip_u/inst/i_synth/MULT.OP/i_non_prim.MULT/DSP48E1_SPD_SGL_VARIANT.FIX_MULT/DSP1/i_no_versal_es1_workaround.DSP/PATTERNDETECT is not pipelined (MREG=0). Pipelining the multiplier function will improve performance and will save significant power so it is suggested whenever possible to fully pipeline this function.  If this multiplier was inferred, it is suggested to describe an additional register stage after this function.  If there is no registered adder/accumulator following the multiply function, two pipeline stages are suggested to allow both the MREG and PREG registers to be used.  If the DSP48 was instantiated in the design, it is suggested to set both the MREG and PREG attributes to 1 when performing multiply functions.
Related violations: <none>

DPOP-2#93 Warning
MREG Output pipelining  
DSP design_1_i/conv2d_stream_0/inst/grp_conv2d_stream_Pipeline_VITIS_LOOP_68_3_mainLoop_cols_fu_367/fmul_32ns_32ns_32_3_max_dsp_1_U97/conv2d_stream_fmul_32ns_32ns_32_3_max_dsp_1_ip_u/inst/i_synth/MULT.OP/i_non_prim.MULT/DSP48E1_SPD_SGL_VARIANT.FIX_MULT/DSP2/i_no_versal_es1_workaround.DSP multiplier stage design_1_i/conv2d_stream_0/inst/grp_conv2d_stream_Pipeline_VITIS_LOOP_68_3_mainLoop_cols_fu_367/fmul_32ns_32ns_32_3_max_dsp_1_U97/conv2d_stream_fmul_32ns_32ns_32_3_max_dsp_1_ip_u/inst/i_synth/MULT.OP/i_non_prim.MULT/DSP48E1_SPD_SGL_VARIANT.FIX_MULT/DSP2/i_no_versal_es1_workaround.DSP/PATTERNDETECT is not pipelined (MREG=0). Pipelining the multiplier function will improve performance and will save significant power so it is suggested whenever possible to fully pipeline this function.  If this multiplier was inferred, it is suggested to describe an additional register stage after this function.  If there is no registered adder/accumulator following the multiply function, two pipeline stages are suggested to allow both the MREG and PREG registers to be used.  If the DSP48 was instantiated in the design, it is suggested to set both the MREG and PREG attributes to 1 when performing multiply functions.
Related violations: <none>

DPOP-2#94 Warning
MREG Output pipelining  
DSP design_1_i/conv2d_stream_0/inst/grp_conv2d_stream_Pipeline_VITIS_LOOP_68_3_mainLoop_cols_fu_367/fmul_32ns_32ns_32_3_max_dsp_1_U97/conv2d_stream_fmul_32ns_32ns_32_3_max_dsp_1_ip_u/inst/i_synth/MULT.OP/i_non_prim.MULT/DSP48E1_SPD_SGL_VARIANT.FIX_MULT/DSP2/i_no_versal_es1_workaround.DSP multiplier stage design_1_i/conv2d_stream_0/inst/grp_conv2d_stream_Pipeline_VITIS_LOOP_68_3_mainLoop_cols_fu_367/fmul_32ns_32ns_32_3_max_dsp_1_U97/conv2d_stream_fmul_32ns_32ns_32_3_max_dsp_1_ip_u/inst/i_synth/MULT.OP/i_non_prim.MULT/DSP48E1_SPD_SGL_VARIANT.FIX_MULT/DSP2/i_no_versal_es1_workaround.DSP/P[47:0] is not pipelined (MREG=0). Pipelining the multiplier function will improve performance and will save significant power so it is suggested whenever possible to fully pipeline this function.  If this multiplier was inferred, it is suggested to describe an additional register stage after this function.  If there is no registered adder/accumulator following the multiply function, two pipeline stages are suggested to allow both the MREG and PREG registers to be used.  If the DSP48 was instantiated in the design, it is suggested to set both the MREG and PREG attributes to 1 when performing multiply functions.
Related violations: <none>

DPOP-2#95 Warning
MREG Output pipelining  
DSP design_1_i/conv2d_stream_0/inst/grp_conv2d_stream_Pipeline_VITIS_LOOP_68_3_mainLoop_cols_fu_367/fmul_32ns_32ns_32_3_max_dsp_1_U98/conv2d_stream_fmul_32ns_32ns_32_3_max_dsp_1_ip_u/inst/i_synth/MULT.OP/i_non_prim.MULT/DSP48E1_SPD_SGL_VARIANT.FIX_MULT/DSP1/i_no_versal_es1_workaround.DSP multiplier stage design_1_i/conv2d_stream_0/inst/grp_conv2d_stream_Pipeline_VITIS_LOOP_68_3_mainLoop_cols_fu_367/fmul_32ns_32ns_32_3_max_dsp_1_U98/conv2d_stream_fmul_32ns_32ns_32_3_max_dsp_1_ip_u/inst/i_synth/MULT.OP/i_non_prim.MULT/DSP48E1_SPD_SGL_VARIANT.FIX_MULT/DSP1/i_no_versal_es1_workaround.DSP/PATTERNDETECT is not pipelined (MREG=0). Pipelining the multiplier function will improve performance and will save significant power so it is suggested whenever possible to fully pipeline this function.  If this multiplier was inferred, it is suggested to describe an additional register stage after this function.  If there is no registered adder/accumulator following the multiply function, two pipeline stages are suggested to allow both the MREG and PREG registers to be used.  If the DSP48 was instantiated in the design, it is suggested to set both the MREG and PREG attributes to 1 when performing multiply functions.
Related violations: <none>

DPOP-2#96 Warning
MREG Output pipelining  
DSP design_1_i/conv2d_stream_0/inst/grp_conv2d_stream_Pipeline_VITIS_LOOP_68_3_mainLoop_cols_fu_367/fmul_32ns_32ns_32_3_max_dsp_1_U98/conv2d_stream_fmul_32ns_32ns_32_3_max_dsp_1_ip_u/inst/i_synth/MULT.OP/i_non_prim.MULT/DSP48E1_SPD_SGL_VARIANT.FIX_MULT/DSP2/i_no_versal_es1_workaround.DSP multiplier stage design_1_i/conv2d_stream_0/inst/grp_conv2d_stream_Pipeline_VITIS_LOOP_68_3_mainLoop_cols_fu_367/fmul_32ns_32ns_32_3_max_dsp_1_U98/conv2d_stream_fmul_32ns_32ns_32_3_max_dsp_1_ip_u/inst/i_synth/MULT.OP/i_non_prim.MULT/DSP48E1_SPD_SGL_VARIANT.FIX_MULT/DSP2/i_no_versal_es1_workaround.DSP/PATTERNDETECT is not pipelined (MREG=0). Pipelining the multiplier function will improve performance and will save significant power so it is suggested whenever possible to fully pipeline this function.  If this multiplier was inferred, it is suggested to describe an additional register stage after this function.  If there is no registered adder/accumulator following the multiply function, two pipeline stages are suggested to allow both the MREG and PREG registers to be used.  If the DSP48 was instantiated in the design, it is suggested to set both the MREG and PREG attributes to 1 when performing multiply functions.
Related violations: <none>

DPOP-2#97 Warning
MREG Output pipelining  
DSP design_1_i/conv2d_stream_0/inst/grp_conv2d_stream_Pipeline_VITIS_LOOP_68_3_mainLoop_cols_fu_367/fmul_32ns_32ns_32_3_max_dsp_1_U98/conv2d_stream_fmul_32ns_32ns_32_3_max_dsp_1_ip_u/inst/i_synth/MULT.OP/i_non_prim.MULT/DSP48E1_SPD_SGL_VARIANT.FIX_MULT/DSP2/i_no_versal_es1_workaround.DSP multiplier stage design_1_i/conv2d_stream_0/inst/grp_conv2d_stream_Pipeline_VITIS_LOOP_68_3_mainLoop_cols_fu_367/fmul_32ns_32ns_32_3_max_dsp_1_U98/conv2d_stream_fmul_32ns_32ns_32_3_max_dsp_1_ip_u/inst/i_synth/MULT.OP/i_non_prim.MULT/DSP48E1_SPD_SGL_VARIANT.FIX_MULT/DSP2/i_no_versal_es1_workaround.DSP/P[47:0] is not pipelined (MREG=0). Pipelining the multiplier function will improve performance and will save significant power so it is suggested whenever possible to fully pipeline this function.  If this multiplier was inferred, it is suggested to describe an additional register stage after this function.  If there is no registered adder/accumulator following the multiply function, two pipeline stages are suggested to allow both the MREG and PREG registers to be used.  If the DSP48 was instantiated in the design, it is suggested to set both the MREG and PREG attributes to 1 when performing multiply functions.
Related violations: <none>

DPOP-2#98 Warning
MREG Output pipelining  
DSP design_1_i/conv2d_stream_0/inst/grp_conv2d_stream_Pipeline_VITIS_LOOP_68_3_mainLoop_cols_fu_367/fmul_32ns_32ns_32_3_max_dsp_1_U99/conv2d_stream_fmul_32ns_32ns_32_3_max_dsp_1_ip_u/inst/i_synth/MULT.OP/i_non_prim.MULT/DSP48E1_SPD_SGL_VARIANT.FIX_MULT/DSP1/i_no_versal_es1_workaround.DSP multiplier stage design_1_i/conv2d_stream_0/inst/grp_conv2d_stream_Pipeline_VITIS_LOOP_68_3_mainLoop_cols_fu_367/fmul_32ns_32ns_32_3_max_dsp_1_U99/conv2d_stream_fmul_32ns_32ns_32_3_max_dsp_1_ip_u/inst/i_synth/MULT.OP/i_non_prim.MULT/DSP48E1_SPD_SGL_VARIANT.FIX_MULT/DSP1/i_no_versal_es1_workaround.DSP/PATTERNDETECT is not pipelined (MREG=0). Pipelining the multiplier function will improve performance and will save significant power so it is suggested whenever possible to fully pipeline this function.  If this multiplier was inferred, it is suggested to describe an additional register stage after this function.  If there is no registered adder/accumulator following the multiply function, two pipeline stages are suggested to allow both the MREG and PREG registers to be used.  If the DSP48 was instantiated in the design, it is suggested to set both the MREG and PREG attributes to 1 when performing multiply functions.
Related violations: <none>

DPOP-2#99 Warning
MREG Output pipelining  
DSP design_1_i/conv2d_stream_0/inst/grp_conv2d_stream_Pipeline_VITIS_LOOP_68_3_mainLoop_cols_fu_367/fmul_32ns_32ns_32_3_max_dsp_1_U99/conv2d_stream_fmul_32ns_32ns_32_3_max_dsp_1_ip_u/inst/i_synth/MULT.OP/i_non_prim.MULT/DSP48E1_SPD_SGL_VARIANT.FIX_MULT/DSP2/i_no_versal_es1_workaround.DSP multiplier stage design_1_i/conv2d_stream_0/inst/grp_conv2d_stream_Pipeline_VITIS_LOOP_68_3_mainLoop_cols_fu_367/fmul_32ns_32ns_32_3_max_dsp_1_U99/conv2d_stream_fmul_32ns_32ns_32_3_max_dsp_1_ip_u/inst/i_synth/MULT.OP/i_non_prim.MULT/DSP48E1_SPD_SGL_VARIANT.FIX_MULT/DSP2/i_no_versal_es1_workaround.DSP/PATTERNDETECT is not pipelined (MREG=0). Pipelining the multiplier function will improve performance and will save significant power so it is suggested whenever possible to fully pipeline this function.  If this multiplier was inferred, it is suggested to describe an additional register stage after this function.  If there is no registered adder/accumulator following the multiply function, two pipeline stages are suggested to allow both the MREG and PREG registers to be used.  If the DSP48 was instantiated in the design, it is suggested to set both the MREG and PREG attributes to 1 when performing multiply functions.
Related violations: <none>

DPOP-2#100 Warning
MREG Output pipelining  
DSP design_1_i/conv2d_stream_0/inst/grp_conv2d_stream_Pipeline_VITIS_LOOP_68_3_mainLoop_cols_fu_367/fmul_32ns_32ns_32_3_max_dsp_1_U99/conv2d_stream_fmul_32ns_32ns_32_3_max_dsp_1_ip_u/inst/i_synth/MULT.OP/i_non_prim.MULT/DSP48E1_SPD_SGL_VARIANT.FIX_MULT/DSP2/i_no_versal_es1_workaround.DSP multiplier stage design_1_i/conv2d_stream_0/inst/grp_conv2d_stream_Pipeline_VITIS_LOOP_68_3_mainLoop_cols_fu_367/fmul_32ns_32ns_32_3_max_dsp_1_U99/conv2d_stream_fmul_32ns_32ns_32_3_max_dsp_1_ip_u/inst/i_synth/MULT.OP/i_non_prim.MULT/DSP48E1_SPD_SGL_VARIANT.FIX_MULT/DSP2/i_no_versal_es1_workaround.DSP/P[47:0] is not pipelined (MREG=0). Pipelining the multiplier function will improve performance and will save significant power so it is suggested whenever possible to fully pipeline this function.  If this multiplier was inferred, it is suggested to describe an additional register stage after this function.  If there is no registered adder/accumulator following the multiply function, two pipeline stages are suggested to allow both the MREG and PREG registers to be used.  If the DSP48 was instantiated in the design, it is suggested to set both the MREG and PREG attributes to 1 when performing multiply functions.
Related violations: <none>

DPOP-2#101 Warning
MREG Output pipelining  
DSP design_1_i/conv2d_stream_0/inst/grp_conv2d_stream_Pipeline_VITIS_LOOP_68_3_mainLoop_cols_fu_367/mul_32s_32s_32_1_1_U101/dout multiplier stage design_1_i/conv2d_stream_0/inst/grp_conv2d_stream_Pipeline_VITIS_LOOP_68_3_mainLoop_cols_fu_367/mul_32s_32s_32_1_1_U101/dout/P[47:0] is not pipelined (MREG=0). Pipelining the multiplier function will improve performance and will save significant power so it is suggested whenever possible to fully pipeline this function.  If this multiplier was inferred, it is suggested to describe an additional register stage after this function.  If there is no registered adder/accumulator following the multiply function, two pipeline stages are suggested to allow both the MREG and PREG registers to be used.  If the DSP48 was instantiated in the design, it is suggested to set both the MREG and PREG attributes to 1 when performing multiply functions.
Related violations: <none>

DPOP-2#102 Warning
MREG Output pipelining  
DSP design_1_i/conv2d_stream_0/inst/grp_conv2d_stream_Pipeline_VITIS_LOOP_68_3_mainLoop_cols_fu_367/mul_32s_32s_32_1_1_U101/dout__0 multiplier stage design_1_i/conv2d_stream_0/inst/grp_conv2d_stream_Pipeline_VITIS_LOOP_68_3_mainLoop_cols_fu_367/mul_32s_32s_32_1_1_U101/dout__0/P[47:0] is not pipelined (MREG=0). Pipelining the multiplier function will improve performance and will save significant power so it is suggested whenever possible to fully pipeline this function.  If this multiplier was inferred, it is suggested to describe an additional register stage after this function.  If there is no registered adder/accumulator following the multiply function, two pipeline stages are suggested to allow both the MREG and PREG registers to be used.  If the DSP48 was instantiated in the design, it is suggested to set both the MREG and PREG attributes to 1 when performing multiply functions.
Related violations: <none>

DPOP-2#103 Warning
MREG Output pipelining  
DSP design_1_i/conv2d_stream_0/inst/grp_conv2d_stream_Pipeline_VITIS_LOOP_68_3_mainLoop_cols_fu_367/mul_ln68_reg_2364_reg multiplier stage design_1_i/conv2d_stream_0/inst/grp_conv2d_stream_Pipeline_VITIS_LOOP_68_3_mainLoop_cols_fu_367/mul_ln68_reg_2364_reg/P[47:0] is not pipelined (MREG=0). Pipelining the multiplier function will improve performance and will save significant power so it is suggested whenever possible to fully pipeline this function.  If this multiplier was inferred, it is suggested to describe an additional register stage after this function.  If there is no registered adder/accumulator following the multiply function, two pipeline stages are suggested to allow both the MREG and PREG registers to be used.  If the DSP48 was instantiated in the design, it is suggested to set both the MREG and PREG attributes to 1 when performing multiply functions.
Related violations: <none>

DPOP-2#104 Warning
MREG Output pipelining  
DSP design_1_i/conv2d_stream_0/inst/mul173_reg_969_reg multiplier stage design_1_i/conv2d_stream_0/inst/mul173_reg_969_reg/P[47:0] is not pipelined (MREG=0). Pipelining the multiplier function will improve performance and will save significant power so it is suggested whenever possible to fully pipeline this function.  If this multiplier was inferred, it is suggested to describe an additional register stage after this function.  If there is no registered adder/accumulator following the multiply function, two pipeline stages are suggested to allow both the MREG and PREG registers to be used.  If the DSP48 was instantiated in the design, it is suggested to set both the MREG and PREG attributes to 1 when performing multiply functions.
Related violations: <none>

DPOP-2#105 Warning
MREG Output pipelining  
DSP design_1_i/conv2d_stream_0/inst/mul_32ns_32ns_64_1_1_U174/dout multiplier stage design_1_i/conv2d_stream_0/inst/mul_32ns_32ns_64_1_1_U174/dout/P[47:0] is not pipelined (MREG=0). Pipelining the multiplier function will improve performance and will save significant power so it is suggested whenever possible to fully pipeline this function.  If this multiplier was inferred, it is suggested to describe an additional register stage after this function.  If there is no registered adder/accumulator following the multiply function, two pipeline stages are suggested to allow both the MREG and PREG registers to be used.  If the DSP48 was instantiated in the design, it is suggested to set both the MREG and PREG attributes to 1 when performing multiply functions.
Related violations: <none>

DPOP-2#106 Warning
MREG Output pipelining  
DSP design_1_i/conv2d_stream_0/inst/mul_32ns_32ns_64_1_1_U174/dout__0 multiplier stage design_1_i/conv2d_stream_0/inst/mul_32ns_32ns_64_1_1_U174/dout__0/P[47:0] is not pipelined (MREG=0). Pipelining the multiplier function will improve performance and will save significant power so it is suggested whenever possible to fully pipeline this function.  If this multiplier was inferred, it is suggested to describe an additional register stage after this function.  If there is no registered adder/accumulator following the multiply function, two pipeline stages are suggested to allow both the MREG and PREG registers to be used.  If the DSP48 was instantiated in the design, it is suggested to set both the MREG and PREG attributes to 1 when performing multiply functions.
Related violations: <none>

DPOP-2#107 Warning
MREG Output pipelining  
DSP design_1_i/conv2d_stream_0/inst/mul_32s_32s_32_1_1_U173/dout multiplier stage design_1_i/conv2d_stream_0/inst/mul_32s_32s_32_1_1_U173/dout/P[47:0] is not pipelined (MREG=0). Pipelining the multiplier function will improve performance and will save significant power so it is suggested whenever possible to fully pipeline this function.  If this multiplier was inferred, it is suggested to describe an additional register stage after this function.  If there is no registered adder/accumulator following the multiply function, two pipeline stages are suggested to allow both the MREG and PREG registers to be used.  If the DSP48 was instantiated in the design, it is suggested to set both the MREG and PREG attributes to 1 when performing multiply functions.
Related violations: <none>

DPOP-2#108 Warning
MREG Output pipelining  
DSP design_1_i/conv2d_stream_0/inst/mul_32s_32s_32_1_1_U173/dout__17 multiplier stage design_1_i/conv2d_stream_0/inst/mul_32s_32s_32_1_1_U173/dout__17/P[47:0] is not pipelined (MREG=0). Pipelining the multiplier function will improve performance and will save significant power so it is suggested whenever possible to fully pipeline this function.  If this multiplier was inferred, it is suggested to describe an additional register stage after this function.  If there is no registered adder/accumulator following the multiply function, two pipeline stages are suggested to allow both the MREG and PREG registers to be used.  If the DSP48 was instantiated in the design, it is suggested to set both the MREG and PREG attributes to 1 when performing multiply functions.
Related violations: <none>

DPOP-2#109 Warning
MREG Output pipelining  
DSP design_1_i/conv2d_stream_0/inst/mul_ln39_reg_974_reg multiplier stage design_1_i/conv2d_stream_0/inst/mul_ln39_reg_974_reg/P[47:0] is not pipelined (MREG=0). Pipelining the multiplier function will improve performance and will save significant power so it is suggested whenever possible to fully pipeline this function.  If this multiplier was inferred, it is suggested to describe an additional register stage after this function.  If there is no registered adder/accumulator following the multiply function, two pipeline stages are suggested to allow both the MREG and PREG registers to be used.  If the DSP48 was instantiated in the design, it is suggested to set both the MREG and PREG attributes to 1 when performing multiply functions.
Related violations: <none>

DPOP-2#110 Warning
MREG Output pipelining  
DSP design_1_i/conv2d_stream_0/inst/mul_ln39_reg_974_reg__0 multiplier stage design_1_i/conv2d_stream_0/inst/mul_ln39_reg_974_reg__0/P[47:0] is not pipelined (MREG=0). Pipelining the multiplier function will improve performance and will save significant power so it is suggested whenever possible to fully pipeline this function.  If this multiplier was inferred, it is suggested to describe an additional register stage after this function.  If there is no registered adder/accumulator following the multiply function, two pipeline stages are suggested to allow both the MREG and PREG registers to be used.  If the DSP48 was instantiated in the design, it is suggested to set both the MREG and PREG attributes to 1 when performing multiply functions.
Related violations: <none>

AVAL-4#1 Advisory
enum_USE_DPORT_FALSE_enum_DREG_ADREG_0_connects_CED_CEAD_RSTD_GND  
design_1_i/conv2d_stream_0/inst/grp_conv2d_stream_Pipeline_VITIS_LOOP_68_3_mainLoop_cols_fu_367/fadd_32ns_32ns_32_5_full_dsp_1_U51/conv2d_stream_fadd_32ns_32ns_32_5_full_dsp_1_ip_u/inst/i_synth/ADDSUB_OP.ADDSUB/DSP.OP/DSP48E1_BODY.NORM_RND/FULL_USAGE_DSP.SHIFT_RND/i_no_versal_es1_workaround.DSP: DSP48E1 is not using the D port (USE_DPORT = FALSE). For improved power characteristics, set DREG and ADREG to '1', tie CED, CEAD, and RSTD to logic '0'.
Related violations: <none>

AVAL-4#2 Advisory
enum_USE_DPORT_FALSE_enum_DREG_ADREG_0_connects_CED_CEAD_RSTD_GND  
design_1_i/conv2d_stream_0/inst/grp_conv2d_stream_Pipeline_VITIS_LOOP_68_3_mainLoop_cols_fu_367/fadd_32ns_32ns_32_5_full_dsp_1_U52/conv2d_stream_fadd_32ns_32ns_32_5_full_dsp_1_ip_u/inst/i_synth/ADDSUB_OP.ADDSUB/DSP.OP/DSP48E1_BODY.NORM_RND/FULL_USAGE_DSP.SHIFT_RND/i_no_versal_es1_workaround.DSP: DSP48E1 is not using the D port (USE_DPORT = FALSE). For improved power characteristics, set DREG and ADREG to '1', tie CED, CEAD, and RSTD to logic '0'.
Related violations: <none>

AVAL-4#3 Advisory
enum_USE_DPORT_FALSE_enum_DREG_ADREG_0_connects_CED_CEAD_RSTD_GND  
design_1_i/conv2d_stream_0/inst/grp_conv2d_stream_Pipeline_VITIS_LOOP_68_3_mainLoop_cols_fu_367/fadd_32ns_32ns_32_5_full_dsp_1_U53/conv2d_stream_fadd_32ns_32ns_32_5_full_dsp_1_ip_u/inst/i_synth/ADDSUB_OP.ADDSUB/DSP.OP/DSP48E1_BODY.NORM_RND/FULL_USAGE_DSP.SHIFT_RND/i_no_versal_es1_workaround.DSP: DSP48E1 is not using the D port (USE_DPORT = FALSE). For improved power characteristics, set DREG and ADREG to '1', tie CED, CEAD, and RSTD to logic '0'.
Related violations: <none>

AVAL-4#4 Advisory
enum_USE_DPORT_FALSE_enum_DREG_ADREG_0_connects_CED_CEAD_RSTD_GND  
design_1_i/conv2d_stream_0/inst/grp_conv2d_stream_Pipeline_VITIS_LOOP_68_3_mainLoop_cols_fu_367/fadd_32ns_32ns_32_5_full_dsp_1_U54/conv2d_stream_fadd_32ns_32ns_32_5_full_dsp_1_ip_u/inst/i_synth/ADDSUB_OP.ADDSUB/DSP.OP/DSP48E1_BODY.NORM_RND/FULL_USAGE_DSP.SHIFT_RND/i_no_versal_es1_workaround.DSP: DSP48E1 is not using the D port (USE_DPORT = FALSE). For improved power characteristics, set DREG and ADREG to '1', tie CED, CEAD, and RSTD to logic '0'.
Related violations: <none>

AVAL-4#5 Advisory
enum_USE_DPORT_FALSE_enum_DREG_ADREG_0_connects_CED_CEAD_RSTD_GND  
design_1_i/conv2d_stream_0/inst/grp_conv2d_stream_Pipeline_VITIS_LOOP_68_3_mainLoop_cols_fu_367/fadd_32ns_32ns_32_5_full_dsp_1_U55/conv2d_stream_fadd_32ns_32ns_32_5_full_dsp_1_ip_u/inst/i_synth/ADDSUB_OP.ADDSUB/DSP.OP/DSP48E1_BODY.NORM_RND/FULL_USAGE_DSP.SHIFT_RND/i_no_versal_es1_workaround.DSP: DSP48E1 is not using the D port (USE_DPORT = FALSE). For improved power characteristics, set DREG and ADREG to '1', tie CED, CEAD, and RSTD to logic '0'.
Related violations: <none>

AVAL-4#6 Advisory
enum_USE_DPORT_FALSE_enum_DREG_ADREG_0_connects_CED_CEAD_RSTD_GND  
design_1_i/conv2d_stream_0/inst/grp_conv2d_stream_Pipeline_VITIS_LOOP_68_3_mainLoop_cols_fu_367/fadd_32ns_32ns_32_5_full_dsp_1_U56/conv2d_stream_fadd_32ns_32ns_32_5_full_dsp_1_ip_u/inst/i_synth/ADDSUB_OP.ADDSUB/DSP.OP/DSP48E1_BODY.NORM_RND/FULL_USAGE_DSP.SHIFT_RND/i_no_versal_es1_workaround.DSP: DSP48E1 is not using the D port (USE_DPORT = FALSE). For improved power characteristics, set DREG and ADREG to '1', tie CED, CEAD, and RSTD to logic '0'.
Related violations: <none>

AVAL-4#7 Advisory
enum_USE_DPORT_FALSE_enum_DREG_ADREG_0_connects_CED_CEAD_RSTD_GND  
design_1_i/conv2d_stream_0/inst/grp_conv2d_stream_Pipeline_VITIS_LOOP_68_3_mainLoop_cols_fu_367/fadd_32ns_32ns_32_5_full_dsp_1_U57/conv2d_stream_fadd_32ns_32ns_32_5_full_dsp_1_ip_u/inst/i_synth/ADDSUB_OP.ADDSUB/DSP.OP/DSP48E1_BODY.NORM_RND/FULL_USAGE_DSP.SHIFT_RND/i_no_versal_es1_workaround.DSP: DSP48E1 is not using the D port (USE_DPORT = FALSE). For improved power characteristics, set DREG and ADREG to '1', tie CED, CEAD, and RSTD to logic '0'.
Related violations: <none>

AVAL-4#8 Advisory
enum_USE_DPORT_FALSE_enum_DREG_ADREG_0_connects_CED_CEAD_RSTD_GND  
design_1_i/conv2d_stream_0/inst/grp_conv2d_stream_Pipeline_VITIS_LOOP_68_3_mainLoop_cols_fu_367/fadd_32ns_32ns_32_5_full_dsp_1_U58/conv2d_stream_fadd_32ns_32ns_32_5_full_dsp_1_ip_u/inst/i_synth/ADDSUB_OP.ADDSUB/DSP.OP/DSP48E1_BODY.NORM_RND/FULL_USAGE_DSP.SHIFT_RND/i_no_versal_es1_workaround.DSP: DSP48E1 is not using the D port (USE_DPORT = FALSE). For improved power characteristics, set DREG and ADREG to '1', tie CED, CEAD, and RSTD to logic '0'.
Related violations: <none>

AVAL-4#9 Advisory
enum_USE_DPORT_FALSE_enum_DREG_ADREG_0_connects_CED_CEAD_RSTD_GND  
design_1_i/conv2d_stream_0/inst/grp_conv2d_stream_Pipeline_VITIS_LOOP_68_3_mainLoop_cols_fu_367/fadd_32ns_32ns_32_5_full_dsp_1_U59/conv2d_stream_fadd_32ns_32ns_32_5_full_dsp_1_ip_u/inst/i_synth/ADDSUB_OP.ADDSUB/DSP.OP/DSP48E1_BODY.NORM_RND/FULL_USAGE_DSP.SHIFT_RND/i_no_versal_es1_workaround.DSP: DSP48E1 is not using the D port (USE_DPORT = FALSE). For improved power characteristics, set DREG and ADREG to '1', tie CED, CEAD, and RSTD to logic '0'.
Related violations: <none>

AVAL-4#10 Advisory
enum_USE_DPORT_FALSE_enum_DREG_ADREG_0_connects_CED_CEAD_RSTD_GND  
design_1_i/conv2d_stream_0/inst/grp_conv2d_stream_Pipeline_VITIS_LOOP_68_3_mainLoop_cols_fu_367/fadd_32ns_32ns_32_5_full_dsp_1_U60/conv2d_stream_fadd_32ns_32ns_32_5_full_dsp_1_ip_u/inst/i_synth/ADDSUB_OP.ADDSUB/DSP.OP/DSP48E1_BODY.NORM_RND/FULL_USAGE_DSP.SHIFT_RND/i_no_versal_es1_workaround.DSP: DSP48E1 is not using the D port (USE_DPORT = FALSE). For improved power characteristics, set DREG and ADREG to '1', tie CED, CEAD, and RSTD to logic '0'.
Related violations: <none>

AVAL-4#11 Advisory
enum_USE_DPORT_FALSE_enum_DREG_ADREG_0_connects_CED_CEAD_RSTD_GND  
design_1_i/conv2d_stream_0/inst/grp_conv2d_stream_Pipeline_VITIS_LOOP_68_3_mainLoop_cols_fu_367/fadd_32ns_32ns_32_5_full_dsp_1_U61/conv2d_stream_fadd_32ns_32ns_32_5_full_dsp_1_ip_u/inst/i_synth/ADDSUB_OP.ADDSUB/DSP.OP/DSP48E1_BODY.NORM_RND/FULL_USAGE_DSP.SHIFT_RND/i_no_versal_es1_workaround.DSP: DSP48E1 is not using the D port (USE_DPORT = FALSE). For improved power characteristics, set DREG and ADREG to '1', tie CED, CEAD, and RSTD to logic '0'.
Related violations: <none>

AVAL-4#12 Advisory
enum_USE_DPORT_FALSE_enum_DREG_ADREG_0_connects_CED_CEAD_RSTD_GND  
design_1_i/conv2d_stream_0/inst/grp_conv2d_stream_Pipeline_VITIS_LOOP_68_3_mainLoop_cols_fu_367/fadd_32ns_32ns_32_5_full_dsp_1_U62/conv2d_stream_fadd_32ns_32ns_32_5_full_dsp_1_ip_u/inst/i_synth/ADDSUB_OP.ADDSUB/DSP.OP/DSP48E1_BODY.NORM_RND/FULL_USAGE_DSP.SHIFT_RND/i_no_versal_es1_workaround.DSP: DSP48E1 is not using the D port (USE_DPORT = FALSE). For improved power characteristics, set DREG and ADREG to '1', tie CED, CEAD, and RSTD to logic '0'.
Related violations: <none>

AVAL-4#13 Advisory
enum_USE_DPORT_FALSE_enum_DREG_ADREG_0_connects_CED_CEAD_RSTD_GND  
design_1_i/conv2d_stream_0/inst/grp_conv2d_stream_Pipeline_VITIS_LOOP_68_3_mainLoop_cols_fu_367/fadd_32ns_32ns_32_5_full_dsp_1_U63/conv2d_stream_fadd_32ns_32ns_32_5_full_dsp_1_ip_u/inst/i_synth/ADDSUB_OP.ADDSUB/DSP.OP/DSP48E1_BODY.NORM_RND/FULL_USAGE_DSP.SHIFT_RND/i_no_versal_es1_workaround.DSP: DSP48E1 is not using the D port (USE_DPORT = FALSE). For improved power characteristics, set DREG and ADREG to '1', tie CED, CEAD, and RSTD to logic '0'.
Related violations: <none>

AVAL-4#14 Advisory
enum_USE_DPORT_FALSE_enum_DREG_ADREG_0_connects_CED_CEAD_RSTD_GND  
design_1_i/conv2d_stream_0/inst/grp_conv2d_stream_Pipeline_VITIS_LOOP_68_3_mainLoop_cols_fu_367/fadd_32ns_32ns_32_5_full_dsp_1_U64/conv2d_stream_fadd_32ns_32ns_32_5_full_dsp_1_ip_u/inst/i_synth/ADDSUB_OP.ADDSUB/DSP.OP/DSP48E1_BODY.NORM_RND/FULL_USAGE_DSP.SHIFT_RND/i_no_versal_es1_workaround.DSP: DSP48E1 is not using the D port (USE_DPORT = FALSE). For improved power characteristics, set DREG and ADREG to '1', tie CED, CEAD, and RSTD to logic '0'.
Related violations: <none>

AVAL-4#15 Advisory
enum_USE_DPORT_FALSE_enum_DREG_ADREG_0_connects_CED_CEAD_RSTD_GND  
design_1_i/conv2d_stream_0/inst/grp_conv2d_stream_Pipeline_VITIS_LOOP_68_3_mainLoop_cols_fu_367/fadd_32ns_32ns_32_5_full_dsp_1_U65/conv2d_stream_fadd_32ns_32ns_32_5_full_dsp_1_ip_u/inst/i_synth/ADDSUB_OP.ADDSUB/DSP.OP/DSP48E1_BODY.NORM_RND/FULL_USAGE_DSP.SHIFT_RND/i_no_versal_es1_workaround.DSP: DSP48E1 is not using the D port (USE_DPORT = FALSE). For improved power characteristics, set DREG and ADREG to '1', tie CED, CEAD, and RSTD to logic '0'.
Related violations: <none>

AVAL-4#16 Advisory
enum_USE_DPORT_FALSE_enum_DREG_ADREG_0_connects_CED_CEAD_RSTD_GND  
design_1_i/conv2d_stream_0/inst/grp_conv2d_stream_Pipeline_VITIS_LOOP_68_3_mainLoop_cols_fu_367/fadd_32ns_32ns_32_5_full_dsp_1_U66/conv2d_stream_fadd_32ns_32ns_32_5_full_dsp_1_ip_u/inst/i_synth/ADDSUB_OP.ADDSUB/DSP.OP/DSP48E1_BODY.NORM_RND/FULL_USAGE_DSP.SHIFT_RND/i_no_versal_es1_workaround.DSP: DSP48E1 is not using the D port (USE_DPORT = FALSE). For improved power characteristics, set DREG and ADREG to '1', tie CED, CEAD, and RSTD to logic '0'.
Related violations: <none>

AVAL-4#17 Advisory
enum_USE_DPORT_FALSE_enum_DREG_ADREG_0_connects_CED_CEAD_RSTD_GND  
design_1_i/conv2d_stream_0/inst/grp_conv2d_stream_Pipeline_VITIS_LOOP_68_3_mainLoop_cols_fu_367/fadd_32ns_32ns_32_5_full_dsp_1_U67/conv2d_stream_fadd_32ns_32ns_32_5_full_dsp_1_ip_u/inst/i_synth/ADDSUB_OP.ADDSUB/DSP.OP/DSP48E1_BODY.NORM_RND/FULL_USAGE_DSP.SHIFT_RND/i_no_versal_es1_workaround.DSP: DSP48E1 is not using the D port (USE_DPORT = FALSE). For improved power characteristics, set DREG and ADREG to '1', tie CED, CEAD, and RSTD to logic '0'.
Related violations: <none>

AVAL-4#18 Advisory
enum_USE_DPORT_FALSE_enum_DREG_ADREG_0_connects_CED_CEAD_RSTD_GND  
design_1_i/conv2d_stream_0/inst/grp_conv2d_stream_Pipeline_VITIS_LOOP_68_3_mainLoop_cols_fu_367/fadd_32ns_32ns_32_5_full_dsp_1_U68/conv2d_stream_fadd_32ns_32ns_32_5_full_dsp_1_ip_u/inst/i_synth/ADDSUB_OP.ADDSUB/DSP.OP/DSP48E1_BODY.NORM_RND/FULL_USAGE_DSP.SHIFT_RND/i_no_versal_es1_workaround.DSP: DSP48E1 is not using the D port (USE_DPORT = FALSE). For improved power characteristics, set DREG and ADREG to '1', tie CED, CEAD, and RSTD to logic '0'.
Related violations: <none>

AVAL-4#19 Advisory
enum_USE_DPORT_FALSE_enum_DREG_ADREG_0_connects_CED_CEAD_RSTD_GND  
design_1_i/conv2d_stream_0/inst/grp_conv2d_stream_Pipeline_VITIS_LOOP_68_3_mainLoop_cols_fu_367/fadd_32ns_32ns_32_5_full_dsp_1_U69/conv2d_stream_fadd_32ns_32ns_32_5_full_dsp_1_ip_u/inst/i_synth/ADDSUB_OP.ADDSUB/DSP.OP/DSP48E1_BODY.NORM_RND/FULL_USAGE_DSP.SHIFT_RND/i_no_versal_es1_workaround.DSP: DSP48E1 is not using the D port (USE_DPORT = FALSE). For improved power characteristics, set DREG and ADREG to '1', tie CED, CEAD, and RSTD to logic '0'.
Related violations: <none>

AVAL-4#20 Advisory
enum_USE_DPORT_FALSE_enum_DREG_ADREG_0_connects_CED_CEAD_RSTD_GND  
design_1_i/conv2d_stream_0/inst/grp_conv2d_stream_Pipeline_VITIS_LOOP_68_3_mainLoop_cols_fu_367/fadd_32ns_32ns_32_5_full_dsp_1_U70/conv2d_stream_fadd_32ns_32ns_32_5_full_dsp_1_ip_u/inst/i_synth/ADDSUB_OP.ADDSUB/DSP.OP/DSP48E1_BODY.NORM_RND/FULL_USAGE_DSP.SHIFT_RND/i_no_versal_es1_workaround.DSP: DSP48E1 is not using the D port (USE_DPORT = FALSE). For improved power characteristics, set DREG and ADREG to '1', tie CED, CEAD, and RSTD to logic '0'.
Related violations: <none>

AVAL-4#21 Advisory
enum_USE_DPORT_FALSE_enum_DREG_ADREG_0_connects_CED_CEAD_RSTD_GND  
design_1_i/conv2d_stream_0/inst/grp_conv2d_stream_Pipeline_VITIS_LOOP_68_3_mainLoop_cols_fu_367/fadd_32ns_32ns_32_5_full_dsp_1_U71/conv2d_stream_fadd_32ns_32ns_32_5_full_dsp_1_ip_u/inst/i_synth/ADDSUB_OP.ADDSUB/DSP.OP/DSP48E1_BODY.NORM_RND/FULL_USAGE_DSP.SHIFT_RND/i_no_versal_es1_workaround.DSP: DSP48E1 is not using the D port (USE_DPORT = FALSE). For improved power characteristics, set DREG and ADREG to '1', tie CED, CEAD, and RSTD to logic '0'.
Related violations: <none>

AVAL-4#22 Advisory
enum_USE_DPORT_FALSE_enum_DREG_ADREG_0_connects_CED_CEAD_RSTD_GND  
design_1_i/conv2d_stream_0/inst/grp_conv2d_stream_Pipeline_VITIS_LOOP_68_3_mainLoop_cols_fu_367/fadd_32ns_32ns_32_5_full_dsp_1_U72/conv2d_stream_fadd_32ns_32ns_32_5_full_dsp_1_ip_u/inst/i_synth/ADDSUB_OP.ADDSUB/DSP.OP/DSP48E1_BODY.NORM_RND/FULL_USAGE_DSP.SHIFT_RND/i_no_versal_es1_workaround.DSP: DSP48E1 is not using the D port (USE_DPORT = FALSE). For improved power characteristics, set DREG and ADREG to '1', tie CED, CEAD, and RSTD to logic '0'.
Related violations: <none>

AVAL-4#23 Advisory
enum_USE_DPORT_FALSE_enum_DREG_ADREG_0_connects_CED_CEAD_RSTD_GND  
design_1_i/conv2d_stream_0/inst/grp_conv2d_stream_Pipeline_VITIS_LOOP_68_3_mainLoop_cols_fu_367/fadd_32ns_32ns_32_5_full_dsp_1_U73/conv2d_stream_fadd_32ns_32ns_32_5_full_dsp_1_ip_u/inst/i_synth/ADDSUB_OP.ADDSUB/DSP.OP/DSP48E1_BODY.NORM_RND/FULL_USAGE_DSP.SHIFT_RND/i_no_versal_es1_workaround.DSP: DSP48E1 is not using the D port (USE_DPORT = FALSE). For improved power characteristics, set DREG and ADREG to '1', tie CED, CEAD, and RSTD to logic '0'.
Related violations: <none>

AVAL-4#24 Advisory
enum_USE_DPORT_FALSE_enum_DREG_ADREG_0_connects_CED_CEAD_RSTD_GND  
design_1_i/conv2d_stream_0/inst/grp_conv2d_stream_Pipeline_VITIS_LOOP_68_3_mainLoop_cols_fu_367/fadd_32ns_32ns_32_5_full_dsp_1_U74/conv2d_stream_fadd_32ns_32ns_32_5_full_dsp_1_ip_u/inst/i_synth/ADDSUB_OP.ADDSUB/DSP.OP/DSP48E1_BODY.NORM_RND/FULL_USAGE_DSP.SHIFT_RND/i_no_versal_es1_workaround.DSP: DSP48E1 is not using the D port (USE_DPORT = FALSE). For improved power characteristics, set DREG and ADREG to '1', tie CED, CEAD, and RSTD to logic '0'.
Related violations: <none>

AVAL-4#25 Advisory
enum_USE_DPORT_FALSE_enum_DREG_ADREG_0_connects_CED_CEAD_RSTD_GND  
design_1_i/conv2d_stream_0/inst/grp_conv2d_stream_Pipeline_VITIS_LOOP_68_3_mainLoop_cols_fu_367/fadd_32ns_32ns_32_5_full_dsp_1_U75/conv2d_stream_fadd_32ns_32ns_32_5_full_dsp_1_ip_u/inst/i_synth/ADDSUB_OP.ADDSUB/DSP.OP/DSP48E1_BODY.NORM_RND/FULL_USAGE_DSP.SHIFT_RND/i_no_versal_es1_workaround.DSP: DSP48E1 is not using the D port (USE_DPORT = FALSE). For improved power characteristics, set DREG and ADREG to '1', tie CED, CEAD, and RSTD to logic '0'.
Related violations: <none>

AVAL-4#26 Advisory
enum_USE_DPORT_FALSE_enum_DREG_ADREG_0_connects_CED_CEAD_RSTD_GND  
design_1_i/conv2d_stream_0/inst/grp_conv2d_stream_Pipeline_VITIS_LOOP_68_3_mainLoop_cols_fu_367/fmul_32ns_32ns_32_3_max_dsp_1_U100/conv2d_stream_fmul_32ns_32ns_32_3_max_dsp_1_ip_u/inst/i_synth/MULT.OP/i_non_prim.MULT/DSP48E1_SPD_SGL_VARIANT.FIX_MULT/DSP1/i_no_versal_es1_workaround.DSP: DSP48E1 is not using the D port (USE_DPORT = FALSE). For improved power characteristics, set DREG and ADREG to '1', tie CED, CEAD, and RSTD to logic '0'.
Related violations: <none>

AVAL-4#27 Advisory
enum_USE_DPORT_FALSE_enum_DREG_ADREG_0_connects_CED_CEAD_RSTD_GND  
design_1_i/conv2d_stream_0/inst/grp_conv2d_stream_Pipeline_VITIS_LOOP_68_3_mainLoop_cols_fu_367/fmul_32ns_32ns_32_3_max_dsp_1_U100/conv2d_stream_fmul_32ns_32ns_32_3_max_dsp_1_ip_u/inst/i_synth/MULT.OP/i_non_prim.MULT/DSP48E1_SPD_SGL_VARIANT.FIX_MULT/DSP2/i_no_versal_es1_workaround.DSP: DSP48E1 is not using the D port (USE_DPORT = FALSE). For improved power characteristics, set DREG and ADREG to '1', tie CED, CEAD, and RSTD to logic '0'.
Related violations: <none>

AVAL-4#28 Advisory
enum_USE_DPORT_FALSE_enum_DREG_ADREG_0_connects_CED_CEAD_RSTD_GND  
design_1_i/conv2d_stream_0/inst/grp_conv2d_stream_Pipeline_VITIS_LOOP_68_3_mainLoop_cols_fu_367/fmul_32ns_32ns_32_3_max_dsp_1_U100/conv2d_stream_fmul_32ns_32ns_32_3_max_dsp_1_ip_u/inst/i_synth/MULT.OP/i_non_prim.R_AND_R/LAT_OPT.FULL.R_AND_R/DSP48E1_SGL_EXP_IP.OLD_ADD.ADD/i_no_versal_es1_workaround.DSP: DSP48E1 is not using the D port (USE_DPORT = FALSE). For improved power characteristics, set DREG and ADREG to '1', tie CED, CEAD, and RSTD to logic '0'.
Related violations: <none>

AVAL-4#29 Advisory
enum_USE_DPORT_FALSE_enum_DREG_ADREG_0_connects_CED_CEAD_RSTD_GND  
design_1_i/conv2d_stream_0/inst/grp_conv2d_stream_Pipeline_VITIS_LOOP_68_3_mainLoop_cols_fu_367/fmul_32ns_32ns_32_3_max_dsp_1_U76/conv2d_stream_fmul_32ns_32ns_32_3_max_dsp_1_ip_u/inst/i_synth/MULT.OP/i_non_prim.MULT/DSP48E1_SPD_SGL_VARIANT.FIX_MULT/DSP1/i_no_versal_es1_workaround.DSP: DSP48E1 is not using the D port (USE_DPORT = FALSE). For improved power characteristics, set DREG and ADREG to '1', tie CED, CEAD, and RSTD to logic '0'.
Related violations: <none>

AVAL-4#30 Advisory
enum_USE_DPORT_FALSE_enum_DREG_ADREG_0_connects_CED_CEAD_RSTD_GND  
design_1_i/conv2d_stream_0/inst/grp_conv2d_stream_Pipeline_VITIS_LOOP_68_3_mainLoop_cols_fu_367/fmul_32ns_32ns_32_3_max_dsp_1_U76/conv2d_stream_fmul_32ns_32ns_32_3_max_dsp_1_ip_u/inst/i_synth/MULT.OP/i_non_prim.MULT/DSP48E1_SPD_SGL_VARIANT.FIX_MULT/DSP2/i_no_versal_es1_workaround.DSP: DSP48E1 is not using the D port (USE_DPORT = FALSE). For improved power characteristics, set DREG and ADREG to '1', tie CED, CEAD, and RSTD to logic '0'.
Related violations: <none>

AVAL-4#31 Advisory
enum_USE_DPORT_FALSE_enum_DREG_ADREG_0_connects_CED_CEAD_RSTD_GND  
design_1_i/conv2d_stream_0/inst/grp_conv2d_stream_Pipeline_VITIS_LOOP_68_3_mainLoop_cols_fu_367/fmul_32ns_32ns_32_3_max_dsp_1_U76/conv2d_stream_fmul_32ns_32ns_32_3_max_dsp_1_ip_u/inst/i_synth/MULT.OP/i_non_prim.R_AND_R/LAT_OPT.FULL.R_AND_R/DSP48E1_SGL_EXP_IP.OLD_ADD.ADD/i_no_versal_es1_workaround.DSP: DSP48E1 is not using the D port (USE_DPORT = FALSE). For improved power characteristics, set DREG and ADREG to '1', tie CED, CEAD, and RSTD to logic '0'.
Related violations: <none>

AVAL-4#32 Advisory
enum_USE_DPORT_FALSE_enum_DREG_ADREG_0_connects_CED_CEAD_RSTD_GND  
design_1_i/conv2d_stream_0/inst/grp_conv2d_stream_Pipeline_VITIS_LOOP_68_3_mainLoop_cols_fu_367/fmul_32ns_32ns_32_3_max_dsp_1_U77/conv2d_stream_fmul_32ns_32ns_32_3_max_dsp_1_ip_u/inst/i_synth/MULT.OP/i_non_prim.MULT/DSP48E1_SPD_SGL_VARIANT.FIX_MULT/DSP1/i_no_versal_es1_workaround.DSP: DSP48E1 is not using the D port (USE_DPORT = FALSE). For improved power characteristics, set DREG and ADREG to '1', tie CED, CEAD, and RSTD to logic '0'.
Related violations: <none>

AVAL-4#33 Advisory
enum_USE_DPORT_FALSE_enum_DREG_ADREG_0_connects_CED_CEAD_RSTD_GND  
design_1_i/conv2d_stream_0/inst/grp_conv2d_stream_Pipeline_VITIS_LOOP_68_3_mainLoop_cols_fu_367/fmul_32ns_32ns_32_3_max_dsp_1_U77/conv2d_stream_fmul_32ns_32ns_32_3_max_dsp_1_ip_u/inst/i_synth/MULT.OP/i_non_prim.MULT/DSP48E1_SPD_SGL_VARIANT.FIX_MULT/DSP2/i_no_versal_es1_workaround.DSP: DSP48E1 is not using the D port (USE_DPORT = FALSE). For improved power characteristics, set DREG and ADREG to '1', tie CED, CEAD, and RSTD to logic '0'.
Related violations: <none>

AVAL-4#34 Advisory
enum_USE_DPORT_FALSE_enum_DREG_ADREG_0_connects_CED_CEAD_RSTD_GND  
design_1_i/conv2d_stream_0/inst/grp_conv2d_stream_Pipeline_VITIS_LOOP_68_3_mainLoop_cols_fu_367/fmul_32ns_32ns_32_3_max_dsp_1_U77/conv2d_stream_fmul_32ns_32ns_32_3_max_dsp_1_ip_u/inst/i_synth/MULT.OP/i_non_prim.R_AND_R/LAT_OPT.FULL.R_AND_R/DSP48E1_SGL_EXP_IP.OLD_ADD.ADD/i_no_versal_es1_workaround.DSP: DSP48E1 is not using the D port (USE_DPORT = FALSE). For improved power characteristics, set DREG and ADREG to '1', tie CED, CEAD, and RSTD to logic '0'.
Related violations: <none>

AVAL-4#35 Advisory
enum_USE_DPORT_FALSE_enum_DREG_ADREG_0_connects_CED_CEAD_RSTD_GND  
design_1_i/conv2d_stream_0/inst/grp_conv2d_stream_Pipeline_VITIS_LOOP_68_3_mainLoop_cols_fu_367/fmul_32ns_32ns_32_3_max_dsp_1_U78/conv2d_stream_fmul_32ns_32ns_32_3_max_dsp_1_ip_u/inst/i_synth/MULT.OP/i_non_prim.MULT/DSP48E1_SPD_SGL_VARIANT.FIX_MULT/DSP1/i_no_versal_es1_workaround.DSP: DSP48E1 is not using the D port (USE_DPORT = FALSE). For improved power characteristics, set DREG and ADREG to '1', tie CED, CEAD, and RSTD to logic '0'.
Related violations: <none>

AVAL-4#36 Advisory
enum_USE_DPORT_FALSE_enum_DREG_ADREG_0_connects_CED_CEAD_RSTD_GND  
design_1_i/conv2d_stream_0/inst/grp_conv2d_stream_Pipeline_VITIS_LOOP_68_3_mainLoop_cols_fu_367/fmul_32ns_32ns_32_3_max_dsp_1_U78/conv2d_stream_fmul_32ns_32ns_32_3_max_dsp_1_ip_u/inst/i_synth/MULT.OP/i_non_prim.MULT/DSP48E1_SPD_SGL_VARIANT.FIX_MULT/DSP2/i_no_versal_es1_workaround.DSP: DSP48E1 is not using the D port (USE_DPORT = FALSE). For improved power characteristics, set DREG and ADREG to '1', tie CED, CEAD, and RSTD to logic '0'.
Related violations: <none>

AVAL-4#37 Advisory
enum_USE_DPORT_FALSE_enum_DREG_ADREG_0_connects_CED_CEAD_RSTD_GND  
design_1_i/conv2d_stream_0/inst/grp_conv2d_stream_Pipeline_VITIS_LOOP_68_3_mainLoop_cols_fu_367/fmul_32ns_32ns_32_3_max_dsp_1_U78/conv2d_stream_fmul_32ns_32ns_32_3_max_dsp_1_ip_u/inst/i_synth/MULT.OP/i_non_prim.R_AND_R/LAT_OPT.FULL.R_AND_R/DSP48E1_SGL_EXP_IP.OLD_ADD.ADD/i_no_versal_es1_workaround.DSP: DSP48E1 is not using the D port (USE_DPORT = FALSE). For improved power characteristics, set DREG and ADREG to '1', tie CED, CEAD, and RSTD to logic '0'.
Related violations: <none>

AVAL-4#38 Advisory
enum_USE_DPORT_FALSE_enum_DREG_ADREG_0_connects_CED_CEAD_RSTD_GND  
design_1_i/conv2d_stream_0/inst/grp_conv2d_stream_Pipeline_VITIS_LOOP_68_3_mainLoop_cols_fu_367/fmul_32ns_32ns_32_3_max_dsp_1_U79/conv2d_stream_fmul_32ns_32ns_32_3_max_dsp_1_ip_u/inst/i_synth/MULT.OP/i_non_prim.MULT/DSP48E1_SPD_SGL_VARIANT.FIX_MULT/DSP1/i_no_versal_es1_workaround.DSP: DSP48E1 is not using the D port (USE_DPORT = FALSE). For improved power characteristics, set DREG and ADREG to '1', tie CED, CEAD, and RSTD to logic '0'.
Related violations: <none>

AVAL-4#39 Advisory
enum_USE_DPORT_FALSE_enum_DREG_ADREG_0_connects_CED_CEAD_RSTD_GND  
design_1_i/conv2d_stream_0/inst/grp_conv2d_stream_Pipeline_VITIS_LOOP_68_3_mainLoop_cols_fu_367/fmul_32ns_32ns_32_3_max_dsp_1_U79/conv2d_stream_fmul_32ns_32ns_32_3_max_dsp_1_ip_u/inst/i_synth/MULT.OP/i_non_prim.MULT/DSP48E1_SPD_SGL_VARIANT.FIX_MULT/DSP2/i_no_versal_es1_workaround.DSP: DSP48E1 is not using the D port (USE_DPORT = FALSE). For improved power characteristics, set DREG and ADREG to '1', tie CED, CEAD, and RSTD to logic '0'.
Related violations: <none>

AVAL-4#40 Advisory
enum_USE_DPORT_FALSE_enum_DREG_ADREG_0_connects_CED_CEAD_RSTD_GND  
design_1_i/conv2d_stream_0/inst/grp_conv2d_stream_Pipeline_VITIS_LOOP_68_3_mainLoop_cols_fu_367/fmul_32ns_32ns_32_3_max_dsp_1_U79/conv2d_stream_fmul_32ns_32ns_32_3_max_dsp_1_ip_u/inst/i_synth/MULT.OP/i_non_prim.R_AND_R/LAT_OPT.FULL.R_AND_R/DSP48E1_SGL_EXP_IP.OLD_ADD.ADD/i_no_versal_es1_workaround.DSP: DSP48E1 is not using the D port (USE_DPORT = FALSE). For improved power characteristics, set DREG and ADREG to '1', tie CED, CEAD, and RSTD to logic '0'.
Related violations: <none>

AVAL-4#41 Advisory
enum_USE_DPORT_FALSE_enum_DREG_ADREG_0_connects_CED_CEAD_RSTD_GND  
design_1_i/conv2d_stream_0/inst/grp_conv2d_stream_Pipeline_VITIS_LOOP_68_3_mainLoop_cols_fu_367/fmul_32ns_32ns_32_3_max_dsp_1_U80/conv2d_stream_fmul_32ns_32ns_32_3_max_dsp_1_ip_u/inst/i_synth/MULT.OP/i_non_prim.MULT/DSP48E1_SPD_SGL_VARIANT.FIX_MULT/DSP1/i_no_versal_es1_workaround.DSP: DSP48E1 is not using the D port (USE_DPORT = FALSE). For improved power characteristics, set DREG and ADREG to '1', tie CED, CEAD, and RSTD to logic '0'.
Related violations: <none>

AVAL-4#42 Advisory
enum_USE_DPORT_FALSE_enum_DREG_ADREG_0_connects_CED_CEAD_RSTD_GND  
design_1_i/conv2d_stream_0/inst/grp_conv2d_stream_Pipeline_VITIS_LOOP_68_3_mainLoop_cols_fu_367/fmul_32ns_32ns_32_3_max_dsp_1_U80/conv2d_stream_fmul_32ns_32ns_32_3_max_dsp_1_ip_u/inst/i_synth/MULT.OP/i_non_prim.MULT/DSP48E1_SPD_SGL_VARIANT.FIX_MULT/DSP2/i_no_versal_es1_workaround.DSP: DSP48E1 is not using the D port (USE_DPORT = FALSE). For improved power characteristics, set DREG and ADREG to '1', tie CED, CEAD, and RSTD to logic '0'.
Related violations: <none>

AVAL-4#43 Advisory
enum_USE_DPORT_FALSE_enum_DREG_ADREG_0_connects_CED_CEAD_RSTD_GND  
design_1_i/conv2d_stream_0/inst/grp_conv2d_stream_Pipeline_VITIS_LOOP_68_3_mainLoop_cols_fu_367/fmul_32ns_32ns_32_3_max_dsp_1_U80/conv2d_stream_fmul_32ns_32ns_32_3_max_dsp_1_ip_u/inst/i_synth/MULT.OP/i_non_prim.R_AND_R/LAT_OPT.FULL.R_AND_R/DSP48E1_SGL_EXP_IP.OLD_ADD.ADD/i_no_versal_es1_workaround.DSP: DSP48E1 is not using the D port (USE_DPORT = FALSE). For improved power characteristics, set DREG and ADREG to '1', tie CED, CEAD, and RSTD to logic '0'.
Related violations: <none>

AVAL-4#44 Advisory
enum_USE_DPORT_FALSE_enum_DREG_ADREG_0_connects_CED_CEAD_RSTD_GND  
design_1_i/conv2d_stream_0/inst/grp_conv2d_stream_Pipeline_VITIS_LOOP_68_3_mainLoop_cols_fu_367/fmul_32ns_32ns_32_3_max_dsp_1_U81/conv2d_stream_fmul_32ns_32ns_32_3_max_dsp_1_ip_u/inst/i_synth/MULT.OP/i_non_prim.MULT/DSP48E1_SPD_SGL_VARIANT.FIX_MULT/DSP1/i_no_versal_es1_workaround.DSP: DSP48E1 is not using the D port (USE_DPORT = FALSE). For improved power characteristics, set DREG and ADREG to '1', tie CED, CEAD, and RSTD to logic '0'.
Related violations: <none>

AVAL-4#45 Advisory
enum_USE_DPORT_FALSE_enum_DREG_ADREG_0_connects_CED_CEAD_RSTD_GND  
design_1_i/conv2d_stream_0/inst/grp_conv2d_stream_Pipeline_VITIS_LOOP_68_3_mainLoop_cols_fu_367/fmul_32ns_32ns_32_3_max_dsp_1_U81/conv2d_stream_fmul_32ns_32ns_32_3_max_dsp_1_ip_u/inst/i_synth/MULT.OP/i_non_prim.MULT/DSP48E1_SPD_SGL_VARIANT.FIX_MULT/DSP2/i_no_versal_es1_workaround.DSP: DSP48E1 is not using the D port (USE_DPORT = FALSE). For improved power characteristics, set DREG and ADREG to '1', tie CED, CEAD, and RSTD to logic '0'.
Related violations: <none>

AVAL-4#46 Advisory
enum_USE_DPORT_FALSE_enum_DREG_ADREG_0_connects_CED_CEAD_RSTD_GND  
design_1_i/conv2d_stream_0/inst/grp_conv2d_stream_Pipeline_VITIS_LOOP_68_3_mainLoop_cols_fu_367/fmul_32ns_32ns_32_3_max_dsp_1_U81/conv2d_stream_fmul_32ns_32ns_32_3_max_dsp_1_ip_u/inst/i_synth/MULT.OP/i_non_prim.R_AND_R/LAT_OPT.FULL.R_AND_R/DSP48E1_SGL_EXP_IP.OLD_ADD.ADD/i_no_versal_es1_workaround.DSP: DSP48E1 is not using the D port (USE_DPORT = FALSE). For improved power characteristics, set DREG and ADREG to '1', tie CED, CEAD, and RSTD to logic '0'.
Related violations: <none>

AVAL-4#47 Advisory
enum_USE_DPORT_FALSE_enum_DREG_ADREG_0_connects_CED_CEAD_RSTD_GND  
design_1_i/conv2d_stream_0/inst/grp_conv2d_stream_Pipeline_VITIS_LOOP_68_3_mainLoop_cols_fu_367/fmul_32ns_32ns_32_3_max_dsp_1_U82/conv2d_stream_fmul_32ns_32ns_32_3_max_dsp_1_ip_u/inst/i_synth/MULT.OP/i_non_prim.MULT/DSP48E1_SPD_SGL_VARIANT.FIX_MULT/DSP1/i_no_versal_es1_workaround.DSP: DSP48E1 is not using the D port (USE_DPORT = FALSE). For improved power characteristics, set DREG and ADREG to '1', tie CED, CEAD, and RSTD to logic '0'.
Related violations: <none>

AVAL-4#48 Advisory
enum_USE_DPORT_FALSE_enum_DREG_ADREG_0_connects_CED_CEAD_RSTD_GND  
design_1_i/conv2d_stream_0/inst/grp_conv2d_stream_Pipeline_VITIS_LOOP_68_3_mainLoop_cols_fu_367/fmul_32ns_32ns_32_3_max_dsp_1_U82/conv2d_stream_fmul_32ns_32ns_32_3_max_dsp_1_ip_u/inst/i_synth/MULT.OP/i_non_prim.MULT/DSP48E1_SPD_SGL_VARIANT.FIX_MULT/DSP2/i_no_versal_es1_workaround.DSP: DSP48E1 is not using the D port (USE_DPORT = FALSE). For improved power characteristics, set DREG and ADREG to '1', tie CED, CEAD, and RSTD to logic '0'.
Related violations: <none>

AVAL-4#49 Advisory
enum_USE_DPORT_FALSE_enum_DREG_ADREG_0_connects_CED_CEAD_RSTD_GND  
design_1_i/conv2d_stream_0/inst/grp_conv2d_stream_Pipeline_VITIS_LOOP_68_3_mainLoop_cols_fu_367/fmul_32ns_32ns_32_3_max_dsp_1_U82/conv2d_stream_fmul_32ns_32ns_32_3_max_dsp_1_ip_u/inst/i_synth/MULT.OP/i_non_prim.R_AND_R/LAT_OPT.FULL.R_AND_R/DSP48E1_SGL_EXP_IP.OLD_ADD.ADD/i_no_versal_es1_workaround.DSP: DSP48E1 is not using the D port (USE_DPORT = FALSE). For improved power characteristics, set DREG and ADREG to '1', tie CED, CEAD, and RSTD to logic '0'.
Related violations: <none>

AVAL-4#50 Advisory
enum_USE_DPORT_FALSE_enum_DREG_ADREG_0_connects_CED_CEAD_RSTD_GND  
design_1_i/conv2d_stream_0/inst/grp_conv2d_stream_Pipeline_VITIS_LOOP_68_3_mainLoop_cols_fu_367/fmul_32ns_32ns_32_3_max_dsp_1_U83/conv2d_stream_fmul_32ns_32ns_32_3_max_dsp_1_ip_u/inst/i_synth/MULT.OP/i_non_prim.MULT/DSP48E1_SPD_SGL_VARIANT.FIX_MULT/DSP1/i_no_versal_es1_workaround.DSP: DSP48E1 is not using the D port (USE_DPORT = FALSE). For improved power characteristics, set DREG and ADREG to '1', tie CED, CEAD, and RSTD to logic '0'.
Related violations: <none>

AVAL-4#51 Advisory
enum_USE_DPORT_FALSE_enum_DREG_ADREG_0_connects_CED_CEAD_RSTD_GND  
design_1_i/conv2d_stream_0/inst/grp_conv2d_stream_Pipeline_VITIS_LOOP_68_3_mainLoop_cols_fu_367/fmul_32ns_32ns_32_3_max_dsp_1_U83/conv2d_stream_fmul_32ns_32ns_32_3_max_dsp_1_ip_u/inst/i_synth/MULT.OP/i_non_prim.MULT/DSP48E1_SPD_SGL_VARIANT.FIX_MULT/DSP2/i_no_versal_es1_workaround.DSP: DSP48E1 is not using the D port (USE_DPORT = FALSE). For improved power characteristics, set DREG and ADREG to '1', tie CED, CEAD, and RSTD to logic '0'.
Related violations: <none>

AVAL-4#52 Advisory
enum_USE_DPORT_FALSE_enum_DREG_ADREG_0_connects_CED_CEAD_RSTD_GND  
design_1_i/conv2d_stream_0/inst/grp_conv2d_stream_Pipeline_VITIS_LOOP_68_3_mainLoop_cols_fu_367/fmul_32ns_32ns_32_3_max_dsp_1_U83/conv2d_stream_fmul_32ns_32ns_32_3_max_dsp_1_ip_u/inst/i_synth/MULT.OP/i_non_prim.R_AND_R/LAT_OPT.FULL.R_AND_R/DSP48E1_SGL_EXP_IP.OLD_ADD.ADD/i_no_versal_es1_workaround.DSP: DSP48E1 is not using the D port (USE_DPORT = FALSE). For improved power characteristics, set DREG and ADREG to '1', tie CED, CEAD, and RSTD to logic '0'.
Related violations: <none>

AVAL-4#53 Advisory
enum_USE_DPORT_FALSE_enum_DREG_ADREG_0_connects_CED_CEAD_RSTD_GND  
design_1_i/conv2d_stream_0/inst/grp_conv2d_stream_Pipeline_VITIS_LOOP_68_3_mainLoop_cols_fu_367/fmul_32ns_32ns_32_3_max_dsp_1_U84/conv2d_stream_fmul_32ns_32ns_32_3_max_dsp_1_ip_u/inst/i_synth/MULT.OP/i_non_prim.MULT/DSP48E1_SPD_SGL_VARIANT.FIX_MULT/DSP1/i_no_versal_es1_workaround.DSP: DSP48E1 is not using the D port (USE_DPORT = FALSE). For improved power characteristics, set DREG and ADREG to '1', tie CED, CEAD, and RSTD to logic '0'.
Related violations: <none>

AVAL-4#54 Advisory
enum_USE_DPORT_FALSE_enum_DREG_ADREG_0_connects_CED_CEAD_RSTD_GND  
design_1_i/conv2d_stream_0/inst/grp_conv2d_stream_Pipeline_VITIS_LOOP_68_3_mainLoop_cols_fu_367/fmul_32ns_32ns_32_3_max_dsp_1_U84/conv2d_stream_fmul_32ns_32ns_32_3_max_dsp_1_ip_u/inst/i_synth/MULT.OP/i_non_prim.MULT/DSP48E1_SPD_SGL_VARIANT.FIX_MULT/DSP2/i_no_versal_es1_workaround.DSP: DSP48E1 is not using the D port (USE_DPORT = FALSE). For improved power characteristics, set DREG and ADREG to '1', tie CED, CEAD, and RSTD to logic '0'.
Related violations: <none>

AVAL-4#55 Advisory
enum_USE_DPORT_FALSE_enum_DREG_ADREG_0_connects_CED_CEAD_RSTD_GND  
design_1_i/conv2d_stream_0/inst/grp_conv2d_stream_Pipeline_VITIS_LOOP_68_3_mainLoop_cols_fu_367/fmul_32ns_32ns_32_3_max_dsp_1_U84/conv2d_stream_fmul_32ns_32ns_32_3_max_dsp_1_ip_u/inst/i_synth/MULT.OP/i_non_prim.R_AND_R/LAT_OPT.FULL.R_AND_R/DSP48E1_SGL_EXP_IP.OLD_ADD.ADD/i_no_versal_es1_workaround.DSP: DSP48E1 is not using the D port (USE_DPORT = FALSE). For improved power characteristics, set DREG and ADREG to '1', tie CED, CEAD, and RSTD to logic '0'.
Related violations: <none>

AVAL-4#56 Advisory
enum_USE_DPORT_FALSE_enum_DREG_ADREG_0_connects_CED_CEAD_RSTD_GND  
design_1_i/conv2d_stream_0/inst/grp_conv2d_stream_Pipeline_VITIS_LOOP_68_3_mainLoop_cols_fu_367/fmul_32ns_32ns_32_3_max_dsp_1_U85/conv2d_stream_fmul_32ns_32ns_32_3_max_dsp_1_ip_u/inst/i_synth/MULT.OP/i_non_prim.MULT/DSP48E1_SPD_SGL_VARIANT.FIX_MULT/DSP1/i_no_versal_es1_workaround.DSP: DSP48E1 is not using the D port (USE_DPORT = FALSE). For improved power characteristics, set DREG and ADREG to '1', tie CED, CEAD, and RSTD to logic '0'.
Related violations: <none>

AVAL-4#57 Advisory
enum_USE_DPORT_FALSE_enum_DREG_ADREG_0_connects_CED_CEAD_RSTD_GND  
design_1_i/conv2d_stream_0/inst/grp_conv2d_stream_Pipeline_VITIS_LOOP_68_3_mainLoop_cols_fu_367/fmul_32ns_32ns_32_3_max_dsp_1_U85/conv2d_stream_fmul_32ns_32ns_32_3_max_dsp_1_ip_u/inst/i_synth/MULT.OP/i_non_prim.MULT/DSP48E1_SPD_SGL_VARIANT.FIX_MULT/DSP2/i_no_versal_es1_workaround.DSP: DSP48E1 is not using the D port (USE_DPORT = FALSE). For improved power characteristics, set DREG and ADREG to '1', tie CED, CEAD, and RSTD to logic '0'.
Related violations: <none>

AVAL-4#58 Advisory
enum_USE_DPORT_FALSE_enum_DREG_ADREG_0_connects_CED_CEAD_RSTD_GND  
design_1_i/conv2d_stream_0/inst/grp_conv2d_stream_Pipeline_VITIS_LOOP_68_3_mainLoop_cols_fu_367/fmul_32ns_32ns_32_3_max_dsp_1_U85/conv2d_stream_fmul_32ns_32ns_32_3_max_dsp_1_ip_u/inst/i_synth/MULT.OP/i_non_prim.R_AND_R/LAT_OPT.FULL.R_AND_R/DSP48E1_SGL_EXP_IP.OLD_ADD.ADD/i_no_versal_es1_workaround.DSP: DSP48E1 is not using the D port (USE_DPORT = FALSE). For improved power characteristics, set DREG and ADREG to '1', tie CED, CEAD, and RSTD to logic '0'.
Related violations: <none>

AVAL-4#59 Advisory
enum_USE_DPORT_FALSE_enum_DREG_ADREG_0_connects_CED_CEAD_RSTD_GND  
design_1_i/conv2d_stream_0/inst/grp_conv2d_stream_Pipeline_VITIS_LOOP_68_3_mainLoop_cols_fu_367/fmul_32ns_32ns_32_3_max_dsp_1_U86/conv2d_stream_fmul_32ns_32ns_32_3_max_dsp_1_ip_u/inst/i_synth/MULT.OP/i_non_prim.MULT/DSP48E1_SPD_SGL_VARIANT.FIX_MULT/DSP1/i_no_versal_es1_workaround.DSP: DSP48E1 is not using the D port (USE_DPORT = FALSE). For improved power characteristics, set DREG and ADREG to '1', tie CED, CEAD, and RSTD to logic '0'.
Related violations: <none>

AVAL-4#60 Advisory
enum_USE_DPORT_FALSE_enum_DREG_ADREG_0_connects_CED_CEAD_RSTD_GND  
design_1_i/conv2d_stream_0/inst/grp_conv2d_stream_Pipeline_VITIS_LOOP_68_3_mainLoop_cols_fu_367/fmul_32ns_32ns_32_3_max_dsp_1_U86/conv2d_stream_fmul_32ns_32ns_32_3_max_dsp_1_ip_u/inst/i_synth/MULT.OP/i_non_prim.MULT/DSP48E1_SPD_SGL_VARIANT.FIX_MULT/DSP2/i_no_versal_es1_workaround.DSP: DSP48E1 is not using the D port (USE_DPORT = FALSE). For improved power characteristics, set DREG and ADREG to '1', tie CED, CEAD, and RSTD to logic '0'.
Related violations: <none>

AVAL-4#61 Advisory
enum_USE_DPORT_FALSE_enum_DREG_ADREG_0_connects_CED_CEAD_RSTD_GND  
design_1_i/conv2d_stream_0/inst/grp_conv2d_stream_Pipeline_VITIS_LOOP_68_3_mainLoop_cols_fu_367/fmul_32ns_32ns_32_3_max_dsp_1_U86/conv2d_stream_fmul_32ns_32ns_32_3_max_dsp_1_ip_u/inst/i_synth/MULT.OP/i_non_prim.R_AND_R/LAT_OPT.FULL.R_AND_R/DSP48E1_SGL_EXP_IP.OLD_ADD.ADD/i_no_versal_es1_workaround.DSP: DSP48E1 is not using the D port (USE_DPORT = FALSE). For improved power characteristics, set DREG and ADREG to '1', tie CED, CEAD, and RSTD to logic '0'.
Related violations: <none>

AVAL-4#62 Advisory
enum_USE_DPORT_FALSE_enum_DREG_ADREG_0_connects_CED_CEAD_RSTD_GND  
design_1_i/conv2d_stream_0/inst/grp_conv2d_stream_Pipeline_VITIS_LOOP_68_3_mainLoop_cols_fu_367/fmul_32ns_32ns_32_3_max_dsp_1_U87/conv2d_stream_fmul_32ns_32ns_32_3_max_dsp_1_ip_u/inst/i_synth/MULT.OP/i_non_prim.MULT/DSP48E1_SPD_SGL_VARIANT.FIX_MULT/DSP1/i_no_versal_es1_workaround.DSP: DSP48E1 is not using the D port (USE_DPORT = FALSE). For improved power characteristics, set DREG and ADREG to '1', tie CED, CEAD, and RSTD to logic '0'.
Related violations: <none>

AVAL-4#63 Advisory
enum_USE_DPORT_FALSE_enum_DREG_ADREG_0_connects_CED_CEAD_RSTD_GND  
design_1_i/conv2d_stream_0/inst/grp_conv2d_stream_Pipeline_VITIS_LOOP_68_3_mainLoop_cols_fu_367/fmul_32ns_32ns_32_3_max_dsp_1_U87/conv2d_stream_fmul_32ns_32ns_32_3_max_dsp_1_ip_u/inst/i_synth/MULT.OP/i_non_prim.MULT/DSP48E1_SPD_SGL_VARIANT.FIX_MULT/DSP2/i_no_versal_es1_workaround.DSP: DSP48E1 is not using the D port (USE_DPORT = FALSE). For improved power characteristics, set DREG and ADREG to '1', tie CED, CEAD, and RSTD to logic '0'.
Related violations: <none>

AVAL-4#64 Advisory
enum_USE_DPORT_FALSE_enum_DREG_ADREG_0_connects_CED_CEAD_RSTD_GND  
design_1_i/conv2d_stream_0/inst/grp_conv2d_stream_Pipeline_VITIS_LOOP_68_3_mainLoop_cols_fu_367/fmul_32ns_32ns_32_3_max_dsp_1_U87/conv2d_stream_fmul_32ns_32ns_32_3_max_dsp_1_ip_u/inst/i_synth/MULT.OP/i_non_prim.R_AND_R/LAT_OPT.FULL.R_AND_R/DSP48E1_SGL_EXP_IP.OLD_ADD.ADD/i_no_versal_es1_workaround.DSP: DSP48E1 is not using the D port (USE_DPORT = FALSE). For improved power characteristics, set DREG and ADREG to '1', tie CED, CEAD, and RSTD to logic '0'.
Related violations: <none>

AVAL-4#65 Advisory
enum_USE_DPORT_FALSE_enum_DREG_ADREG_0_connects_CED_CEAD_RSTD_GND  
design_1_i/conv2d_stream_0/inst/grp_conv2d_stream_Pipeline_VITIS_LOOP_68_3_mainLoop_cols_fu_367/fmul_32ns_32ns_32_3_max_dsp_1_U88/conv2d_stream_fmul_32ns_32ns_32_3_max_dsp_1_ip_u/inst/i_synth/MULT.OP/i_non_prim.MULT/DSP48E1_SPD_SGL_VARIANT.FIX_MULT/DSP1/i_no_versal_es1_workaround.DSP: DSP48E1 is not using the D port (USE_DPORT = FALSE). For improved power characteristics, set DREG and ADREG to '1', tie CED, CEAD, and RSTD to logic '0'.
Related violations: <none>

AVAL-4#66 Advisory
enum_USE_DPORT_FALSE_enum_DREG_ADREG_0_connects_CED_CEAD_RSTD_GND  
design_1_i/conv2d_stream_0/inst/grp_conv2d_stream_Pipeline_VITIS_LOOP_68_3_mainLoop_cols_fu_367/fmul_32ns_32ns_32_3_max_dsp_1_U88/conv2d_stream_fmul_32ns_32ns_32_3_max_dsp_1_ip_u/inst/i_synth/MULT.OP/i_non_prim.MULT/DSP48E1_SPD_SGL_VARIANT.FIX_MULT/DSP2/i_no_versal_es1_workaround.DSP: DSP48E1 is not using the D port (USE_DPORT = FALSE). For improved power characteristics, set DREG and ADREG to '1', tie CED, CEAD, and RSTD to logic '0'.
Related violations: <none>

AVAL-4#67 Advisory
enum_USE_DPORT_FALSE_enum_DREG_ADREG_0_connects_CED_CEAD_RSTD_GND  
design_1_i/conv2d_stream_0/inst/grp_conv2d_stream_Pipeline_VITIS_LOOP_68_3_mainLoop_cols_fu_367/fmul_32ns_32ns_32_3_max_dsp_1_U88/conv2d_stream_fmul_32ns_32ns_32_3_max_dsp_1_ip_u/inst/i_synth/MULT.OP/i_non_prim.R_AND_R/LAT_OPT.FULL.R_AND_R/DSP48E1_SGL_EXP_IP.OLD_ADD.ADD/i_no_versal_es1_workaround.DSP: DSP48E1 is not using the D port (USE_DPORT = FALSE). For improved power characteristics, set DREG and ADREG to '1', tie CED, CEAD, and RSTD to logic '0'.
Related violations: <none>

AVAL-4#68 Advisory
enum_USE_DPORT_FALSE_enum_DREG_ADREG_0_connects_CED_CEAD_RSTD_GND  
design_1_i/conv2d_stream_0/inst/grp_conv2d_stream_Pipeline_VITIS_LOOP_68_3_mainLoop_cols_fu_367/fmul_32ns_32ns_32_3_max_dsp_1_U89/conv2d_stream_fmul_32ns_32ns_32_3_max_dsp_1_ip_u/inst/i_synth/MULT.OP/i_non_prim.MULT/DSP48E1_SPD_SGL_VARIANT.FIX_MULT/DSP1/i_no_versal_es1_workaround.DSP: DSP48E1 is not using the D port (USE_DPORT = FALSE). For improved power characteristics, set DREG and ADREG to '1', tie CED, CEAD, and RSTD to logic '0'.
Related violations: <none>

AVAL-4#69 Advisory
enum_USE_DPORT_FALSE_enum_DREG_ADREG_0_connects_CED_CEAD_RSTD_GND  
design_1_i/conv2d_stream_0/inst/grp_conv2d_stream_Pipeline_VITIS_LOOP_68_3_mainLoop_cols_fu_367/fmul_32ns_32ns_32_3_max_dsp_1_U89/conv2d_stream_fmul_32ns_32ns_32_3_max_dsp_1_ip_u/inst/i_synth/MULT.OP/i_non_prim.MULT/DSP48E1_SPD_SGL_VARIANT.FIX_MULT/DSP2/i_no_versal_es1_workaround.DSP: DSP48E1 is not using the D port (USE_DPORT = FALSE). For improved power characteristics, set DREG and ADREG to '1', tie CED, CEAD, and RSTD to logic '0'.
Related violations: <none>

AVAL-4#70 Advisory
enum_USE_DPORT_FALSE_enum_DREG_ADREG_0_connects_CED_CEAD_RSTD_GND  
design_1_i/conv2d_stream_0/inst/grp_conv2d_stream_Pipeline_VITIS_LOOP_68_3_mainLoop_cols_fu_367/fmul_32ns_32ns_32_3_max_dsp_1_U89/conv2d_stream_fmul_32ns_32ns_32_3_max_dsp_1_ip_u/inst/i_synth/MULT.OP/i_non_prim.R_AND_R/LAT_OPT.FULL.R_AND_R/DSP48E1_SGL_EXP_IP.OLD_ADD.ADD/i_no_versal_es1_workaround.DSP: DSP48E1 is not using the D port (USE_DPORT = FALSE). For improved power characteristics, set DREG and ADREG to '1', tie CED, CEAD, and RSTD to logic '0'.
Related violations: <none>

AVAL-4#71 Advisory
enum_USE_DPORT_FALSE_enum_DREG_ADREG_0_connects_CED_CEAD_RSTD_GND  
design_1_i/conv2d_stream_0/inst/grp_conv2d_stream_Pipeline_VITIS_LOOP_68_3_mainLoop_cols_fu_367/fmul_32ns_32ns_32_3_max_dsp_1_U90/conv2d_stream_fmul_32ns_32ns_32_3_max_dsp_1_ip_u/inst/i_synth/MULT.OP/i_non_prim.MULT/DSP48E1_SPD_SGL_VARIANT.FIX_MULT/DSP1/i_no_versal_es1_workaround.DSP: DSP48E1 is not using the D port (USE_DPORT = FALSE). For improved power characteristics, set DREG and ADREG to '1', tie CED, CEAD, and RSTD to logic '0'.
Related violations: <none>

AVAL-4#72 Advisory
enum_USE_DPORT_FALSE_enum_DREG_ADREG_0_connects_CED_CEAD_RSTD_GND  
design_1_i/conv2d_stream_0/inst/grp_conv2d_stream_Pipeline_VITIS_LOOP_68_3_mainLoop_cols_fu_367/fmul_32ns_32ns_32_3_max_dsp_1_U90/conv2d_stream_fmul_32ns_32ns_32_3_max_dsp_1_ip_u/inst/i_synth/MULT.OP/i_non_prim.MULT/DSP48E1_SPD_SGL_VARIANT.FIX_MULT/DSP2/i_no_versal_es1_workaround.DSP: DSP48E1 is not using the D port (USE_DPORT = FALSE). For improved power characteristics, set DREG and ADREG to '1', tie CED, CEAD, and RSTD to logic '0'.
Related violations: <none>

AVAL-4#73 Advisory
enum_USE_DPORT_FALSE_enum_DREG_ADREG_0_connects_CED_CEAD_RSTD_GND  
design_1_i/conv2d_stream_0/inst/grp_conv2d_stream_Pipeline_VITIS_LOOP_68_3_mainLoop_cols_fu_367/fmul_32ns_32ns_32_3_max_dsp_1_U90/conv2d_stream_fmul_32ns_32ns_32_3_max_dsp_1_ip_u/inst/i_synth/MULT.OP/i_non_prim.R_AND_R/LAT_OPT.FULL.R_AND_R/DSP48E1_SGL_EXP_IP.OLD_ADD.ADD/i_no_versal_es1_workaround.DSP: DSP48E1 is not using the D port (USE_DPORT = FALSE). For improved power characteristics, set DREG and ADREG to '1', tie CED, CEAD, and RSTD to logic '0'.
Related violations: <none>

AVAL-4#74 Advisory
enum_USE_DPORT_FALSE_enum_DREG_ADREG_0_connects_CED_CEAD_RSTD_GND  
design_1_i/conv2d_stream_0/inst/grp_conv2d_stream_Pipeline_VITIS_LOOP_68_3_mainLoop_cols_fu_367/fmul_32ns_32ns_32_3_max_dsp_1_U91/conv2d_stream_fmul_32ns_32ns_32_3_max_dsp_1_ip_u/inst/i_synth/MULT.OP/i_non_prim.MULT/DSP48E1_SPD_SGL_VARIANT.FIX_MULT/DSP1/i_no_versal_es1_workaround.DSP: DSP48E1 is not using the D port (USE_DPORT = FALSE). For improved power characteristics, set DREG and ADREG to '1', tie CED, CEAD, and RSTD to logic '0'.
Related violations: <none>

AVAL-4#75 Advisory
enum_USE_DPORT_FALSE_enum_DREG_ADREG_0_connects_CED_CEAD_RSTD_GND  
design_1_i/conv2d_stream_0/inst/grp_conv2d_stream_Pipeline_VITIS_LOOP_68_3_mainLoop_cols_fu_367/fmul_32ns_32ns_32_3_max_dsp_1_U91/conv2d_stream_fmul_32ns_32ns_32_3_max_dsp_1_ip_u/inst/i_synth/MULT.OP/i_non_prim.MULT/DSP48E1_SPD_SGL_VARIANT.FIX_MULT/DSP2/i_no_versal_es1_workaround.DSP: DSP48E1 is not using the D port (USE_DPORT = FALSE). For improved power characteristics, set DREG and ADREG to '1', tie CED, CEAD, and RSTD to logic '0'.
Related violations: <none>

AVAL-4#76 Advisory
enum_USE_DPORT_FALSE_enum_DREG_ADREG_0_connects_CED_CEAD_RSTD_GND  
design_1_i/conv2d_stream_0/inst/grp_conv2d_stream_Pipeline_VITIS_LOOP_68_3_mainLoop_cols_fu_367/fmul_32ns_32ns_32_3_max_dsp_1_U91/conv2d_stream_fmul_32ns_32ns_32_3_max_dsp_1_ip_u/inst/i_synth/MULT.OP/i_non_prim.R_AND_R/LAT_OPT.FULL.R_AND_R/DSP48E1_SGL_EXP_IP.OLD_ADD.ADD/i_no_versal_es1_workaround.DSP: DSP48E1 is not using the D port (USE_DPORT = FALSE). For improved power characteristics, set DREG and ADREG to '1', tie CED, CEAD, and RSTD to logic '0'.
Related violations: <none>

AVAL-4#77 Advisory
enum_USE_DPORT_FALSE_enum_DREG_ADREG_0_connects_CED_CEAD_RSTD_GND  
design_1_i/conv2d_stream_0/inst/grp_conv2d_stream_Pipeline_VITIS_LOOP_68_3_mainLoop_cols_fu_367/fmul_32ns_32ns_32_3_max_dsp_1_U92/conv2d_stream_fmul_32ns_32ns_32_3_max_dsp_1_ip_u/inst/i_synth/MULT.OP/i_non_prim.MULT/DSP48E1_SPD_SGL_VARIANT.FIX_MULT/DSP1/i_no_versal_es1_workaround.DSP: DSP48E1 is not using the D port (USE_DPORT = FALSE). For improved power characteristics, set DREG and ADREG to '1', tie CED, CEAD, and RSTD to logic '0'.
Related violations: <none>

AVAL-4#78 Advisory
enum_USE_DPORT_FALSE_enum_DREG_ADREG_0_connects_CED_CEAD_RSTD_GND  
design_1_i/conv2d_stream_0/inst/grp_conv2d_stream_Pipeline_VITIS_LOOP_68_3_mainLoop_cols_fu_367/fmul_32ns_32ns_32_3_max_dsp_1_U92/conv2d_stream_fmul_32ns_32ns_32_3_max_dsp_1_ip_u/inst/i_synth/MULT.OP/i_non_prim.MULT/DSP48E1_SPD_SGL_VARIANT.FIX_MULT/DSP2/i_no_versal_es1_workaround.DSP: DSP48E1 is not using the D port (USE_DPORT = FALSE). For improved power characteristics, set DREG and ADREG to '1', tie CED, CEAD, and RSTD to logic '0'.
Related violations: <none>

AVAL-4#79 Advisory
enum_USE_DPORT_FALSE_enum_DREG_ADREG_0_connects_CED_CEAD_RSTD_GND  
design_1_i/conv2d_stream_0/inst/grp_conv2d_stream_Pipeline_VITIS_LOOP_68_3_mainLoop_cols_fu_367/fmul_32ns_32ns_32_3_max_dsp_1_U92/conv2d_stream_fmul_32ns_32ns_32_3_max_dsp_1_ip_u/inst/i_synth/MULT.OP/i_non_prim.R_AND_R/LAT_OPT.FULL.R_AND_R/DSP48E1_SGL_EXP_IP.OLD_ADD.ADD/i_no_versal_es1_workaround.DSP: DSP48E1 is not using the D port (USE_DPORT = FALSE). For improved power characteristics, set DREG and ADREG to '1', tie CED, CEAD, and RSTD to logic '0'.
Related violations: <none>

AVAL-4#80 Advisory
enum_USE_DPORT_FALSE_enum_DREG_ADREG_0_connects_CED_CEAD_RSTD_GND  
design_1_i/conv2d_stream_0/inst/grp_conv2d_stream_Pipeline_VITIS_LOOP_68_3_mainLoop_cols_fu_367/fmul_32ns_32ns_32_3_max_dsp_1_U93/conv2d_stream_fmul_32ns_32ns_32_3_max_dsp_1_ip_u/inst/i_synth/MULT.OP/i_non_prim.MULT/DSP48E1_SPD_SGL_VARIANT.FIX_MULT/DSP1/i_no_versal_es1_workaround.DSP: DSP48E1 is not using the D port (USE_DPORT = FALSE). For improved power characteristics, set DREG and ADREG to '1', tie CED, CEAD, and RSTD to logic '0'.
Related violations: <none>

AVAL-4#81 Advisory
enum_USE_DPORT_FALSE_enum_DREG_ADREG_0_connects_CED_CEAD_RSTD_GND  
design_1_i/conv2d_stream_0/inst/grp_conv2d_stream_Pipeline_VITIS_LOOP_68_3_mainLoop_cols_fu_367/fmul_32ns_32ns_32_3_max_dsp_1_U93/conv2d_stream_fmul_32ns_32ns_32_3_max_dsp_1_ip_u/inst/i_synth/MULT.OP/i_non_prim.MULT/DSP48E1_SPD_SGL_VARIANT.FIX_MULT/DSP2/i_no_versal_es1_workaround.DSP: DSP48E1 is not using the D port (USE_DPORT = FALSE). For improved power characteristics, set DREG and ADREG to '1', tie CED, CEAD, and RSTD to logic '0'.
Related violations: <none>

AVAL-4#82 Advisory
enum_USE_DPORT_FALSE_enum_DREG_ADREG_0_connects_CED_CEAD_RSTD_GND  
design_1_i/conv2d_stream_0/inst/grp_conv2d_stream_Pipeline_VITIS_LOOP_68_3_mainLoop_cols_fu_367/fmul_32ns_32ns_32_3_max_dsp_1_U93/conv2d_stream_fmul_32ns_32ns_32_3_max_dsp_1_ip_u/inst/i_synth/MULT.OP/i_non_prim.R_AND_R/LAT_OPT.FULL.R_AND_R/DSP48E1_SGL_EXP_IP.OLD_ADD.ADD/i_no_versal_es1_workaround.DSP: DSP48E1 is not using the D port (USE_DPORT = FALSE). For improved power characteristics, set DREG and ADREG to '1', tie CED, CEAD, and RSTD to logic '0'.
Related violations: <none>

AVAL-4#83 Advisory
enum_USE_DPORT_FALSE_enum_DREG_ADREG_0_connects_CED_CEAD_RSTD_GND  
design_1_i/conv2d_stream_0/inst/grp_conv2d_stream_Pipeline_VITIS_LOOP_68_3_mainLoop_cols_fu_367/fmul_32ns_32ns_32_3_max_dsp_1_U94/conv2d_stream_fmul_32ns_32ns_32_3_max_dsp_1_ip_u/inst/i_synth/MULT.OP/i_non_prim.MULT/DSP48E1_SPD_SGL_VARIANT.FIX_MULT/DSP1/i_no_versal_es1_workaround.DSP: DSP48E1 is not using the D port (USE_DPORT = FALSE). For improved power characteristics, set DREG and ADREG to '1', tie CED, CEAD, and RSTD to logic '0'.
Related violations: <none>

AVAL-4#84 Advisory
enum_USE_DPORT_FALSE_enum_DREG_ADREG_0_connects_CED_CEAD_RSTD_GND  
design_1_i/conv2d_stream_0/inst/grp_conv2d_stream_Pipeline_VITIS_LOOP_68_3_mainLoop_cols_fu_367/fmul_32ns_32ns_32_3_max_dsp_1_U94/conv2d_stream_fmul_32ns_32ns_32_3_max_dsp_1_ip_u/inst/i_synth/MULT.OP/i_non_prim.MULT/DSP48E1_SPD_SGL_VARIANT.FIX_MULT/DSP2/i_no_versal_es1_workaround.DSP: DSP48E1 is not using the D port (USE_DPORT = FALSE). For improved power characteristics, set DREG and ADREG to '1', tie CED, CEAD, and RSTD to logic '0'.
Related violations: <none>

AVAL-4#85 Advisory
enum_USE_DPORT_FALSE_enum_DREG_ADREG_0_connects_CED_CEAD_RSTD_GND  
design_1_i/conv2d_stream_0/inst/grp_conv2d_stream_Pipeline_VITIS_LOOP_68_3_mainLoop_cols_fu_367/fmul_32ns_32ns_32_3_max_dsp_1_U94/conv2d_stream_fmul_32ns_32ns_32_3_max_dsp_1_ip_u/inst/i_synth/MULT.OP/i_non_prim.R_AND_R/LAT_OPT.FULL.R_AND_R/DSP48E1_SGL_EXP_IP.OLD_ADD.ADD/i_no_versal_es1_workaround.DSP: DSP48E1 is not using the D port (USE_DPORT = FALSE). For improved power characteristics, set DREG and ADREG to '1', tie CED, CEAD, and RSTD to logic '0'.
Related violations: <none>

AVAL-4#86 Advisory
enum_USE_DPORT_FALSE_enum_DREG_ADREG_0_connects_CED_CEAD_RSTD_GND  
design_1_i/conv2d_stream_0/inst/grp_conv2d_stream_Pipeline_VITIS_LOOP_68_3_mainLoop_cols_fu_367/fmul_32ns_32ns_32_3_max_dsp_1_U95/conv2d_stream_fmul_32ns_32ns_32_3_max_dsp_1_ip_u/inst/i_synth/MULT.OP/i_non_prim.MULT/DSP48E1_SPD_SGL_VARIANT.FIX_MULT/DSP1/i_no_versal_es1_workaround.DSP: DSP48E1 is not using the D port (USE_DPORT = FALSE). For improved power characteristics, set DREG and ADREG to '1', tie CED, CEAD, and RSTD to logic '0'.
Related violations: <none>

AVAL-4#87 Advisory
enum_USE_DPORT_FALSE_enum_DREG_ADREG_0_connects_CED_CEAD_RSTD_GND  
design_1_i/conv2d_stream_0/inst/grp_conv2d_stream_Pipeline_VITIS_LOOP_68_3_mainLoop_cols_fu_367/fmul_32ns_32ns_32_3_max_dsp_1_U95/conv2d_stream_fmul_32ns_32ns_32_3_max_dsp_1_ip_u/inst/i_synth/MULT.OP/i_non_prim.MULT/DSP48E1_SPD_SGL_VARIANT.FIX_MULT/DSP2/i_no_versal_es1_workaround.DSP: DSP48E1 is not using the D port (USE_DPORT = FALSE). For improved power characteristics, set DREG and ADREG to '1', tie CED, CEAD, and RSTD to logic '0'.
Related violations: <none>

AVAL-4#88 Advisory
enum_USE_DPORT_FALSE_enum_DREG_ADREG_0_connects_CED_CEAD_RSTD_GND  
design_1_i/conv2d_stream_0/inst/grp_conv2d_stream_Pipeline_VITIS_LOOP_68_3_mainLoop_cols_fu_367/fmul_32ns_32ns_32_3_max_dsp_1_U95/conv2d_stream_fmul_32ns_32ns_32_3_max_dsp_1_ip_u/inst/i_synth/MULT.OP/i_non_prim.R_AND_R/LAT_OPT.FULL.R_AND_R/DSP48E1_SGL_EXP_IP.OLD_ADD.ADD/i_no_versal_es1_workaround.DSP: DSP48E1 is not using the D port (USE_DPORT = FALSE). For improved power characteristics, set DREG and ADREG to '1', tie CED, CEAD, and RSTD to logic '0'.
Related violations: <none>

AVAL-4#89 Advisory
enum_USE_DPORT_FALSE_enum_DREG_ADREG_0_connects_CED_CEAD_RSTD_GND  
design_1_i/conv2d_stream_0/inst/grp_conv2d_stream_Pipeline_VITIS_LOOP_68_3_mainLoop_cols_fu_367/fmul_32ns_32ns_32_3_max_dsp_1_U96/conv2d_stream_fmul_32ns_32ns_32_3_max_dsp_1_ip_u/inst/i_synth/MULT.OP/i_non_prim.MULT/DSP48E1_SPD_SGL_VARIANT.FIX_MULT/DSP1/i_no_versal_es1_workaround.DSP: DSP48E1 is not using the D port (USE_DPORT = FALSE). For improved power characteristics, set DREG and ADREG to '1', tie CED, CEAD, and RSTD to logic '0'.
Related violations: <none>

AVAL-4#90 Advisory
enum_USE_DPORT_FALSE_enum_DREG_ADREG_0_connects_CED_CEAD_RSTD_GND  
design_1_i/conv2d_stream_0/inst/grp_conv2d_stream_Pipeline_VITIS_LOOP_68_3_mainLoop_cols_fu_367/fmul_32ns_32ns_32_3_max_dsp_1_U96/conv2d_stream_fmul_32ns_32ns_32_3_max_dsp_1_ip_u/inst/i_synth/MULT.OP/i_non_prim.MULT/DSP48E1_SPD_SGL_VARIANT.FIX_MULT/DSP2/i_no_versal_es1_workaround.DSP: DSP48E1 is not using the D port (USE_DPORT = FALSE). For improved power characteristics, set DREG and ADREG to '1', tie CED, CEAD, and RSTD to logic '0'.
Related violations: <none>

AVAL-4#91 Advisory
enum_USE_DPORT_FALSE_enum_DREG_ADREG_0_connects_CED_CEAD_RSTD_GND  
design_1_i/conv2d_stream_0/inst/grp_conv2d_stream_Pipeline_VITIS_LOOP_68_3_mainLoop_cols_fu_367/fmul_32ns_32ns_32_3_max_dsp_1_U96/conv2d_stream_fmul_32ns_32ns_32_3_max_dsp_1_ip_u/inst/i_synth/MULT.OP/i_non_prim.R_AND_R/LAT_OPT.FULL.R_AND_R/DSP48E1_SGL_EXP_IP.OLD_ADD.ADD/i_no_versal_es1_workaround.DSP: DSP48E1 is not using the D port (USE_DPORT = FALSE). For improved power characteristics, set DREG and ADREG to '1', tie CED, CEAD, and RSTD to logic '0'.
Related violations: <none>

AVAL-4#92 Advisory
enum_USE_DPORT_FALSE_enum_DREG_ADREG_0_connects_CED_CEAD_RSTD_GND  
design_1_i/conv2d_stream_0/inst/grp_conv2d_stream_Pipeline_VITIS_LOOP_68_3_mainLoop_cols_fu_367/fmul_32ns_32ns_32_3_max_dsp_1_U97/conv2d_stream_fmul_32ns_32ns_32_3_max_dsp_1_ip_u/inst/i_synth/MULT.OP/i_non_prim.MULT/DSP48E1_SPD_SGL_VARIANT.FIX_MULT/DSP1/i_no_versal_es1_workaround.DSP: DSP48E1 is not using the D port (USE_DPORT = FALSE). For improved power characteristics, set DREG and ADREG to '1', tie CED, CEAD, and RSTD to logic '0'.
Related violations: <none>

AVAL-4#93 Advisory
enum_USE_DPORT_FALSE_enum_DREG_ADREG_0_connects_CED_CEAD_RSTD_GND  
design_1_i/conv2d_stream_0/inst/grp_conv2d_stream_Pipeline_VITIS_LOOP_68_3_mainLoop_cols_fu_367/fmul_32ns_32ns_32_3_max_dsp_1_U97/conv2d_stream_fmul_32ns_32ns_32_3_max_dsp_1_ip_u/inst/i_synth/MULT.OP/i_non_prim.MULT/DSP48E1_SPD_SGL_VARIANT.FIX_MULT/DSP2/i_no_versal_es1_workaround.DSP: DSP48E1 is not using the D port (USE_DPORT = FALSE). For improved power characteristics, set DREG and ADREG to '1', tie CED, CEAD, and RSTD to logic '0'.
Related violations: <none>

AVAL-4#94 Advisory
enum_USE_DPORT_FALSE_enum_DREG_ADREG_0_connects_CED_CEAD_RSTD_GND  
design_1_i/conv2d_stream_0/inst/grp_conv2d_stream_Pipeline_VITIS_LOOP_68_3_mainLoop_cols_fu_367/fmul_32ns_32ns_32_3_max_dsp_1_U97/conv2d_stream_fmul_32ns_32ns_32_3_max_dsp_1_ip_u/inst/i_synth/MULT.OP/i_non_prim.R_AND_R/LAT_OPT.FULL.R_AND_R/DSP48E1_SGL_EXP_IP.OLD_ADD.ADD/i_no_versal_es1_workaround.DSP: DSP48E1 is not using the D port (USE_DPORT = FALSE). For improved power characteristics, set DREG and ADREG to '1', tie CED, CEAD, and RSTD to logic '0'.
Related violations: <none>

AVAL-4#95 Advisory
enum_USE_DPORT_FALSE_enum_DREG_ADREG_0_connects_CED_CEAD_RSTD_GND  
design_1_i/conv2d_stream_0/inst/grp_conv2d_stream_Pipeline_VITIS_LOOP_68_3_mainLoop_cols_fu_367/fmul_32ns_32ns_32_3_max_dsp_1_U98/conv2d_stream_fmul_32ns_32ns_32_3_max_dsp_1_ip_u/inst/i_synth/MULT.OP/i_non_prim.MULT/DSP48E1_SPD_SGL_VARIANT.FIX_MULT/DSP1/i_no_versal_es1_workaround.DSP: DSP48E1 is not using the D port (USE_DPORT = FALSE). For improved power characteristics, set DREG and ADREG to '1', tie CED, CEAD, and RSTD to logic '0'.
Related violations: <none>

AVAL-4#96 Advisory
enum_USE_DPORT_FALSE_enum_DREG_ADREG_0_connects_CED_CEAD_RSTD_GND  
design_1_i/conv2d_stream_0/inst/grp_conv2d_stream_Pipeline_VITIS_LOOP_68_3_mainLoop_cols_fu_367/fmul_32ns_32ns_32_3_max_dsp_1_U98/conv2d_stream_fmul_32ns_32ns_32_3_max_dsp_1_ip_u/inst/i_synth/MULT.OP/i_non_prim.MULT/DSP48E1_SPD_SGL_VARIANT.FIX_MULT/DSP2/i_no_versal_es1_workaround.DSP: DSP48E1 is not using the D port (USE_DPORT = FALSE). For improved power characteristics, set DREG and ADREG to '1', tie CED, CEAD, and RSTD to logic '0'.
Related violations: <none>

AVAL-4#97 Advisory
enum_USE_DPORT_FALSE_enum_DREG_ADREG_0_connects_CED_CEAD_RSTD_GND  
design_1_i/conv2d_stream_0/inst/grp_conv2d_stream_Pipeline_VITIS_LOOP_68_3_mainLoop_cols_fu_367/fmul_32ns_32ns_32_3_max_dsp_1_U98/conv2d_stream_fmul_32ns_32ns_32_3_max_dsp_1_ip_u/inst/i_synth/MULT.OP/i_non_prim.R_AND_R/LAT_OPT.FULL.R_AND_R/DSP48E1_SGL_EXP_IP.OLD_ADD.ADD/i_no_versal_es1_workaround.DSP: DSP48E1 is not using the D port (USE_DPORT = FALSE). For improved power characteristics, set DREG and ADREG to '1', tie CED, CEAD, and RSTD to logic '0'.
Related violations: <none>

AVAL-4#98 Advisory
enum_USE_DPORT_FALSE_enum_DREG_ADREG_0_connects_CED_CEAD_RSTD_GND  
design_1_i/conv2d_stream_0/inst/grp_conv2d_stream_Pipeline_VITIS_LOOP_68_3_mainLoop_cols_fu_367/fmul_32ns_32ns_32_3_max_dsp_1_U99/conv2d_stream_fmul_32ns_32ns_32_3_max_dsp_1_ip_u/inst/i_synth/MULT.OP/i_non_prim.MULT/DSP48E1_SPD_SGL_VARIANT.FIX_MULT/DSP1/i_no_versal_es1_workaround.DSP: DSP48E1 is not using the D port (USE_DPORT = FALSE). For improved power characteristics, set DREG and ADREG to '1', tie CED, CEAD, and RSTD to logic '0'.
Related violations: <none>

AVAL-4#99 Advisory
enum_USE_DPORT_FALSE_enum_DREG_ADREG_0_connects_CED_CEAD_RSTD_GND  
design_1_i/conv2d_stream_0/inst/grp_conv2d_stream_Pipeline_VITIS_LOOP_68_3_mainLoop_cols_fu_367/fmul_32ns_32ns_32_3_max_dsp_1_U99/conv2d_stream_fmul_32ns_32ns_32_3_max_dsp_1_ip_u/inst/i_synth/MULT.OP/i_non_prim.MULT/DSP48E1_SPD_SGL_VARIANT.FIX_MULT/DSP2/i_no_versal_es1_workaround.DSP: DSP48E1 is not using the D port (USE_DPORT = FALSE). For improved power characteristics, set DREG and ADREG to '1', tie CED, CEAD, and RSTD to logic '0'.
Related violations: <none>

AVAL-4#100 Advisory
enum_USE_DPORT_FALSE_enum_DREG_ADREG_0_connects_CED_CEAD_RSTD_GND  
design_1_i/conv2d_stream_0/inst/grp_conv2d_stream_Pipeline_VITIS_LOOP_68_3_mainLoop_cols_fu_367/fmul_32ns_32ns_32_3_max_dsp_1_U99/conv2d_stream_fmul_32ns_32ns_32_3_max_dsp_1_ip_u/inst/i_synth/MULT.OP/i_non_prim.R_AND_R/LAT_OPT.FULL.R_AND_R/DSP48E1_SGL_EXP_IP.OLD_ADD.ADD/i_no_versal_es1_workaround.DSP: DSP48E1 is not using the D port (USE_DPORT = FALSE). For improved power characteristics, set DREG and ADREG to '1', tie CED, CEAD, and RSTD to logic '0'.
Related violations: <none>

AVAL-5#1 Advisory
enum_USE_MULT_NONE_enum_DREG_ADREG_0_connects_CED_CEAD_RSTD_GND  
design_1_i/conv2d_stream_0/inst/grp_conv2d_stream_Pipeline_VITIS_LOOP_68_3_mainLoop_cols_fu_367/fmul_32ns_32ns_32_3_max_dsp_1_U100/conv2d_stream_fmul_32ns_32ns_32_3_max_dsp_1_ip_u/inst/i_synth/MULT.OP/i_non_prim.R_AND_R/LAT_OPT.FULL.R_AND_R/DSP48E1_SGL_EXP_IP.OLD_ADD.ADD/i_no_versal_es1_workaround.DSP: DSP48E1 is not using the Multiplier (USE_MULT = NONE). For improved power characteristics, set DREG and ADREG to '1', tie CED, CEAD, and RSTD to logic '0'.
Related violations: <none>

AVAL-5#2 Advisory
enum_USE_MULT_NONE_enum_DREG_ADREG_0_connects_CED_CEAD_RSTD_GND  
design_1_i/conv2d_stream_0/inst/grp_conv2d_stream_Pipeline_VITIS_LOOP_68_3_mainLoop_cols_fu_367/fmul_32ns_32ns_32_3_max_dsp_1_U76/conv2d_stream_fmul_32ns_32ns_32_3_max_dsp_1_ip_u/inst/i_synth/MULT.OP/i_non_prim.R_AND_R/LAT_OPT.FULL.R_AND_R/DSP48E1_SGL_EXP_IP.OLD_ADD.ADD/i_no_versal_es1_workaround.DSP: DSP48E1 is not using the Multiplier (USE_MULT = NONE). For improved power characteristics, set DREG and ADREG to '1', tie CED, CEAD, and RSTD to logic '0'.
Related violations: <none>

AVAL-5#3 Advisory
enum_USE_MULT_NONE_enum_DREG_ADREG_0_connects_CED_CEAD_RSTD_GND  
design_1_i/conv2d_stream_0/inst/grp_conv2d_stream_Pipeline_VITIS_LOOP_68_3_mainLoop_cols_fu_367/fmul_32ns_32ns_32_3_max_dsp_1_U77/conv2d_stream_fmul_32ns_32ns_32_3_max_dsp_1_ip_u/inst/i_synth/MULT.OP/i_non_prim.R_AND_R/LAT_OPT.FULL.R_AND_R/DSP48E1_SGL_EXP_IP.OLD_ADD.ADD/i_no_versal_es1_workaround.DSP: DSP48E1 is not using the Multiplier (USE_MULT = NONE). For improved power characteristics, set DREG and ADREG to '1', tie CED, CEAD, and RSTD to logic '0'.
Related violations: <none>

AVAL-5#4 Advisory
enum_USE_MULT_NONE_enum_DREG_ADREG_0_connects_CED_CEAD_RSTD_GND  
design_1_i/conv2d_stream_0/inst/grp_conv2d_stream_Pipeline_VITIS_LOOP_68_3_mainLoop_cols_fu_367/fmul_32ns_32ns_32_3_max_dsp_1_U78/conv2d_stream_fmul_32ns_32ns_32_3_max_dsp_1_ip_u/inst/i_synth/MULT.OP/i_non_prim.R_AND_R/LAT_OPT.FULL.R_AND_R/DSP48E1_SGL_EXP_IP.OLD_ADD.ADD/i_no_versal_es1_workaround.DSP: DSP48E1 is not using the Multiplier (USE_MULT = NONE). For improved power characteristics, set DREG and ADREG to '1', tie CED, CEAD, and RSTD to logic '0'.
Related violations: <none>

AVAL-5#5 Advisory
enum_USE_MULT_NONE_enum_DREG_ADREG_0_connects_CED_CEAD_RSTD_GND  
design_1_i/conv2d_stream_0/inst/grp_conv2d_stream_Pipeline_VITIS_LOOP_68_3_mainLoop_cols_fu_367/fmul_32ns_32ns_32_3_max_dsp_1_U79/conv2d_stream_fmul_32ns_32ns_32_3_max_dsp_1_ip_u/inst/i_synth/MULT.OP/i_non_prim.R_AND_R/LAT_OPT.FULL.R_AND_R/DSP48E1_SGL_EXP_IP.OLD_ADD.ADD/i_no_versal_es1_workaround.DSP: DSP48E1 is not using the Multiplier (USE_MULT = NONE). For improved power characteristics, set DREG and ADREG to '1', tie CED, CEAD, and RSTD to logic '0'.
Related violations: <none>

AVAL-5#6 Advisory
enum_USE_MULT_NONE_enum_DREG_ADREG_0_connects_CED_CEAD_RSTD_GND  
design_1_i/conv2d_stream_0/inst/grp_conv2d_stream_Pipeline_VITIS_LOOP_68_3_mainLoop_cols_fu_367/fmul_32ns_32ns_32_3_max_dsp_1_U80/conv2d_stream_fmul_32ns_32ns_32_3_max_dsp_1_ip_u/inst/i_synth/MULT.OP/i_non_prim.R_AND_R/LAT_OPT.FULL.R_AND_R/DSP48E1_SGL_EXP_IP.OLD_ADD.ADD/i_no_versal_es1_workaround.DSP: DSP48E1 is not using the Multiplier (USE_MULT = NONE). For improved power characteristics, set DREG and ADREG to '1', tie CED, CEAD, and RSTD to logic '0'.
Related violations: <none>

AVAL-5#7 Advisory
enum_USE_MULT_NONE_enum_DREG_ADREG_0_connects_CED_CEAD_RSTD_GND  
design_1_i/conv2d_stream_0/inst/grp_conv2d_stream_Pipeline_VITIS_LOOP_68_3_mainLoop_cols_fu_367/fmul_32ns_32ns_32_3_max_dsp_1_U81/conv2d_stream_fmul_32ns_32ns_32_3_max_dsp_1_ip_u/inst/i_synth/MULT.OP/i_non_prim.R_AND_R/LAT_OPT.FULL.R_AND_R/DSP48E1_SGL_EXP_IP.OLD_ADD.ADD/i_no_versal_es1_workaround.DSP: DSP48E1 is not using the Multiplier (USE_MULT = NONE). For improved power characteristics, set DREG and ADREG to '1', tie CED, CEAD, and RSTD to logic '0'.
Related violations: <none>

AVAL-5#8 Advisory
enum_USE_MULT_NONE_enum_DREG_ADREG_0_connects_CED_CEAD_RSTD_GND  
design_1_i/conv2d_stream_0/inst/grp_conv2d_stream_Pipeline_VITIS_LOOP_68_3_mainLoop_cols_fu_367/fmul_32ns_32ns_32_3_max_dsp_1_U82/conv2d_stream_fmul_32ns_32ns_32_3_max_dsp_1_ip_u/inst/i_synth/MULT.OP/i_non_prim.R_AND_R/LAT_OPT.FULL.R_AND_R/DSP48E1_SGL_EXP_IP.OLD_ADD.ADD/i_no_versal_es1_workaround.DSP: DSP48E1 is not using the Multiplier (USE_MULT = NONE). For improved power characteristics, set DREG and ADREG to '1', tie CED, CEAD, and RSTD to logic '0'.
Related violations: <none>

AVAL-5#9 Advisory
enum_USE_MULT_NONE_enum_DREG_ADREG_0_connects_CED_CEAD_RSTD_GND  
design_1_i/conv2d_stream_0/inst/grp_conv2d_stream_Pipeline_VITIS_LOOP_68_3_mainLoop_cols_fu_367/fmul_32ns_32ns_32_3_max_dsp_1_U83/conv2d_stream_fmul_32ns_32ns_32_3_max_dsp_1_ip_u/inst/i_synth/MULT.OP/i_non_prim.R_AND_R/LAT_OPT.FULL.R_AND_R/DSP48E1_SGL_EXP_IP.OLD_ADD.ADD/i_no_versal_es1_workaround.DSP: DSP48E1 is not using the Multiplier (USE_MULT = NONE). For improved power characteristics, set DREG and ADREG to '1', tie CED, CEAD, and RSTD to logic '0'.
Related violations: <none>

AVAL-5#10 Advisory
enum_USE_MULT_NONE_enum_DREG_ADREG_0_connects_CED_CEAD_RSTD_GND  
design_1_i/conv2d_stream_0/inst/grp_conv2d_stream_Pipeline_VITIS_LOOP_68_3_mainLoop_cols_fu_367/fmul_32ns_32ns_32_3_max_dsp_1_U84/conv2d_stream_fmul_32ns_32ns_32_3_max_dsp_1_ip_u/inst/i_synth/MULT.OP/i_non_prim.R_AND_R/LAT_OPT.FULL.R_AND_R/DSP48E1_SGL_EXP_IP.OLD_ADD.ADD/i_no_versal_es1_workaround.DSP: DSP48E1 is not using the Multiplier (USE_MULT = NONE). For improved power characteristics, set DREG and ADREG to '1', tie CED, CEAD, and RSTD to logic '0'.
Related violations: <none>

AVAL-5#11 Advisory
enum_USE_MULT_NONE_enum_DREG_ADREG_0_connects_CED_CEAD_RSTD_GND  
design_1_i/conv2d_stream_0/inst/grp_conv2d_stream_Pipeline_VITIS_LOOP_68_3_mainLoop_cols_fu_367/fmul_32ns_32ns_32_3_max_dsp_1_U85/conv2d_stream_fmul_32ns_32ns_32_3_max_dsp_1_ip_u/inst/i_synth/MULT.OP/i_non_prim.R_AND_R/LAT_OPT.FULL.R_AND_R/DSP48E1_SGL_EXP_IP.OLD_ADD.ADD/i_no_versal_es1_workaround.DSP: DSP48E1 is not using the Multiplier (USE_MULT = NONE). For improved power characteristics, set DREG and ADREG to '1', tie CED, CEAD, and RSTD to logic '0'.
Related violations: <none>

AVAL-5#12 Advisory
enum_USE_MULT_NONE_enum_DREG_ADREG_0_connects_CED_CEAD_RSTD_GND  
design_1_i/conv2d_stream_0/inst/grp_conv2d_stream_Pipeline_VITIS_LOOP_68_3_mainLoop_cols_fu_367/fmul_32ns_32ns_32_3_max_dsp_1_U86/conv2d_stream_fmul_32ns_32ns_32_3_max_dsp_1_ip_u/inst/i_synth/MULT.OP/i_non_prim.R_AND_R/LAT_OPT.FULL.R_AND_R/DSP48E1_SGL_EXP_IP.OLD_ADD.ADD/i_no_versal_es1_workaround.DSP: DSP48E1 is not using the Multiplier (USE_MULT = NONE). For improved power characteristics, set DREG and ADREG to '1', tie CED, CEAD, and RSTD to logic '0'.
Related violations: <none>

AVAL-5#13 Advisory
enum_USE_MULT_NONE_enum_DREG_ADREG_0_connects_CED_CEAD_RSTD_GND  
design_1_i/conv2d_stream_0/inst/grp_conv2d_stream_Pipeline_VITIS_LOOP_68_3_mainLoop_cols_fu_367/fmul_32ns_32ns_32_3_max_dsp_1_U87/conv2d_stream_fmul_32ns_32ns_32_3_max_dsp_1_ip_u/inst/i_synth/MULT.OP/i_non_prim.R_AND_R/LAT_OPT.FULL.R_AND_R/DSP48E1_SGL_EXP_IP.OLD_ADD.ADD/i_no_versal_es1_workaround.DSP: DSP48E1 is not using the Multiplier (USE_MULT = NONE). For improved power characteristics, set DREG and ADREG to '1', tie CED, CEAD, and RSTD to logic '0'.
Related violations: <none>

AVAL-5#14 Advisory
enum_USE_MULT_NONE_enum_DREG_ADREG_0_connects_CED_CEAD_RSTD_GND  
design_1_i/conv2d_stream_0/inst/grp_conv2d_stream_Pipeline_VITIS_LOOP_68_3_mainLoop_cols_fu_367/fmul_32ns_32ns_32_3_max_dsp_1_U88/conv2d_stream_fmul_32ns_32ns_32_3_max_dsp_1_ip_u/inst/i_synth/MULT.OP/i_non_prim.R_AND_R/LAT_OPT.FULL.R_AND_R/DSP48E1_SGL_EXP_IP.OLD_ADD.ADD/i_no_versal_es1_workaround.DSP: DSP48E1 is not using the Multiplier (USE_MULT = NONE). For improved power characteristics, set DREG and ADREG to '1', tie CED, CEAD, and RSTD to logic '0'.
Related violations: <none>

AVAL-5#15 Advisory
enum_USE_MULT_NONE_enum_DREG_ADREG_0_connects_CED_CEAD_RSTD_GND  
design_1_i/conv2d_stream_0/inst/grp_conv2d_stream_Pipeline_VITIS_LOOP_68_3_mainLoop_cols_fu_367/fmul_32ns_32ns_32_3_max_dsp_1_U89/conv2d_stream_fmul_32ns_32ns_32_3_max_dsp_1_ip_u/inst/i_synth/MULT.OP/i_non_prim.R_AND_R/LAT_OPT.FULL.R_AND_R/DSP48E1_SGL_EXP_IP.OLD_ADD.ADD/i_no_versal_es1_workaround.DSP: DSP48E1 is not using the Multiplier (USE_MULT = NONE). For improved power characteristics, set DREG and ADREG to '1', tie CED, CEAD, and RSTD to logic '0'.
Related violations: <none>

AVAL-5#16 Advisory
enum_USE_MULT_NONE_enum_DREG_ADREG_0_connects_CED_CEAD_RSTD_GND  
design_1_i/conv2d_stream_0/inst/grp_conv2d_stream_Pipeline_VITIS_LOOP_68_3_mainLoop_cols_fu_367/fmul_32ns_32ns_32_3_max_dsp_1_U90/conv2d_stream_fmul_32ns_32ns_32_3_max_dsp_1_ip_u/inst/i_synth/MULT.OP/i_non_prim.R_AND_R/LAT_OPT.FULL.R_AND_R/DSP48E1_SGL_EXP_IP.OLD_ADD.ADD/i_no_versal_es1_workaround.DSP: DSP48E1 is not using the Multiplier (USE_MULT = NONE). For improved power characteristics, set DREG and ADREG to '1', tie CED, CEAD, and RSTD to logic '0'.
Related violations: <none>

AVAL-5#17 Advisory
enum_USE_MULT_NONE_enum_DREG_ADREG_0_connects_CED_CEAD_RSTD_GND  
design_1_i/conv2d_stream_0/inst/grp_conv2d_stream_Pipeline_VITIS_LOOP_68_3_mainLoop_cols_fu_367/fmul_32ns_32ns_32_3_max_dsp_1_U91/conv2d_stream_fmul_32ns_32ns_32_3_max_dsp_1_ip_u/inst/i_synth/MULT.OP/i_non_prim.R_AND_R/LAT_OPT.FULL.R_AND_R/DSP48E1_SGL_EXP_IP.OLD_ADD.ADD/i_no_versal_es1_workaround.DSP: DSP48E1 is not using the Multiplier (USE_MULT = NONE). For improved power characteristics, set DREG and ADREG to '1', tie CED, CEAD, and RSTD to logic '0'.
Related violations: <none>

AVAL-5#18 Advisory
enum_USE_MULT_NONE_enum_DREG_ADREG_0_connects_CED_CEAD_RSTD_GND  
design_1_i/conv2d_stream_0/inst/grp_conv2d_stream_Pipeline_VITIS_LOOP_68_3_mainLoop_cols_fu_367/fmul_32ns_32ns_32_3_max_dsp_1_U92/conv2d_stream_fmul_32ns_32ns_32_3_max_dsp_1_ip_u/inst/i_synth/MULT.OP/i_non_prim.R_AND_R/LAT_OPT.FULL.R_AND_R/DSP48E1_SGL_EXP_IP.OLD_ADD.ADD/i_no_versal_es1_workaround.DSP: DSP48E1 is not using the Multiplier (USE_MULT = NONE). For improved power characteristics, set DREG and ADREG to '1', tie CED, CEAD, and RSTD to logic '0'.
Related violations: <none>

AVAL-5#19 Advisory
enum_USE_MULT_NONE_enum_DREG_ADREG_0_connects_CED_CEAD_RSTD_GND  
design_1_i/conv2d_stream_0/inst/grp_conv2d_stream_Pipeline_VITIS_LOOP_68_3_mainLoop_cols_fu_367/fmul_32ns_32ns_32_3_max_dsp_1_U93/conv2d_stream_fmul_32ns_32ns_32_3_max_dsp_1_ip_u/inst/i_synth/MULT.OP/i_non_prim.R_AND_R/LAT_OPT.FULL.R_AND_R/DSP48E1_SGL_EXP_IP.OLD_ADD.ADD/i_no_versal_es1_workaround.DSP: DSP48E1 is not using the Multiplier (USE_MULT = NONE). For improved power characteristics, set DREG and ADREG to '1', tie CED, CEAD, and RSTD to logic '0'.
Related violations: <none>

AVAL-5#20 Advisory
enum_USE_MULT_NONE_enum_DREG_ADREG_0_connects_CED_CEAD_RSTD_GND  
design_1_i/conv2d_stream_0/inst/grp_conv2d_stream_Pipeline_VITIS_LOOP_68_3_mainLoop_cols_fu_367/fmul_32ns_32ns_32_3_max_dsp_1_U94/conv2d_stream_fmul_32ns_32ns_32_3_max_dsp_1_ip_u/inst/i_synth/MULT.OP/i_non_prim.R_AND_R/LAT_OPT.FULL.R_AND_R/DSP48E1_SGL_EXP_IP.OLD_ADD.ADD/i_no_versal_es1_workaround.DSP: DSP48E1 is not using the Multiplier (USE_MULT = NONE). For improved power characteristics, set DREG and ADREG to '1', tie CED, CEAD, and RSTD to logic '0'.
Related violations: <none>

AVAL-5#21 Advisory
enum_USE_MULT_NONE_enum_DREG_ADREG_0_connects_CED_CEAD_RSTD_GND  
design_1_i/conv2d_stream_0/inst/grp_conv2d_stream_Pipeline_VITIS_LOOP_68_3_mainLoop_cols_fu_367/fmul_32ns_32ns_32_3_max_dsp_1_U95/conv2d_stream_fmul_32ns_32ns_32_3_max_dsp_1_ip_u/inst/i_synth/MULT.OP/i_non_prim.R_AND_R/LAT_OPT.FULL.R_AND_R/DSP48E1_SGL_EXP_IP.OLD_ADD.ADD/i_no_versal_es1_workaround.DSP: DSP48E1 is not using the Multiplier (USE_MULT = NONE). For improved power characteristics, set DREG and ADREG to '1', tie CED, CEAD, and RSTD to logic '0'.
Related violations: <none>

AVAL-5#22 Advisory
enum_USE_MULT_NONE_enum_DREG_ADREG_0_connects_CED_CEAD_RSTD_GND  
design_1_i/conv2d_stream_0/inst/grp_conv2d_stream_Pipeline_VITIS_LOOP_68_3_mainLoop_cols_fu_367/fmul_32ns_32ns_32_3_max_dsp_1_U96/conv2d_stream_fmul_32ns_32ns_32_3_max_dsp_1_ip_u/inst/i_synth/MULT.OP/i_non_prim.R_AND_R/LAT_OPT.FULL.R_AND_R/DSP48E1_SGL_EXP_IP.OLD_ADD.ADD/i_no_versal_es1_workaround.DSP: DSP48E1 is not using the Multiplier (USE_MULT = NONE). For improved power characteristics, set DREG and ADREG to '1', tie CED, CEAD, and RSTD to logic '0'.
Related violations: <none>

AVAL-5#23 Advisory
enum_USE_MULT_NONE_enum_DREG_ADREG_0_connects_CED_CEAD_RSTD_GND  
design_1_i/conv2d_stream_0/inst/grp_conv2d_stream_Pipeline_VITIS_LOOP_68_3_mainLoop_cols_fu_367/fmul_32ns_32ns_32_3_max_dsp_1_U97/conv2d_stream_fmul_32ns_32ns_32_3_max_dsp_1_ip_u/inst/i_synth/MULT.OP/i_non_prim.R_AND_R/LAT_OPT.FULL.R_AND_R/DSP48E1_SGL_EXP_IP.OLD_ADD.ADD/i_no_versal_es1_workaround.DSP: DSP48E1 is not using the Multiplier (USE_MULT = NONE). For improved power characteristics, set DREG and ADREG to '1', tie CED, CEAD, and RSTD to logic '0'.
Related violations: <none>

AVAL-5#24 Advisory
enum_USE_MULT_NONE_enum_DREG_ADREG_0_connects_CED_CEAD_RSTD_GND  
design_1_i/conv2d_stream_0/inst/grp_conv2d_stream_Pipeline_VITIS_LOOP_68_3_mainLoop_cols_fu_367/fmul_32ns_32ns_32_3_max_dsp_1_U98/conv2d_stream_fmul_32ns_32ns_32_3_max_dsp_1_ip_u/inst/i_synth/MULT.OP/i_non_prim.R_AND_R/LAT_OPT.FULL.R_AND_R/DSP48E1_SGL_EXP_IP.OLD_ADD.ADD/i_no_versal_es1_workaround.DSP: DSP48E1 is not using the Multiplier (USE_MULT = NONE). For improved power characteristics, set DREG and ADREG to '1', tie CED, CEAD, and RSTD to logic '0'.
Related violations: <none>

AVAL-5#25 Advisory
enum_USE_MULT_NONE_enum_DREG_ADREG_0_connects_CED_CEAD_RSTD_GND  
design_1_i/conv2d_stream_0/inst/grp_conv2d_stream_Pipeline_VITIS_LOOP_68_3_mainLoop_cols_fu_367/fmul_32ns_32ns_32_3_max_dsp_1_U99/conv2d_stream_fmul_32ns_32ns_32_3_max_dsp_1_ip_u/inst/i_synth/MULT.OP/i_non_prim.R_AND_R/LAT_OPT.FULL.R_AND_R/DSP48E1_SGL_EXP_IP.OLD_ADD.ADD/i_no_versal_es1_workaround.DSP: DSP48E1 is not using the Multiplier (USE_MULT = NONE). For improved power characteristics, set DREG and ADREG to '1', tie CED, CEAD, and RSTD to logic '0'.
Related violations: <none>

REQP-1725#1 Advisory
DSP_Abus_sign_bit_alert  
design_1_i/conv2d_stream_0/inst/grp_conv2d_stream_Pipeline_VITIS_LOOP_68_3_mainLoop_cols_fu_367/fadd_32ns_32ns_32_5_full_dsp_1_U51/conv2d_stream_fadd_32ns_32ns_32_5_full_dsp_1_ip_u/inst/i_synth/ADDSUB_OP.ADDSUB/DSP.OP/DSP48E1_BODY.ALIGN_ADD/DSP2/i_no_versal_es1_workaround.DSP: When using the PreAdder and USE_DPORT is TRUE, the A operand should be restricted to 24 bit two's complement (and sign extended) to avoid over/underflow in the pre-add stage.
Related violations: <none>

REQP-1725#2 Advisory
DSP_Abus_sign_bit_alert  
design_1_i/conv2d_stream_0/inst/grp_conv2d_stream_Pipeline_VITIS_LOOP_68_3_mainLoop_cols_fu_367/fadd_32ns_32ns_32_5_full_dsp_1_U52/conv2d_stream_fadd_32ns_32ns_32_5_full_dsp_1_ip_u/inst/i_synth/ADDSUB_OP.ADDSUB/DSP.OP/DSP48E1_BODY.ALIGN_ADD/DSP2/i_no_versal_es1_workaround.DSP: When using the PreAdder and USE_DPORT is TRUE, the A operand should be restricted to 24 bit two's complement (and sign extended) to avoid over/underflow in the pre-add stage.
Related violations: <none>

REQP-1725#3 Advisory
DSP_Abus_sign_bit_alert  
design_1_i/conv2d_stream_0/inst/grp_conv2d_stream_Pipeline_VITIS_LOOP_68_3_mainLoop_cols_fu_367/fadd_32ns_32ns_32_5_full_dsp_1_U53/conv2d_stream_fadd_32ns_32ns_32_5_full_dsp_1_ip_u/inst/i_synth/ADDSUB_OP.ADDSUB/DSP.OP/DSP48E1_BODY.ALIGN_ADD/DSP2/i_no_versal_es1_workaround.DSP: When using the PreAdder and USE_DPORT is TRUE, the A operand should be restricted to 24 bit two's complement (and sign extended) to avoid over/underflow in the pre-add stage.
Related violations: <none>

REQP-1725#4 Advisory
DSP_Abus_sign_bit_alert  
design_1_i/conv2d_stream_0/inst/grp_conv2d_stream_Pipeline_VITIS_LOOP_68_3_mainLoop_cols_fu_367/fadd_32ns_32ns_32_5_full_dsp_1_U54/conv2d_stream_fadd_32ns_32ns_32_5_full_dsp_1_ip_u/inst/i_synth/ADDSUB_OP.ADDSUB/DSP.OP/DSP48E1_BODY.ALIGN_ADD/DSP2/i_no_versal_es1_workaround.DSP: When using the PreAdder and USE_DPORT is TRUE, the A operand should be restricted to 24 bit two's complement (and sign extended) to avoid over/underflow in the pre-add stage.
Related violations: <none>

REQP-1725#5 Advisory
DSP_Abus_sign_bit_alert  
design_1_i/conv2d_stream_0/inst/grp_conv2d_stream_Pipeline_VITIS_LOOP_68_3_mainLoop_cols_fu_367/fadd_32ns_32ns_32_5_full_dsp_1_U55/conv2d_stream_fadd_32ns_32ns_32_5_full_dsp_1_ip_u/inst/i_synth/ADDSUB_OP.ADDSUB/DSP.OP/DSP48E1_BODY.ALIGN_ADD/DSP2/i_no_versal_es1_workaround.DSP: When using the PreAdder and USE_DPORT is TRUE, the A operand should be restricted to 24 bit two's complement (and sign extended) to avoid over/underflow in the pre-add stage.
Related violations: <none>

REQP-1725#6 Advisory
DSP_Abus_sign_bit_alert  
design_1_i/conv2d_stream_0/inst/grp_conv2d_stream_Pipeline_VITIS_LOOP_68_3_mainLoop_cols_fu_367/fadd_32ns_32ns_32_5_full_dsp_1_U56/conv2d_stream_fadd_32ns_32ns_32_5_full_dsp_1_ip_u/inst/i_synth/ADDSUB_OP.ADDSUB/DSP.OP/DSP48E1_BODY.ALIGN_ADD/DSP2/i_no_versal_es1_workaround.DSP: When using the PreAdder and USE_DPORT is TRUE, the A operand should be restricted to 24 bit two's complement (and sign extended) to avoid over/underflow in the pre-add stage.
Related violations: <none>

REQP-1725#7 Advisory
DSP_Abus_sign_bit_alert  
design_1_i/conv2d_stream_0/inst/grp_conv2d_stream_Pipeline_VITIS_LOOP_68_3_mainLoop_cols_fu_367/fadd_32ns_32ns_32_5_full_dsp_1_U57/conv2d_stream_fadd_32ns_32ns_32_5_full_dsp_1_ip_u/inst/i_synth/ADDSUB_OP.ADDSUB/DSP.OP/DSP48E1_BODY.ALIGN_ADD/DSP2/i_no_versal_es1_workaround.DSP: When using the PreAdder and USE_DPORT is TRUE, the A operand should be restricted to 24 bit two's complement (and sign extended) to avoid over/underflow in the pre-add stage.
Related violations: <none>

REQP-1725#8 Advisory
DSP_Abus_sign_bit_alert  
design_1_i/conv2d_stream_0/inst/grp_conv2d_stream_Pipeline_VITIS_LOOP_68_3_mainLoop_cols_fu_367/fadd_32ns_32ns_32_5_full_dsp_1_U58/conv2d_stream_fadd_32ns_32ns_32_5_full_dsp_1_ip_u/inst/i_synth/ADDSUB_OP.ADDSUB/DSP.OP/DSP48E1_BODY.ALIGN_ADD/DSP2/i_no_versal_es1_workaround.DSP: When using the PreAdder and USE_DPORT is TRUE, the A operand should be restricted to 24 bit two's complement (and sign extended) to avoid over/underflow in the pre-add stage.
Related violations: <none>

REQP-1725#9 Advisory
DSP_Abus_sign_bit_alert  
design_1_i/conv2d_stream_0/inst/grp_conv2d_stream_Pipeline_VITIS_LOOP_68_3_mainLoop_cols_fu_367/fadd_32ns_32ns_32_5_full_dsp_1_U59/conv2d_stream_fadd_32ns_32ns_32_5_full_dsp_1_ip_u/inst/i_synth/ADDSUB_OP.ADDSUB/DSP.OP/DSP48E1_BODY.ALIGN_ADD/DSP2/i_no_versal_es1_workaround.DSP: When using the PreAdder and USE_DPORT is TRUE, the A operand should be restricted to 24 bit two's complement (and sign extended) to avoid over/underflow in the pre-add stage.
Related violations: <none>

REQP-1725#10 Advisory
DSP_Abus_sign_bit_alert  
design_1_i/conv2d_stream_0/inst/grp_conv2d_stream_Pipeline_VITIS_LOOP_68_3_mainLoop_cols_fu_367/fadd_32ns_32ns_32_5_full_dsp_1_U60/conv2d_stream_fadd_32ns_32ns_32_5_full_dsp_1_ip_u/inst/i_synth/ADDSUB_OP.ADDSUB/DSP.OP/DSP48E1_BODY.ALIGN_ADD/DSP2/i_no_versal_es1_workaround.DSP: When using the PreAdder and USE_DPORT is TRUE, the A operand should be restricted to 24 bit two's complement (and sign extended) to avoid over/underflow in the pre-add stage.
Related violations: <none>

REQP-1725#11 Advisory
DSP_Abus_sign_bit_alert  
design_1_i/conv2d_stream_0/inst/grp_conv2d_stream_Pipeline_VITIS_LOOP_68_3_mainLoop_cols_fu_367/fadd_32ns_32ns_32_5_full_dsp_1_U61/conv2d_stream_fadd_32ns_32ns_32_5_full_dsp_1_ip_u/inst/i_synth/ADDSUB_OP.ADDSUB/DSP.OP/DSP48E1_BODY.ALIGN_ADD/DSP2/i_no_versal_es1_workaround.DSP: When using the PreAdder and USE_DPORT is TRUE, the A operand should be restricted to 24 bit two's complement (and sign extended) to avoid over/underflow in the pre-add stage.
Related violations: <none>

REQP-1725#12 Advisory
DSP_Abus_sign_bit_alert  
design_1_i/conv2d_stream_0/inst/grp_conv2d_stream_Pipeline_VITIS_LOOP_68_3_mainLoop_cols_fu_367/fadd_32ns_32ns_32_5_full_dsp_1_U62/conv2d_stream_fadd_32ns_32ns_32_5_full_dsp_1_ip_u/inst/i_synth/ADDSUB_OP.ADDSUB/DSP.OP/DSP48E1_BODY.ALIGN_ADD/DSP2/i_no_versal_es1_workaround.DSP: When using the PreAdder and USE_DPORT is TRUE, the A operand should be restricted to 24 bit two's complement (and sign extended) to avoid over/underflow in the pre-add stage.
Related violations: <none>

REQP-1725#13 Advisory
DSP_Abus_sign_bit_alert  
design_1_i/conv2d_stream_0/inst/grp_conv2d_stream_Pipeline_VITIS_LOOP_68_3_mainLoop_cols_fu_367/fadd_32ns_32ns_32_5_full_dsp_1_U63/conv2d_stream_fadd_32ns_32ns_32_5_full_dsp_1_ip_u/inst/i_synth/ADDSUB_OP.ADDSUB/DSP.OP/DSP48E1_BODY.ALIGN_ADD/DSP2/i_no_versal_es1_workaround.DSP: When using the PreAdder and USE_DPORT is TRUE, the A operand should be restricted to 24 bit two's complement (and sign extended) to avoid over/underflow in the pre-add stage.
Related violations: <none>

REQP-1725#14 Advisory
DSP_Abus_sign_bit_alert  
design_1_i/conv2d_stream_0/inst/grp_conv2d_stream_Pipeline_VITIS_LOOP_68_3_mainLoop_cols_fu_367/fadd_32ns_32ns_32_5_full_dsp_1_U64/conv2d_stream_fadd_32ns_32ns_32_5_full_dsp_1_ip_u/inst/i_synth/ADDSUB_OP.ADDSUB/DSP.OP/DSP48E1_BODY.ALIGN_ADD/DSP2/i_no_versal_es1_workaround.DSP: When using the PreAdder and USE_DPORT is TRUE, the A operand should be restricted to 24 bit two's complement (and sign extended) to avoid over/underflow in the pre-add stage.
Related violations: <none>

REQP-1725#15 Advisory
DSP_Abus_sign_bit_alert  
design_1_i/conv2d_stream_0/inst/grp_conv2d_stream_Pipeline_VITIS_LOOP_68_3_mainLoop_cols_fu_367/fadd_32ns_32ns_32_5_full_dsp_1_U65/conv2d_stream_fadd_32ns_32ns_32_5_full_dsp_1_ip_u/inst/i_synth/ADDSUB_OP.ADDSUB/DSP.OP/DSP48E1_BODY.ALIGN_ADD/DSP2/i_no_versal_es1_workaround.DSP: When using the PreAdder and USE_DPORT is TRUE, the A operand should be restricted to 24 bit two's complement (and sign extended) to avoid over/underflow in the pre-add stage.
Related violations: <none>

REQP-1725#16 Advisory
DSP_Abus_sign_bit_alert  
design_1_i/conv2d_stream_0/inst/grp_conv2d_stream_Pipeline_VITIS_LOOP_68_3_mainLoop_cols_fu_367/fadd_32ns_32ns_32_5_full_dsp_1_U66/conv2d_stream_fadd_32ns_32ns_32_5_full_dsp_1_ip_u/inst/i_synth/ADDSUB_OP.ADDSUB/DSP.OP/DSP48E1_BODY.ALIGN_ADD/DSP2/i_no_versal_es1_workaround.DSP: When using the PreAdder and USE_DPORT is TRUE, the A operand should be restricted to 24 bit two's complement (and sign extended) to avoid over/underflow in the pre-add stage.
Related violations: <none>

REQP-1725#17 Advisory
DSP_Abus_sign_bit_alert  
design_1_i/conv2d_stream_0/inst/grp_conv2d_stream_Pipeline_VITIS_LOOP_68_3_mainLoop_cols_fu_367/fadd_32ns_32ns_32_5_full_dsp_1_U67/conv2d_stream_fadd_32ns_32ns_32_5_full_dsp_1_ip_u/inst/i_synth/ADDSUB_OP.ADDSUB/DSP.OP/DSP48E1_BODY.ALIGN_ADD/DSP2/i_no_versal_es1_workaround.DSP: When using the PreAdder and USE_DPORT is TRUE, the A operand should be restricted to 24 bit two's complement (and sign extended) to avoid over/underflow in the pre-add stage.
Related violations: <none>

REQP-1725#18 Advisory
DSP_Abus_sign_bit_alert  
design_1_i/conv2d_stream_0/inst/grp_conv2d_stream_Pipeline_VITIS_LOOP_68_3_mainLoop_cols_fu_367/fadd_32ns_32ns_32_5_full_dsp_1_U68/conv2d_stream_fadd_32ns_32ns_32_5_full_dsp_1_ip_u/inst/i_synth/ADDSUB_OP.ADDSUB/DSP.OP/DSP48E1_BODY.ALIGN_ADD/DSP2/i_no_versal_es1_workaround.DSP: When using the PreAdder and USE_DPORT is TRUE, the A operand should be restricted to 24 bit two's complement (and sign extended) to avoid over/underflow in the pre-add stage.
Related violations: <none>

REQP-1725#19 Advisory
DSP_Abus_sign_bit_alert  
design_1_i/conv2d_stream_0/inst/grp_conv2d_stream_Pipeline_VITIS_LOOP_68_3_mainLoop_cols_fu_367/fadd_32ns_32ns_32_5_full_dsp_1_U69/conv2d_stream_fadd_32ns_32ns_32_5_full_dsp_1_ip_u/inst/i_synth/ADDSUB_OP.ADDSUB/DSP.OP/DSP48E1_BODY.ALIGN_ADD/DSP2/i_no_versal_es1_workaround.DSP: When using the PreAdder and USE_DPORT is TRUE, the A operand should be restricted to 24 bit two's complement (and sign extended) to avoid over/underflow in the pre-add stage.
Related violations: <none>

REQP-1725#20 Advisory
DSP_Abus_sign_bit_alert  
design_1_i/conv2d_stream_0/inst/grp_conv2d_stream_Pipeline_VITIS_LOOP_68_3_mainLoop_cols_fu_367/fadd_32ns_32ns_32_5_full_dsp_1_U70/conv2d_stream_fadd_32ns_32ns_32_5_full_dsp_1_ip_u/inst/i_synth/ADDSUB_OP.ADDSUB/DSP.OP/DSP48E1_BODY.ALIGN_ADD/DSP2/i_no_versal_es1_workaround.DSP: When using the PreAdder and USE_DPORT is TRUE, the A operand should be restricted to 24 bit two's complement (and sign extended) to avoid over/underflow in the pre-add stage.
Related violations: <none>

REQP-1725#21 Advisory
DSP_Abus_sign_bit_alert  
design_1_i/conv2d_stream_0/inst/grp_conv2d_stream_Pipeline_VITIS_LOOP_68_3_mainLoop_cols_fu_367/fadd_32ns_32ns_32_5_full_dsp_1_U71/conv2d_stream_fadd_32ns_32ns_32_5_full_dsp_1_ip_u/inst/i_synth/ADDSUB_OP.ADDSUB/DSP.OP/DSP48E1_BODY.ALIGN_ADD/DSP2/i_no_versal_es1_workaround.DSP: When using the PreAdder and USE_DPORT is TRUE, the A operand should be restricted to 24 bit two's complement (and sign extended) to avoid over/underflow in the pre-add stage.
Related violations: <none>

REQP-1725#22 Advisory
DSP_Abus_sign_bit_alert  
design_1_i/conv2d_stream_0/inst/grp_conv2d_stream_Pipeline_VITIS_LOOP_68_3_mainLoop_cols_fu_367/fadd_32ns_32ns_32_5_full_dsp_1_U72/conv2d_stream_fadd_32ns_32ns_32_5_full_dsp_1_ip_u/inst/i_synth/ADDSUB_OP.ADDSUB/DSP.OP/DSP48E1_BODY.ALIGN_ADD/DSP2/i_no_versal_es1_workaround.DSP: When using the PreAdder and USE_DPORT is TRUE, the A operand should be restricted to 24 bit two's complement (and sign extended) to avoid over/underflow in the pre-add stage.
Related violations: <none>

REQP-1725#23 Advisory
DSP_Abus_sign_bit_alert  
design_1_i/conv2d_stream_0/inst/grp_conv2d_stream_Pipeline_VITIS_LOOP_68_3_mainLoop_cols_fu_367/fadd_32ns_32ns_32_5_full_dsp_1_U73/conv2d_stream_fadd_32ns_32ns_32_5_full_dsp_1_ip_u/inst/i_synth/ADDSUB_OP.ADDSUB/DSP.OP/DSP48E1_BODY.ALIGN_ADD/DSP2/i_no_versal_es1_workaround.DSP: When using the PreAdder and USE_DPORT is TRUE, the A operand should be restricted to 24 bit two's complement (and sign extended) to avoid over/underflow in the pre-add stage.
Related violations: <none>

REQP-1725#24 Advisory
DSP_Abus_sign_bit_alert  
design_1_i/conv2d_stream_0/inst/grp_conv2d_stream_Pipeline_VITIS_LOOP_68_3_mainLoop_cols_fu_367/fadd_32ns_32ns_32_5_full_dsp_1_U74/conv2d_stream_fadd_32ns_32ns_32_5_full_dsp_1_ip_u/inst/i_synth/ADDSUB_OP.ADDSUB/DSP.OP/DSP48E1_BODY.ALIGN_ADD/DSP2/i_no_versal_es1_workaround.DSP: When using the PreAdder and USE_DPORT is TRUE, the A operand should be restricted to 24 bit two's complement (and sign extended) to avoid over/underflow in the pre-add stage.
Related violations: <none>

REQP-1725#25 Advisory
DSP_Abus_sign_bit_alert  
design_1_i/conv2d_stream_0/inst/grp_conv2d_stream_Pipeline_VITIS_LOOP_68_3_mainLoop_cols_fu_367/fadd_32ns_32ns_32_5_full_dsp_1_U75/conv2d_stream_fadd_32ns_32ns_32_5_full_dsp_1_ip_u/inst/i_synth/ADDSUB_OP.ADDSUB/DSP.OP/DSP48E1_BODY.ALIGN_ADD/DSP2/i_no_versal_es1_workaround.DSP: When using the PreAdder and USE_DPORT is TRUE, the A operand should be restricted to 24 bit two's complement (and sign extended) to avoid over/underflow in the pre-add stage.
Related violations: <none>


