Copyright 1986-2021 Xilinx, Inc. All Rights Reserved.
-----------------------------------------------------------------------------------------------------------------------------------------------------------------------------------------------------------------------
| Tool Version : Vivado v.2021.1 (lin64) Build 3247384 Thu Jun 10 19:36:07 MDT 2021
| Date         : Sun May  3 12:46:53 2026
| Host         : ielab079 running 64-bit Ubuntu 22.04.5 LTS
| Command      : report_timing_summary -max_paths 10 -file design_1_wrapper_timing_summary_routed.rpt -pb design_1_wrapper_timing_summary_routed.pb -rpx design_1_wrapper_timing_summary_routed.rpx -warn_on_violation
| Design       : design_1_wrapper
| Device       : 7z020-clg400
| Speed File   : -1  PRODUCTION 1.12 2019-11-22
-----------------------------------------------------------------------------------------------------------------------------------------------------------------------------------------------------------------------

Timing Summary Report

------------------------------------------------------------------------------------------------
| Timer Settings
| --------------
------------------------------------------------------------------------------------------------

  Enable Multi Corner Analysis               :  Yes
  Enable Pessimism Removal                   :  Yes
  Pessimism Removal Resolution               :  Nearest Common Node
  Enable Input Delay Default Clock           :  No
  Enable Preset / Clear Arcs                 :  No
  Disable Flight Delays                      :  No
  Ignore I/O Paths                           :  No
  Timing Early Launch at Borrowing Latches   :  No
  Borrow Time for Max Delay Exceptions       :  Yes
  Merge Timing Exceptions                    :  Yes

  Corner  Analyze    Analyze    
  Name    Max Paths  Min Paths  
  ------  ---------  ---------  
  Slow    Yes        Yes        
  Fast    Yes        Yes        


------------------------------------------------------------------------------------------------
| Report Methodology
| ------------------
------------------------------------------------------------------------------------------------

Rule     Severity  Description                   Violations  
-------  --------  ----------------------------  ----------  
LUTAR-1  Warning   LUT drives async reset alert  3           

Note: This report is based on the most recent report_methodology run and may not be up-to-date. Run report_methodology on the current design for the latest report.



check_timing report

Table of Contents
-----------------
1. checking no_clock (0)
2. checking constant_clock (0)
3. checking pulse_width_clock (0)
4. checking unconstrained_internal_endpoints (0)
5. checking no_input_delay (0)
6. checking no_output_delay (0)
7. checking multiple_clock (0)
8. checking generated_clocks (0)
9. checking loops (0)
10. checking partial_input_delay (0)
11. checking partial_output_delay (0)
12. checking latch_loops (0)

1. checking no_clock (0)
------------------------
 There are 0 register/latch pins with no clock.


2. checking constant_clock (0)
------------------------------
 There are 0 register/latch pins with constant_clock.


3. checking pulse_width_clock (0)
---------------------------------
 There are 0 register/latch pins which need pulse_width check


4. checking unconstrained_internal_endpoints (0)
------------------------------------------------
 There are 0 pins that are not constrained for maximum delay.

 There are 0 pins that are not constrained for maximum delay due to constant clock.


5. checking no_input_delay (0)
------------------------------
 There are 0 input ports with no input delay specified.

 There are 0 input ports with no input delay but user has a false path constraint.


6. checking no_output_delay (0)
-------------------------------
 There are 0 ports with no output delay specified.

 There are 0 ports with no output delay but user has a false path constraint

 There are 0 ports with no output delay but with a timing clock defined on it or propagating through it


7. checking multiple_clock (0)
------------------------------
 There are 0 register/latch pins with multiple clocks.


8. checking generated_clocks (0)
--------------------------------
 There are 0 generated clocks that are not connected to a clock source.


9. checking loops (0)
---------------------
 There are 0 combinational loops in the design.


10. checking partial_input_delay (0)
------------------------------------
 There are 0 input ports with partial input delay specified.


11. checking partial_output_delay (0)
-------------------------------------
 There are 0 ports with partial output delay specified.


12. checking latch_loops (0)
----------------------------
 There are 0 combinational latch loops in the design through latch input



------------------------------------------------------------------------------------------------
| Design Timing Summary
| ---------------------
------------------------------------------------------------------------------------------------

    WNS(ns)      TNS(ns)  TNS Failing Endpoints  TNS Total Endpoints      WHS(ns)      THS(ns)  THS Failing Endpoints  THS Total Endpoints     WPWS(ns)     TPWS(ns)  TPWS Failing Endpoints  TPWS Total Endpoints  
    -------      -------  ---------------------  -------------------      -------      -------  ---------------------  -------------------     --------     --------  ----------------------  --------------------  
      4.592        0.000                      0                43460        0.018        0.000                      0                43460        8.750        0.000                       0                 17941  


All user specified timing constraints are met.


------------------------------------------------------------------------------------------------
| Clock Summary
| -------------
------------------------------------------------------------------------------------------------

Clock       Waveform(ns)       Period(ns)      Frequency(MHz)
-----       ------------       ----------      --------------
clk_fpga_0  {0.000 10.000}     20.000          50.000          


------------------------------------------------------------------------------------------------
| Intra Clock Table
| -----------------
------------------------------------------------------------------------------------------------

Clock             WNS(ns)      TNS(ns)  TNS Failing Endpoints  TNS Total Endpoints      WHS(ns)      THS(ns)  THS Failing Endpoints  THS Total Endpoints     WPWS(ns)     TPWS(ns)  TPWS Failing Endpoints  TPWS Total Endpoints  
-----             -------      -------  ---------------------  -------------------      -------      -------  ---------------------  -------------------     --------     --------  ----------------------  --------------------  
clk_fpga_0          4.592        0.000                      0                43364        0.018        0.000                      0                43364        8.750        0.000                       0                 17941  


------------------------------------------------------------------------------------------------
| Inter Clock Table
| -----------------
------------------------------------------------------------------------------------------------

From Clock    To Clock          WNS(ns)      TNS(ns)  TNS Failing Endpoints  TNS Total Endpoints      WHS(ns)      THS(ns)  THS Failing Endpoints  THS Total Endpoints  
----------    --------          -------      -------  ---------------------  -------------------      -------      -------  ---------------------  -------------------  


------------------------------------------------------------------------------------------------
| Other Path Groups Table
| -----------------------
------------------------------------------------------------------------------------------------

Path Group         From Clock         To Clock               WNS(ns)      TNS(ns)  TNS Failing Endpoints  TNS Total Endpoints      WHS(ns)      THS(ns)  THS Failing Endpoints  THS Total Endpoints  
----------         ----------         --------               -------      -------  ---------------------  -------------------      -------      -------  ---------------------  -------------------  
**async_default**  clk_fpga_0         clk_fpga_0              16.240        0.000                      0                   96        0.646        0.000                      0                   96  


------------------------------------------------------------------------------------------------
| Timing Details
| --------------
------------------------------------------------------------------------------------------------


---------------------------------------------------------------------------------------------------
From Clock:  clk_fpga_0
  To Clock:  clk_fpga_0

Setup :            0  Failing Endpoints,  Worst Slack        4.592ns,  Total Violation        0.000ns
Hold  :            0  Failing Endpoints,  Worst Slack        0.018ns,  Total Violation        0.000ns
PW    :            0  Failing Endpoints,  Worst Slack        8.750ns,  Total Violation        0.000ns
---------------------------------------------------------------------------------------------------


Max Delay Paths
--------------------------------------------------------------------------------------
Slack (MET) :             4.592ns  (required time - arrival time)
  Source:                 design_1_i/conv2d_stream_0/inst/grp_conv2d_stream_Pipeline_VITIS_LOOP_68_3_mainLoop_cols_fu_367/pj_fu_218_reg[2]/C
                            (rising edge-triggered cell FDRE clocked by clk_fpga_0  {rise@0.000ns fall@10.000ns period=20.000ns})
  Destination:            design_1_i/conv2d_stream_0/inst/grp_conv2d_stream_Pipeline_VITIS_LOOP_68_3_mainLoop_cols_fu_367/window_4_3_fu_298_reg[31]/R
                            (rising edge-triggered cell FDRE clocked by clk_fpga_0  {rise@0.000ns fall@10.000ns period=20.000ns})
  Path Group:             clk_fpga_0
  Path Type:              Setup (Max at Slow Process Corner)
  Requirement:            20.000ns  (clk_fpga_0 rise@20.000ns - clk_fpga_0 rise@0.000ns)
  Data Path Delay:        14.298ns  (logic 3.586ns (25.081%)  route 10.712ns (74.919%))
  Logic Levels:           13  (CARRY4=6 LUT3=3 LUT5=1 LUT6=3)
  Clock Path Skew:        -0.082ns (DCD - SCD + CPR)
    Destination Clock Delay (DCD):    2.745ns = ( 22.746 - 20.000 ) 
    Source Clock Delay      (SCD):    2.942ns
    Clock Pessimism Removal (CPR):    0.115ns
  Clock Uncertainty:      0.302ns  ((TSJ^2 + TIJ^2)^1/2 + DJ) / 2 + PE
    Total System Jitter     (TSJ):    0.071ns
    Total Input Jitter      (TIJ):    0.600ns
    Discrete Jitter          (DJ):    0.000ns
    Phase Error              (PE):    0.000ns

    Location             Delay type                Incr(ns)  Path(ns)    Netlist Resource(s)
  -------------------------------------------------------------------    -------------------
                         (clock clk_fpga_0 rise edge)
                                                      0.000     0.000 r  
    PS7_X0Y0             PS7                          0.000     0.000 r  design_1_i/processing_system7_0/inst/PS7_i/FCLKCLK[0]
                         net (fo=1, routed)           1.193     1.193    design_1_i/processing_system7_0/inst/FCLK_CLK_unbuffered[0]
    BUFGCTRL_X0Y16       BUFG (Prop_bufg_I_O)         0.101     1.294 r  design_1_i/processing_system7_0/inst/buffer_fclk_clk_0.FCLK_CLK_0_BUFG/O
                         net (fo=18046, routed)       1.648     2.942    design_1_i/conv2d_stream_0/inst/grp_conv2d_stream_Pipeline_VITIS_LOOP_68_3_mainLoop_cols_fu_367/ap_clk
    SLICE_X38Y62         FDRE                                         r  design_1_i/conv2d_stream_0/inst/grp_conv2d_stream_Pipeline_VITIS_LOOP_68_3_mainLoop_cols_fu_367/pj_fu_218_reg[2]/C
  -------------------------------------------------------------------    -------------------
    SLICE_X38Y62         FDRE (Prop_fdre_C_Q)         0.478     3.420 r  design_1_i/conv2d_stream_0/inst/grp_conv2d_stream_Pipeline_VITIS_LOOP_68_3_mainLoop_cols_fu_367/pj_fu_218_reg[2]/Q
                         net (fo=11, routed)          1.929     5.349    design_1_i/conv2d_stream_0/inst/grp_conv2d_stream_Pipeline_VITIS_LOOP_68_3_mainLoop_cols_fu_367/fadd_32ns_32ns_32_5_full_dsp_1_U52/Q[2]
    SLICE_X37Y94         LUT6 (Prop_lut6_I1_O)        0.295     5.644 r  design_1_i/conv2d_stream_0/inst/grp_conv2d_stream_Pipeline_VITIS_LOOP_68_3_mainLoop_cols_fu_367/fadd_32ns_32ns_32_5_full_dsp_1_U52/pj_fu_218[7]_i_18/O
                         net (fo=1, routed)           0.000     5.644    design_1_i/conv2d_stream_0/inst/grp_conv2d_stream_Pipeline_VITIS_LOOP_68_3_mainLoop_cols_fu_367/fadd_32ns_32ns_32_5_full_dsp_1_U52/pj_fu_218[7]_i_18_n_2
    SLICE_X37Y94         CARRY4 (Prop_carry4_S[0]_CO[3])
                                                      0.532     6.176 r  design_1_i/conv2d_stream_0/inst/grp_conv2d_stream_Pipeline_VITIS_LOOP_68_3_mainLoop_cols_fu_367/fadd_32ns_32ns_32_5_full_dsp_1_U52/pj_fu_218_reg[7]_i_10/CO[3]
                         net (fo=1, routed)           0.000     6.176    design_1_i/conv2d_stream_0/inst/grp_conv2d_stream_Pipeline_VITIS_LOOP_68_3_mainLoop_cols_fu_367/fadd_32ns_32ns_32_5_full_dsp_1_U52/pj_fu_218_reg[7]_i_10_n_2
    SLICE_X37Y95         CARRY4 (Prop_carry4_CI_CO[3])
                                                      0.114     6.290 r  design_1_i/conv2d_stream_0/inst/grp_conv2d_stream_Pipeline_VITIS_LOOP_68_3_mainLoop_cols_fu_367/fadd_32ns_32ns_32_5_full_dsp_1_U52/pj_fu_218_reg[7]_i_6/CO[3]
                         net (fo=1, routed)           0.000     6.290    design_1_i/conv2d_stream_0/inst/grp_conv2d_stream_Pipeline_VITIS_LOOP_68_3_mainLoop_cols_fu_367/fadd_32ns_32ns_32_5_full_dsp_1_U52/pj_fu_218_reg[7]_i_6_n_2
    SLICE_X37Y96         CARRY4 (Prop_carry4_CI_CO[2])
                                                      0.228     6.518 r  design_1_i/conv2d_stream_0/inst/grp_conv2d_stream_Pipeline_VITIS_LOOP_68_3_mainLoop_cols_fu_367/fadd_32ns_32ns_32_5_full_dsp_1_U52/pj_fu_218_reg[7]_i_5/CO[2]
                         net (fo=30, routed)          1.908     8.426    design_1_i/conv2d_stream_0/inst/grp_conv2d_stream_Pipeline_VITIS_LOOP_68_3_mainLoop_cols_fu_367/fadd_32ns_32ns_32_5_full_dsp_1_U52/CO[0]
    SLICE_X39Y60         LUT3 (Prop_lut3_I0_O)        0.339     8.765 r  design_1_i/conv2d_stream_0/inst/grp_conv2d_stream_Pipeline_VITIS_LOOP_68_3_mainLoop_cols_fu_367/fadd_32ns_32ns_32_5_full_dsp_1_U52/and_ln79_1_reg_2331[0]_i_4/O
                         net (fo=27, routed)          0.779     9.544    design_1_i/conv2d_stream_0/inst/grp_conv2d_stream_Pipeline_VITIS_LOOP_68_3_mainLoop_cols_fu_367/fadd_32ns_32ns_32_5_full_dsp_1_U52/pj_fu_218_reg[7]
    SLICE_X40Y64         LUT3 (Prop_lut3_I0_O)        0.332     9.876 r  design_1_i/conv2d_stream_0/inst/grp_conv2d_stream_Pipeline_VITIS_LOOP_68_3_mainLoop_cols_fu_367/fadd_32ns_32ns_32_5_full_dsp_1_U52/and_ln79_1_reg_2331[0]_i_65/O
                         net (fo=1, routed)           0.000     9.876    design_1_i/conv2d_stream_0/inst/grp_conv2d_stream_Pipeline_VITIS_LOOP_68_3_mainLoop_cols_fu_367/fadd_32ns_32ns_32_5_full_dsp_1_U52/and_ln79_1_reg_2331[0]_i_65_n_2
    SLICE_X40Y64         CARRY4 (Prop_carry4_S[1]_CO[3])
                                                      0.550    10.426 r  design_1_i/conv2d_stream_0/inst/grp_conv2d_stream_Pipeline_VITIS_LOOP_68_3_mainLoop_cols_fu_367/fadd_32ns_32ns_32_5_full_dsp_1_U52/and_ln79_1_reg_2331_reg[0]_i_35/CO[3]
                         net (fo=1, routed)           0.000    10.426    design_1_i/conv2d_stream_0/inst/grp_conv2d_stream_Pipeline_VITIS_LOOP_68_3_mainLoop_cols_fu_367/fadd_32ns_32ns_32_5_full_dsp_1_U52/and_ln79_1_reg_2331_reg[0]_i_35_n_2
    SLICE_X40Y65         CARRY4 (Prop_carry4_CI_CO[3])
                                                      0.114    10.540 r  design_1_i/conv2d_stream_0/inst/grp_conv2d_stream_Pipeline_VITIS_LOOP_68_3_mainLoop_cols_fu_367/fadd_32ns_32ns_32_5_full_dsp_1_U52/and_ln79_1_reg_2331_reg[0]_i_12/CO[3]
                         net (fo=1, routed)           0.000    10.540    design_1_i/conv2d_stream_0/inst/grp_conv2d_stream_Pipeline_VITIS_LOOP_68_3_mainLoop_cols_fu_367/fadd_32ns_32ns_32_5_full_dsp_1_U52/and_ln79_1_reg_2331_reg[0]_i_12_n_2
    SLICE_X40Y66         CARRY4 (Prop_carry4_CI_CO[3])
                                                      0.114    10.654 f  design_1_i/conv2d_stream_0/inst/grp_conv2d_stream_Pipeline_VITIS_LOOP_68_3_mainLoop_cols_fu_367/fadd_32ns_32ns_32_5_full_dsp_1_U52/and_ln79_1_reg_2331_reg[0]_i_7/CO[3]
                         net (fo=4, routed)           1.136    11.790    design_1_i/conv2d_stream_0/inst/grp_conv2d_stream_Pipeline_VITIS_LOOP_68_3_mainLoop_cols_fu_367/fadd_32ns_32ns_32_5_full_dsp_1_U52/cols_read_reg_673_reg[30][0]
    SLICE_X39Y59         LUT6 (Prop_lut6_I0_O)        0.124    11.914 r  design_1_i/conv2d_stream_0/inst/grp_conv2d_stream_Pipeline_VITIS_LOOP_68_3_mainLoop_cols_fu_367/fadd_32ns_32ns_32_5_full_dsp_1_U52/ce_r_i_2/O
                         net (fo=3, routed)           1.239    13.153    design_1_i/conv2d_stream_0/inst/grp_conv2d_stream_Pipeline_VITIS_LOOP_68_3_mainLoop_cols_fu_367/fadd_32ns_32ns_32_5_full_dsp_1_U52/pj_fu_218_reg[7]_0
    SLICE_X37Y42         LUT5 (Prop_lut5_I0_O)        0.124    13.277 r  design_1_i/conv2d_stream_0/inst/grp_conv2d_stream_Pipeline_VITIS_LOOP_68_3_mainLoop_cols_fu_367/fadd_32ns_32ns_32_5_full_dsp_1_U52/ce_r_i_1/O
                         net (fo=6051, routed)        0.906    14.183    design_1_i/conv2d_stream_0/inst/grp_conv2d_stream_Pipeline_VITIS_LOOP_68_3_mainLoop_cols_fu_367/flow_control_loop_pipe_sequential_init_U/grp_fu_741_ce
    SLICE_X41Y34         LUT6 (Prop_lut6_I5_O)        0.124    14.307 r  design_1_i/conv2d_stream_0/inst/grp_conv2d_stream_Pipeline_VITIS_LOOP_68_3_mainLoop_cols_fu_367/flow_control_loop_pipe_sequential_init_U/window_4_3_fu_298[31]_i_2/O
                         net (fo=132, routed)         1.496    15.802    design_1_i/conv2d_stream_0/inst/grp_conv2d_stream_Pipeline_VITIS_LOOP_68_3_mainLoop_cols_fu_367/flow_control_loop_pipe_sequential_init_U/window_4_1_4_fu_286
    SLICE_X28Y9          LUT3 (Prop_lut3_I0_O)        0.118    15.920 r  design_1_i/conv2d_stream_0/inst/grp_conv2d_stream_Pipeline_VITIS_LOOP_68_3_mainLoop_cols_fu_367/flow_control_loop_pipe_sequential_init_U/window_4_3_fu_298[31]_i_1/O
                         net (fo=32, routed)          1.319    17.240    design_1_i/conv2d_stream_0/inst/grp_conv2d_stream_Pipeline_VITIS_LOOP_68_3_mainLoop_cols_fu_367/flow_control_loop_pipe_sequential_init_U_n_267
    SLICE_X16Y22         FDRE                                         r  design_1_i/conv2d_stream_0/inst/grp_conv2d_stream_Pipeline_VITIS_LOOP_68_3_mainLoop_cols_fu_367/window_4_3_fu_298_reg[31]/R
  -------------------------------------------------------------------    -------------------

                         (clock clk_fpga_0 rise edge)
                                                     20.000    20.000 r  
    PS7_X0Y0             PS7                          0.000    20.000 r  design_1_i/processing_system7_0/inst/PS7_i/FCLKCLK[0]
                         net (fo=1, routed)           1.088    21.088    design_1_i/processing_system7_0/inst/FCLK_CLK_unbuffered[0]
    BUFGCTRL_X0Y16       BUFG (Prop_bufg_I_O)         0.091    21.179 r  design_1_i/processing_system7_0/inst/buffer_fclk_clk_0.FCLK_CLK_0_BUFG/O
                         net (fo=18046, routed)       1.566    22.746    design_1_i/conv2d_stream_0/inst/grp_conv2d_stream_Pipeline_VITIS_LOOP_68_3_mainLoop_cols_fu_367/ap_clk
    SLICE_X16Y22         FDRE                                         r  design_1_i/conv2d_stream_0/inst/grp_conv2d_stream_Pipeline_VITIS_LOOP_68_3_mainLoop_cols_fu_367/window_4_3_fu_298_reg[31]/C
                         clock pessimism              0.115    22.860    
                         clock uncertainty           -0.302    22.558    
    SLICE_X16Y22         FDRE (Setup_fdre_C_R)       -0.726    21.832    design_1_i/conv2d_stream_0/inst/grp_conv2d_stream_Pipeline_VITIS_LOOP_68_3_mainLoop_cols_fu_367/window_4_3_fu_298_reg[31]
  -------------------------------------------------------------------
                         required time                         21.832    
                         arrival time                         -17.240    
  -------------------------------------------------------------------
                         slack                                  4.592    

Slack (MET) :             4.592ns  (required time - arrival time)
  Source:                 design_1_i/conv2d_stream_0/inst/grp_conv2d_stream_Pipeline_VITIS_LOOP_68_3_mainLoop_cols_fu_367/pj_fu_218_reg[2]/C
                            (rising edge-triggered cell FDRE clocked by clk_fpga_0  {rise@0.000ns fall@10.000ns period=20.000ns})
  Destination:            design_1_i/conv2d_stream_0/inst/grp_conv2d_stream_Pipeline_VITIS_LOOP_68_3_mainLoop_cols_fu_367/window_4_3_fu_298_reg[8]/R
                            (rising edge-triggered cell FDRE clocked by clk_fpga_0  {rise@0.000ns fall@10.000ns period=20.000ns})
  Path Group:             clk_fpga_0
  Path Type:              Setup (Max at Slow Process Corner)
  Requirement:            20.000ns  (clk_fpga_0 rise@20.000ns - clk_fpga_0 rise@0.000ns)
  Data Path Delay:        14.298ns  (logic 3.586ns (25.081%)  route 10.712ns (74.919%))
  Logic Levels:           13  (CARRY4=6 LUT3=3 LUT5=1 LUT6=3)
  Clock Path Skew:        -0.082ns (DCD - SCD + CPR)
    Destination Clock Delay (DCD):    2.745ns = ( 22.746 - 20.000 ) 
    Source Clock Delay      (SCD):    2.942ns
    Clock Pessimism Removal (CPR):    0.115ns
  Clock Uncertainty:      0.302ns  ((TSJ^2 + TIJ^2)^1/2 + DJ) / 2 + PE
    Total System Jitter     (TSJ):    0.071ns
    Total Input Jitter      (TIJ):    0.600ns
    Discrete Jitter          (DJ):    0.000ns
    Phase Error              (PE):    0.000ns

    Location             Delay type                Incr(ns)  Path(ns)    Netlist Resource(s)
  -------------------------------------------------------------------    -------------------
                         (clock clk_fpga_0 rise edge)
                                                      0.000     0.000 r  
    PS7_X0Y0             PS7                          0.000     0.000 r  design_1_i/processing_system7_0/inst/PS7_i/FCLKCLK[0]
                         net (fo=1, routed)           1.193     1.193    design_1_i/processing_system7_0/inst/FCLK_CLK_unbuffered[0]
    BUFGCTRL_X0Y16       BUFG (Prop_bufg_I_O)         0.101     1.294 r  design_1_i/processing_system7_0/inst/buffer_fclk_clk_0.FCLK_CLK_0_BUFG/O
                         net (fo=18046, routed)       1.648     2.942    design_1_i/conv2d_stream_0/inst/grp_conv2d_stream_Pipeline_VITIS_LOOP_68_3_mainLoop_cols_fu_367/ap_clk
    SLICE_X38Y62         FDRE                                         r  design_1_i/conv2d_stream_0/inst/grp_conv2d_stream_Pipeline_VITIS_LOOP_68_3_mainLoop_cols_fu_367/pj_fu_218_reg[2]/C
  -------------------------------------------------------------------    -------------------
    SLICE_X38Y62         FDRE (Prop_fdre_C_Q)         0.478     3.420 r  design_1_i/conv2d_stream_0/inst/grp_conv2d_stream_Pipeline_VITIS_LOOP_68_3_mainLoop_cols_fu_367/pj_fu_218_reg[2]/Q
                         net (fo=11, routed)          1.929     5.349    design_1_i/conv2d_stream_0/inst/grp_conv2d_stream_Pipeline_VITIS_LOOP_68_3_mainLoop_cols_fu_367/fadd_32ns_32ns_32_5_full_dsp_1_U52/Q[2]
    SLICE_X37Y94         LUT6 (Prop_lut6_I1_O)        0.295     5.644 r  design_1_i/conv2d_stream_0/inst/grp_conv2d_stream_Pipeline_VITIS_LOOP_68_3_mainLoop_cols_fu_367/fadd_32ns_32ns_32_5_full_dsp_1_U52/pj_fu_218[7]_i_18/O
                         net (fo=1, routed)           0.000     5.644    design_1_i/conv2d_stream_0/inst/grp_conv2d_stream_Pipeline_VITIS_LOOP_68_3_mainLoop_cols_fu_367/fadd_32ns_32ns_32_5_full_dsp_1_U52/pj_fu_218[7]_i_18_n_2
    SLICE_X37Y94         CARRY4 (Prop_carry4_S[0]_CO[3])
                                                      0.532     6.176 r  design_1_i/conv2d_stream_0/inst/grp_conv2d_stream_Pipeline_VITIS_LOOP_68_3_mainLoop_cols_fu_367/fadd_32ns_32ns_32_5_full_dsp_1_U52/pj_fu_218_reg[7]_i_10/CO[3]
                         net (fo=1, routed)           0.000     6.176    design_1_i/conv2d_stream_0/inst/grp_conv2d_stream_Pipeline_VITIS_LOOP_68_3_mainLoop_cols_fu_367/fadd_32ns_32ns_32_5_full_dsp_1_U52/pj_fu_218_reg[7]_i_10_n_2
    SLICE_X37Y95         CARRY4 (Prop_carry4_CI_CO[3])
                                                      0.114     6.290 r  design_1_i/conv2d_stream_0/inst/grp_conv2d_stream_Pipeline_VITIS_LOOP_68_3_mainLoop_cols_fu_367/fadd_32ns_32ns_32_5_full_dsp_1_U52/pj_fu_218_reg[7]_i_6/CO[3]
                         net (fo=1, routed)           0.000     6.290    design_1_i/conv2d_stream_0/inst/grp_conv2d_stream_Pipeline_VITIS_LOOP_68_3_mainLoop_cols_fu_367/fadd_32ns_32ns_32_5_full_dsp_1_U52/pj_fu_218_reg[7]_i_6_n_2
    SLICE_X37Y96         CARRY4 (Prop_carry4_CI_CO[2])
                                                      0.228     6.518 r  design_1_i/conv2d_stream_0/inst/grp_conv2d_stream_Pipeline_VITIS_LOOP_68_3_mainLoop_cols_fu_367/fadd_32ns_32ns_32_5_full_dsp_1_U52/pj_fu_218_reg[7]_i_5/CO[2]
                         net (fo=30, routed)          1.908     8.426    design_1_i/conv2d_stream_0/inst/grp_conv2d_stream_Pipeline_VITIS_LOOP_68_3_mainLoop_cols_fu_367/fadd_32ns_32ns_32_5_full_dsp_1_U52/CO[0]
    SLICE_X39Y60         LUT3 (Prop_lut3_I0_O)        0.339     8.765 r  design_1_i/conv2d_stream_0/inst/grp_conv2d_stream_Pipeline_VITIS_LOOP_68_3_mainLoop_cols_fu_367/fadd_32ns_32ns_32_5_full_dsp_1_U52/and_ln79_1_reg_2331[0]_i_4/O
                         net (fo=27, routed)          0.779     9.544    design_1_i/conv2d_stream_0/inst/grp_conv2d_stream_Pipeline_VITIS_LOOP_68_3_mainLoop_cols_fu_367/fadd_32ns_32ns_32_5_full_dsp_1_U52/pj_fu_218_reg[7]
    SLICE_X40Y64         LUT3 (Prop_lut3_I0_O)        0.332     9.876 r  design_1_i/conv2d_stream_0/inst/grp_conv2d_stream_Pipeline_VITIS_LOOP_68_3_mainLoop_cols_fu_367/fadd_32ns_32ns_32_5_full_dsp_1_U52/and_ln79_1_reg_2331[0]_i_65/O
                         net (fo=1, routed)           0.000     9.876    design_1_i/conv2d_stream_0/inst/grp_conv2d_stream_Pipeline_VITIS_LOOP_68_3_mainLoop_cols_fu_367/fadd_32ns_32ns_32_5_full_dsp_1_U52/and_ln79_1_reg_2331[0]_i_65_n_2
    SLICE_X40Y64         CARRY4 (Prop_carry4_S[1]_CO[3])
                                                      0.550    10.426 r  design_1_i/conv2d_stream_0/inst/grp_conv2d_stream_Pipeline_VITIS_LOOP_68_3_mainLoop_cols_fu_367/fadd_32ns_32ns_32_5_full_dsp_1_U52/and_ln79_1_reg_2331_reg[0]_i_35/CO[3]
                         net (fo=1, routed)           0.000    10.426    design_1_i/conv2d_stream_0/inst/grp_conv2d_stream_Pipeline_VITIS_LOOP_68_3_mainLoop_cols_fu_367/fadd_32ns_32ns_32_5_full_dsp_1_U52/and_ln79_1_reg_2331_reg[0]_i_35_n_2
    SLICE_X40Y65         CARRY4 (Prop_carry4_CI_CO[3])
                                                      0.114    10.540 r  design_1_i/conv2d_stream_0/inst/grp_conv2d_stream_Pipeline_VITIS_LOOP_68_3_mainLoop_cols_fu_367/fadd_32ns_32ns_32_5_full_dsp_1_U52/and_ln79_1_reg_2331_reg[0]_i_12/CO[3]
                         net (fo=1, routed)           0.000    10.540    design_1_i/conv2d_stream_0/inst/grp_conv2d_stream_Pipeline_VITIS_LOOP_68_3_mainLoop_cols_fu_367/fadd_32ns_32ns_32_5_full_dsp_1_U52/and_ln79_1_reg_2331_reg[0]_i_12_n_2
    SLICE_X40Y66         CARRY4 (Prop_carry4_CI_CO[3])
                                                      0.114    10.654 f  design_1_i/conv2d_stream_0/inst/grp_conv2d_stream_Pipeline_VITIS_LOOP_68_3_mainLoop_cols_fu_367/fadd_32ns_32ns_32_5_full_dsp_1_U52/and_ln79_1_reg_2331_reg[0]_i_7/CO[3]
                         net (fo=4, routed)           1.136    11.790    design_1_i/conv2d_stream_0/inst/grp_conv2d_stream_Pipeline_VITIS_LOOP_68_3_mainLoop_cols_fu_367/fadd_32ns_32ns_32_5_full_dsp_1_U52/cols_read_reg_673_reg[30][0]
    SLICE_X39Y59         LUT6 (Prop_lut6_I0_O)        0.124    11.914 r  design_1_i/conv2d_stream_0/inst/grp_conv2d_stream_Pipeline_VITIS_LOOP_68_3_mainLoop_cols_fu_367/fadd_32ns_32ns_32_5_full_dsp_1_U52/ce_r_i_2/O
                         net (fo=3, routed)           1.239    13.153    design_1_i/conv2d_stream_0/inst/grp_conv2d_stream_Pipeline_VITIS_LOOP_68_3_mainLoop_cols_fu_367/fadd_32ns_32ns_32_5_full_dsp_1_U52/pj_fu_218_reg[7]_0
    SLICE_X37Y42         LUT5 (Prop_lut5_I0_O)        0.124    13.277 r  design_1_i/conv2d_stream_0/inst/grp_conv2d_stream_Pipeline_VITIS_LOOP_68_3_mainLoop_cols_fu_367/fadd_32ns_32ns_32_5_full_dsp_1_U52/ce_r_i_1/O
                         net (fo=6051, routed)        0.906    14.183    design_1_i/conv2d_stream_0/inst/grp_conv2d_stream_Pipeline_VITIS_LOOP_68_3_mainLoop_cols_fu_367/flow_control_loop_pipe_sequential_init_U/grp_fu_741_ce
    SLICE_X41Y34         LUT6 (Prop_lut6_I5_O)        0.124    14.307 r  design_1_i/conv2d_stream_0/inst/grp_conv2d_stream_Pipeline_VITIS_LOOP_68_3_mainLoop_cols_fu_367/flow_control_loop_pipe_sequential_init_U/window_4_3_fu_298[31]_i_2/O
                         net (fo=132, routed)         1.496    15.802    design_1_i/conv2d_stream_0/inst/grp_conv2d_stream_Pipeline_VITIS_LOOP_68_3_mainLoop_cols_fu_367/flow_control_loop_pipe_sequential_init_U/window_4_1_4_fu_286
    SLICE_X28Y9          LUT3 (Prop_lut3_I0_O)        0.118    15.920 r  design_1_i/conv2d_stream_0/inst/grp_conv2d_stream_Pipeline_VITIS_LOOP_68_3_mainLoop_cols_fu_367/flow_control_loop_pipe_sequential_init_U/window_4_3_fu_298[31]_i_1/O
                         net (fo=32, routed)          1.319    17.240    design_1_i/conv2d_stream_0/inst/grp_conv2d_stream_Pipeline_VITIS_LOOP_68_3_mainLoop_cols_fu_367/flow_control_loop_pipe_sequential_init_U_n_267
    SLICE_X16Y22         FDRE                                         r  design_1_i/conv2d_stream_0/inst/grp_conv2d_stream_Pipeline_VITIS_LOOP_68_3_mainLoop_cols_fu_367/window_4_3_fu_298_reg[8]/R
  -------------------------------------------------------------------    -------------------

                         (clock clk_fpga_0 rise edge)
                                                     20.000    20.000 r  
    PS7_X0Y0             PS7                          0.000    20.000 r  design_1_i/processing_system7_0/inst/PS7_i/FCLKCLK[0]
                         net (fo=1, routed)           1.088    21.088    design_1_i/processing_system7_0/inst/FCLK_CLK_unbuffered[0]
    BUFGCTRL_X0Y16       BUFG (Prop_bufg_I_O)         0.091    21.179 r  design_1_i/processing_system7_0/inst/buffer_fclk_clk_0.FCLK_CLK_0_BUFG/O
                         net (fo=18046, routed)       1.566    22.746    design_1_i/conv2d_stream_0/inst/grp_conv2d_stream_Pipeline_VITIS_LOOP_68_3_mainLoop_cols_fu_367/ap_clk
    SLICE_X16Y22         FDRE                                         r  design_1_i/conv2d_stream_0/inst/grp_conv2d_stream_Pipeline_VITIS_LOOP_68_3_mainLoop_cols_fu_367/window_4_3_fu_298_reg[8]/C
                         clock pessimism              0.115    22.860    
                         clock uncertainty           -0.302    22.558    
    SLICE_X16Y22         FDRE (Setup_fdre_C_R)       -0.726    21.832    design_1_i/conv2d_stream_0/inst/grp_conv2d_stream_Pipeline_VITIS_LOOP_68_3_mainLoop_cols_fu_367/window_4_3_fu_298_reg[8]
  -------------------------------------------------------------------
                         required time                         21.832    
                         arrival time                         -17.240    
  -------------------------------------------------------------------
                         slack                                  4.592    

Slack (MET) :             4.592ns  (required time - arrival time)
  Source:                 design_1_i/conv2d_stream_0/inst/grp_conv2d_stream_Pipeline_VITIS_LOOP_68_3_mainLoop_cols_fu_367/pj_fu_218_reg[2]/C
                            (rising edge-triggered cell FDRE clocked by clk_fpga_0  {rise@0.000ns fall@10.000ns period=20.000ns})
  Destination:            design_1_i/conv2d_stream_0/inst/grp_conv2d_stream_Pipeline_VITIS_LOOP_68_3_mainLoop_cols_fu_367/window_4_3_fu_298_reg[9]/R
                            (rising edge-triggered cell FDRE clocked by clk_fpga_0  {rise@0.000ns fall@10.000ns period=20.000ns})
  Path Group:             clk_fpga_0
  Path Type:              Setup (Max at Slow Process Corner)
  Requirement:            20.000ns  (clk_fpga_0 rise@20.000ns - clk_fpga_0 rise@0.000ns)
  Data Path Delay:        14.298ns  (logic 3.586ns (25.081%)  route 10.712ns (74.919%))
  Logic Levels:           13  (CARRY4=6 LUT3=3 LUT5=1 LUT6=3)
  Clock Path Skew:        -0.082ns (DCD - SCD + CPR)
    Destination Clock Delay (DCD):    2.745ns = ( 22.746 - 20.000 ) 
    Source Clock Delay      (SCD):    2.942ns
    Clock Pessimism Removal (CPR):    0.115ns
  Clock Uncertainty:      0.302ns  ((TSJ^2 + TIJ^2)^1/2 + DJ) / 2 + PE
    Total System Jitter     (TSJ):    0.071ns
    Total Input Jitter      (TIJ):    0.600ns
    Discrete Jitter          (DJ):    0.000ns
    Phase Error              (PE):    0.000ns

    Location             Delay type                Incr(ns)  Path(ns)    Netlist Resource(s)
  -------------------------------------------------------------------    -------------------
                         (clock clk_fpga_0 rise edge)
                                                      0.000     0.000 r  
    PS7_X0Y0             PS7                          0.000     0.000 r  design_1_i/processing_system7_0/inst/PS7_i/FCLKCLK[0]
                         net (fo=1, routed)           1.193     1.193    design_1_i/processing_system7_0/inst/FCLK_CLK_unbuffered[0]
    BUFGCTRL_X0Y16       BUFG (Prop_bufg_I_O)         0.101     1.294 r  design_1_i/processing_system7_0/inst/buffer_fclk_clk_0.FCLK_CLK_0_BUFG/O
                         net (fo=18046, routed)       1.648     2.942    design_1_i/conv2d_stream_0/inst/grp_conv2d_stream_Pipeline_VITIS_LOOP_68_3_mainLoop_cols_fu_367/ap_clk
    SLICE_X38Y62         FDRE                                         r  design_1_i/conv2d_stream_0/inst/grp_conv2d_stream_Pipeline_VITIS_LOOP_68_3_mainLoop_cols_fu_367/pj_fu_218_reg[2]/C
  -------------------------------------------------------------------    -------------------
    SLICE_X38Y62         FDRE (Prop_fdre_C_Q)         0.478     3.420 r  design_1_i/conv2d_stream_0/inst/grp_conv2d_stream_Pipeline_VITIS_LOOP_68_3_mainLoop_cols_fu_367/pj_fu_218_reg[2]/Q
                         net (fo=11, routed)          1.929     5.349    design_1_i/conv2d_stream_0/inst/grp_conv2d_stream_Pipeline_VITIS_LOOP_68_3_mainLoop_cols_fu_367/fadd_32ns_32ns_32_5_full_dsp_1_U52/Q[2]
    SLICE_X37Y94         LUT6 (Prop_lut6_I1_O)        0.295     5.644 r  design_1_i/conv2d_stream_0/inst/grp_conv2d_stream_Pipeline_VITIS_LOOP_68_3_mainLoop_cols_fu_367/fadd_32ns_32ns_32_5_full_dsp_1_U52/pj_fu_218[7]_i_18/O
                         net (fo=1, routed)           0.000     5.644    design_1_i/conv2d_stream_0/inst/grp_conv2d_stream_Pipeline_VITIS_LOOP_68_3_mainLoop_cols_fu_367/fadd_32ns_32ns_32_5_full_dsp_1_U52/pj_fu_218[7]_i_18_n_2
    SLICE_X37Y94         CARRY4 (Prop_carry4_S[0]_CO[3])
                                                      0.532     6.176 r  design_1_i/conv2d_stream_0/inst/grp_conv2d_stream_Pipeline_VITIS_LOOP_68_3_mainLoop_cols_fu_367/fadd_32ns_32ns_32_5_full_dsp_1_U52/pj_fu_218_reg[7]_i_10/CO[3]
                         net (fo=1, routed)           0.000     6.176    design_1_i/conv2d_stream_0/inst/grp_conv2d_stream_Pipeline_VITIS_LOOP_68_3_mainLoop_cols_fu_367/fadd_32ns_32ns_32_5_full_dsp_1_U52/pj_fu_218_reg[7]_i_10_n_2
    SLICE_X37Y95         CARRY4 (Prop_carry4_CI_CO[3])
                                                      0.114     6.290 r  design_1_i/conv2d_stream_0/inst/grp_conv2d_stream_Pipeline_VITIS_LOOP_68_3_mainLoop_cols_fu_367/fadd_32ns_32ns_32_5_full_dsp_1_U52/pj_fu_218_reg[7]_i_6/CO[3]
                         net (fo=1, routed)           0.000     6.290    design_1_i/conv2d_stream_0/inst/grp_conv2d_stream_Pipeline_VITIS_LOOP_68_3_mainLoop_cols_fu_367/fadd_32ns_32ns_32_5_full_dsp_1_U52/pj_fu_218_reg[7]_i_6_n_2
    SLICE_X37Y96         CARRY4 (Prop_carry4_CI_CO[2])
                                                      0.228     6.518 r  design_1_i/conv2d_stream_0/inst/grp_conv2d_stream_Pipeline_VITIS_LOOP_68_3_mainLoop_cols_fu_367/fadd_32ns_32ns_32_5_full_dsp_1_U52/pj_fu_218_reg[7]_i_5/CO[2]
                         net (fo=30, routed)          1.908     8.426    design_1_i/conv2d_stream_0/inst/grp_conv2d_stream_Pipeline_VITIS_LOOP_68_3_mainLoop_cols_fu_367/fadd_32ns_32ns_32_5_full_dsp_1_U52/CO[0]
    SLICE_X39Y60         LUT3 (Prop_lut3_I0_O)        0.339     8.765 r  design_1_i/conv2d_stream_0/inst/grp_conv2d_stream_Pipeline_VITIS_LOOP_68_3_mainLoop_cols_fu_367/fadd_32ns_32ns_32_5_full_dsp_1_U52/and_ln79_1_reg_2331[0]_i_4/O
                         net (fo=27, routed)          0.779     9.544    design_1_i/conv2d_stream_0/inst/grp_conv2d_stream_Pipeline_VITIS_LOOP_68_3_mainLoop_cols_fu_367/fadd_32ns_32ns_32_5_full_dsp_1_U52/pj_fu_218_reg[7]
    SLICE_X40Y64         LUT3 (Prop_lut3_I0_O)        0.332     9.876 r  design_1_i/conv2d_stream_0/inst/grp_conv2d_stream_Pipeline_VITIS_LOOP_68_3_mainLoop_cols_fu_367/fadd_32ns_32ns_32_5_full_dsp_1_U52/and_ln79_1_reg_2331[0]_i_65/O
                         net (fo=1, routed)           0.000     9.876    design_1_i/conv2d_stream_0/inst/grp_conv2d_stream_Pipeline_VITIS_LOOP_68_3_mainLoop_cols_fu_367/fadd_32ns_32ns_32_5_full_dsp_1_U52/and_ln79_1_reg_2331[0]_i_65_n_2
    SLICE_X40Y64         CARRY4 (Prop_carry4_S[1]_CO[3])
                                                      0.550    10.426 r  design_1_i/conv2d_stream_0/inst/grp_conv2d_stream_Pipeline_VITIS_LOOP_68_3_mainLoop_cols_fu_367/fadd_32ns_32ns_32_5_full_dsp_1_U52/and_ln79_1_reg_2331_reg[0]_i_35/CO[3]
                         net (fo=1, routed)           0.000    10.426    design_1_i/conv2d_stream_0/inst/grp_conv2d_stream_Pipeline_VITIS_LOOP_68_3_mainLoop_cols_fu_367/fadd_32ns_32ns_32_5_full_dsp_1_U52/and_ln79_1_reg_2331_reg[0]_i_35_n_2
    SLICE_X40Y65         CARRY4 (Prop_carry4_CI_CO[3])
                                                      0.114    10.540 r  design_1_i/conv2d_stream_0/inst/grp_conv2d_stream_Pipeline_VITIS_LOOP_68_3_mainLoop_cols_fu_367/fadd_32ns_32ns_32_5_full_dsp_1_U52/and_ln79_1_reg_2331_reg[0]_i_12/CO[3]
                         net (fo=1, routed)           0.000    10.540    design_1_i/conv2d_stream_0/inst/grp_conv2d_stream_Pipeline_VITIS_LOOP_68_3_mainLoop_cols_fu_367/fadd_32ns_32ns_32_5_full_dsp_1_U52/and_ln79_1_reg_2331_reg[0]_i_12_n_2
    SLICE_X40Y66         CARRY4 (Prop_carry4_CI_CO[3])
                                                      0.114    10.654 f  design_1_i/conv2d_stream_0/inst/grp_conv2d_stream_Pipeline_VITIS_LOOP_68_3_mainLoop_cols_fu_367/fadd_32ns_32ns_32_5_full_dsp_1_U52/and_ln79_1_reg_2331_reg[0]_i_7/CO[3]
                         net (fo=4, routed)           1.136    11.790    design_1_i/conv2d_stream_0/inst/grp_conv2d_stream_Pipeline_VITIS_LOOP_68_3_mainLoop_cols_fu_367/fadd_32ns_32ns_32_5_full_dsp_1_U52/cols_read_reg_673_reg[30][0]
    SLICE_X39Y59         LUT6 (Prop_lut6_I0_O)        0.124    11.914 r  design_1_i/conv2d_stream_0/inst/grp_conv2d_stream_Pipeline_VITIS_LOOP_68_3_mainLoop_cols_fu_367/fadd_32ns_32ns_32_5_full_dsp_1_U52/ce_r_i_2/O
                         net (fo=3, routed)           1.239    13.153    design_1_i/conv2d_stream_0/inst/grp_conv2d_stream_Pipeline_VITIS_LOOP_68_3_mainLoop_cols_fu_367/fadd_32ns_32ns_32_5_full_dsp_1_U52/pj_fu_218_reg[7]_0
    SLICE_X37Y42         LUT5 (Prop_lut5_I0_O)        0.124    13.277 r  design_1_i/conv2d_stream_0/inst/grp_conv2d_stream_Pipeline_VITIS_LOOP_68_3_mainLoop_cols_fu_367/fadd_32ns_32ns_32_5_full_dsp_1_U52/ce_r_i_1/O
                         net (fo=6051, routed)        0.906    14.183    design_1_i/conv2d_stream_0/inst/grp_conv2d_stream_Pipeline_VITIS_LOOP_68_3_mainLoop_cols_fu_367/flow_control_loop_pipe_sequential_init_U/grp_fu_741_ce
    SLICE_X41Y34         LUT6 (Prop_lut6_I5_O)        0.124    14.307 r  design_1_i/conv2d_stream_0/inst/grp_conv2d_stream_Pipeline_VITIS_LOOP_68_3_mainLoop_cols_fu_367/flow_control_loop_pipe_sequential_init_U/window_4_3_fu_298[31]_i_2/O
                         net (fo=132, routed)         1.496    15.802    design_1_i/conv2d_stream_0/inst/grp_conv2d_stream_Pipeline_VITIS_LOOP_68_3_mainLoop_cols_fu_367/flow_control_loop_pipe_sequential_init_U/window_4_1_4_fu_286
    SLICE_X28Y9          LUT3 (Prop_lut3_I0_O)        0.118    15.920 r  design_1_i/conv2d_stream_0/inst/grp_conv2d_stream_Pipeline_VITIS_LOOP_68_3_mainLoop_cols_fu_367/flow_control_loop_pipe_sequential_init_U/window_4_3_fu_298[31]_i_1/O
                         net (fo=32, routed)          1.319    17.240    design_1_i/conv2d_stream_0/inst/grp_conv2d_stream_Pipeline_VITIS_LOOP_68_3_mainLoop_cols_fu_367/flow_control_loop_pipe_sequential_init_U_n_267
    SLICE_X16Y22         FDRE                                         r  design_1_i/conv2d_stream_0/inst/grp_conv2d_stream_Pipeline_VITIS_LOOP_68_3_mainLoop_cols_fu_367/window_4_3_fu_298_reg[9]/R
  -------------------------------------------------------------------    -------------------

                         (clock clk_fpga_0 rise edge)
                                                     20.000    20.000 r  
    PS7_X0Y0             PS7                          0.000    20.000 r  design_1_i/processing_system7_0/inst/PS7_i/FCLKCLK[0]
                         net (fo=1, routed)           1.088    21.088    design_1_i/processing_system7_0/inst/FCLK_CLK_unbuffered[0]
    BUFGCTRL_X0Y16       BUFG (Prop_bufg_I_O)         0.091    21.179 r  design_1_i/processing_system7_0/inst/buffer_fclk_clk_0.FCLK_CLK_0_BUFG/O
                         net (fo=18046, routed)       1.566    22.746    design_1_i/conv2d_stream_0/inst/grp_conv2d_stream_Pipeline_VITIS_LOOP_68_3_mainLoop_cols_fu_367/ap_clk
    SLICE_X16Y22         FDRE                                         r  design_1_i/conv2d_stream_0/inst/grp_conv2d_stream_Pipeline_VITIS_LOOP_68_3_mainLoop_cols_fu_367/window_4_3_fu_298_reg[9]/C
                         clock pessimism              0.115    22.860    
                         clock uncertainty           -0.302    22.558    
    SLICE_X16Y22         FDRE (Setup_fdre_C_R)       -0.726    21.832    design_1_i/conv2d_stream_0/inst/grp_conv2d_stream_Pipeline_VITIS_LOOP_68_3_mainLoop_cols_fu_367/window_4_3_fu_298_reg[9]
  -------------------------------------------------------------------
                         required time                         21.832    
                         arrival time                         -17.240    
  -------------------------------------------------------------------
                         slack                                  4.592    

Slack (MET) :             4.644ns  (required time - arrival time)
  Source:                 design_1_i/conv2d_stream_0/inst/grp_conv2d_stream_Pipeline_VITIS_LOOP_68_3_mainLoop_cols_fu_367/pj_fu_218_reg[2]/C
                            (rising edge-triggered cell FDRE clocked by clk_fpga_0  {rise@0.000ns fall@10.000ns period=20.000ns})
  Destination:            design_1_i/conv2d_stream_0/inst/grp_conv2d_stream_Pipeline_VITIS_LOOP_68_3_mainLoop_cols_fu_367/window_4_3_fu_298_reg[10]/R
                            (rising edge-triggered cell FDRE clocked by clk_fpga_0  {rise@0.000ns fall@10.000ns period=20.000ns})
  Path Group:             clk_fpga_0
  Path Type:              Setup (Max at Slow Process Corner)
  Requirement:            20.000ns  (clk_fpga_0 rise@20.000ns - clk_fpga_0 rise@0.000ns)
  Data Path Delay:        14.249ns  (logic 3.586ns (25.166%)  route 10.663ns (74.834%))
  Logic Levels:           13  (CARRY4=6 LUT3=3 LUT5=1 LUT6=3)
  Clock Path Skew:        -0.079ns (DCD - SCD + CPR)
    Destination Clock Delay (DCD):    2.748ns = ( 22.749 - 20.000 ) 
    Source Clock Delay      (SCD):    2.942ns
    Clock Pessimism Removal (CPR):    0.115ns
  Clock Uncertainty:      0.302ns  ((TSJ^2 + TIJ^2)^1/2 + DJ) / 2 + PE
    Total System Jitter     (TSJ):    0.071ns
    Total Input Jitter      (TIJ):    0.600ns
    Discrete Jitter          (DJ):    0.000ns
    Phase Error              (PE):    0.000ns

    Location             Delay type                Incr(ns)  Path(ns)    Netlist Resource(s)
  -------------------------------------------------------------------    -------------------
                         (clock clk_fpga_0 rise edge)
                                                      0.000     0.000 r  
    PS7_X0Y0             PS7                          0.000     0.000 r  design_1_i/processing_system7_0/inst/PS7_i/FCLKCLK[0]
                         net (fo=1, routed)           1.193     1.193    design_1_i/processing_system7_0/inst/FCLK_CLK_unbuffered[0]
    BUFGCTRL_X0Y16       BUFG (Prop_bufg_I_O)         0.101     1.294 r  design_1_i/processing_system7_0/inst/buffer_fclk_clk_0.FCLK_CLK_0_BUFG/O
                         net (fo=18046, routed)       1.648     2.942    design_1_i/conv2d_stream_0/inst/grp_conv2d_stream_Pipeline_VITIS_LOOP_68_3_mainLoop_cols_fu_367/ap_clk
    SLICE_X38Y62         FDRE                                         r  design_1_i/conv2d_stream_0/inst/grp_conv2d_stream_Pipeline_VITIS_LOOP_68_3_mainLoop_cols_fu_367/pj_fu_218_reg[2]/C
  -------------------------------------------------------------------    -------------------
    SLICE_X38Y62         FDRE (Prop_fdre_C_Q)         0.478     3.420 r  design_1_i/conv2d_stream_0/inst/grp_conv2d_stream_Pipeline_VITIS_LOOP_68_3_mainLoop_cols_fu_367/pj_fu_218_reg[2]/Q
                         net (fo=11, routed)          1.929     5.349    design_1_i/conv2d_stream_0/inst/grp_conv2d_stream_Pipeline_VITIS_LOOP_68_3_mainLoop_cols_fu_367/fadd_32ns_32ns_32_5_full_dsp_1_U52/Q[2]
    SLICE_X37Y94         LUT6 (Prop_lut6_I1_O)        0.295     5.644 r  design_1_i/conv2d_stream_0/inst/grp_conv2d_stream_Pipeline_VITIS_LOOP_68_3_mainLoop_cols_fu_367/fadd_32ns_32ns_32_5_full_dsp_1_U52/pj_fu_218[7]_i_18/O
                         net (fo=1, routed)           0.000     5.644    design_1_i/conv2d_stream_0/inst/grp_conv2d_stream_Pipeline_VITIS_LOOP_68_3_mainLoop_cols_fu_367/fadd_32ns_32ns_32_5_full_dsp_1_U52/pj_fu_218[7]_i_18_n_2
    SLICE_X37Y94         CARRY4 (Prop_carry4_S[0]_CO[3])
                                                      0.532     6.176 r  design_1_i/conv2d_stream_0/inst/grp_conv2d_stream_Pipeline_VITIS_LOOP_68_3_mainLoop_cols_fu_367/fadd_32ns_32ns_32_5_full_dsp_1_U52/pj_fu_218_reg[7]_i_10/CO[3]
                         net (fo=1, routed)           0.000     6.176    design_1_i/conv2d_stream_0/inst/grp_conv2d_stream_Pipeline_VITIS_LOOP_68_3_mainLoop_cols_fu_367/fadd_32ns_32ns_32_5_full_dsp_1_U52/pj_fu_218_reg[7]_i_10_n_2
    SLICE_X37Y95         CARRY4 (Prop_carry4_CI_CO[3])
                                                      0.114     6.290 r  design_1_i/conv2d_stream_0/inst/grp_conv2d_stream_Pipeline_VITIS_LOOP_68_3_mainLoop_cols_fu_367/fadd_32ns_32ns_32_5_full_dsp_1_U52/pj_fu_218_reg[7]_i_6/CO[3]
                         net (fo=1, routed)           0.000     6.290    design_1_i/conv2d_stream_0/inst/grp_conv2d_stream_Pipeline_VITIS_LOOP_68_3_mainLoop_cols_fu_367/fadd_32ns_32ns_32_5_full_dsp_1_U52/pj_fu_218_reg[7]_i_6_n_2
    SLICE_X37Y96         CARRY4 (Prop_carry4_CI_CO[2])
                                                      0.228     6.518 r  design_1_i/conv2d_stream_0/inst/grp_conv2d_stream_Pipeline_VITIS_LOOP_68_3_mainLoop_cols_fu_367/fadd_32ns_32ns_32_5_full_dsp_1_U52/pj_fu_218_reg[7]_i_5/CO[2]
                         net (fo=30, routed)          1.908     8.426    design_1_i/conv2d_stream_0/inst/grp_conv2d_stream_Pipeline_VITIS_LOOP_68_3_mainLoop_cols_fu_367/fadd_32ns_32ns_32_5_full_dsp_1_U52/CO[0]
    SLICE_X39Y60         LUT3 (Prop_lut3_I0_O)        0.339     8.765 r  design_1_i/conv2d_stream_0/inst/grp_conv2d_stream_Pipeline_VITIS_LOOP_68_3_mainLoop_cols_fu_367/fadd_32ns_32ns_32_5_full_dsp_1_U52/and_ln79_1_reg_2331[0]_i_4/O
                         net (fo=27, routed)          0.779     9.544    design_1_i/conv2d_stream_0/inst/grp_conv2d_stream_Pipeline_VITIS_LOOP_68_3_mainLoop_cols_fu_367/fadd_32ns_32ns_32_5_full_dsp_1_U52/pj_fu_218_reg[7]
    SLICE_X40Y64         LUT3 (Prop_lut3_I0_O)        0.332     9.876 r  design_1_i/conv2d_stream_0/inst/grp_conv2d_stream_Pipeline_VITIS_LOOP_68_3_mainLoop_cols_fu_367/fadd_32ns_32ns_32_5_full_dsp_1_U52/and_ln79_1_reg_2331[0]_i_65/O
                         net (fo=1, routed)           0.000     9.876    design_1_i/conv2d_stream_0/inst/grp_conv2d_stream_Pipeline_VITIS_LOOP_68_3_mainLoop_cols_fu_367/fadd_32ns_32ns_32_5_full_dsp_1_U52/and_ln79_1_reg_2331[0]_i_65_n_2
    SLICE_X40Y64         CARRY4 (Prop_carry4_S[1]_CO[3])
                                                      0.550    10.426 r  design_1_i/conv2d_stream_0/inst/grp_conv2d_stream_Pipeline_VITIS_LOOP_68_3_mainLoop_cols_fu_367/fadd_32ns_32ns_32_5_full_dsp_1_U52/and_ln79_1_reg_2331_reg[0]_i_35/CO[3]
                         net (fo=1, routed)           0.000    10.426    design_1_i/conv2d_stream_0/inst/grp_conv2d_stream_Pipeline_VITIS_LOOP_68_3_mainLoop_cols_fu_367/fadd_32ns_32ns_32_5_full_dsp_1_U52/and_ln79_1_reg_2331_reg[0]_i_35_n_2
    SLICE_X40Y65         CARRY4 (Prop_carry4_CI_CO[3])
                                                      0.114    10.540 r  design_1_i/conv2d_stream_0/inst/grp_conv2d_stream_Pipeline_VITIS_LOOP_68_3_mainLoop_cols_fu_367/fadd_32ns_32ns_32_5_full_dsp_1_U52/and_ln79_1_reg_2331_reg[0]_i_12/CO[3]
                         net (fo=1, routed)           0.000    10.540    design_1_i/conv2d_stream_0/inst/grp_conv2d_stream_Pipeline_VITIS_LOOP_68_3_mainLoop_cols_fu_367/fadd_32ns_32ns_32_5_full_dsp_1_U52/and_ln79_1_reg_2331_reg[0]_i_12_n_2
    SLICE_X40Y66         CARRY4 (Prop_carry4_CI_CO[3])
                                                      0.114    10.654 f  design_1_i/conv2d_stream_0/inst/grp_conv2d_stream_Pipeline_VITIS_LOOP_68_3_mainLoop_cols_fu_367/fadd_32ns_32ns_32_5_full_dsp_1_U52/and_ln79_1_reg_2331_reg[0]_i_7/CO[3]
                         net (fo=4, routed)           1.136    11.790    design_1_i/conv2d_stream_0/inst/grp_conv2d_stream_Pipeline_VITIS_LOOP_68_3_mainLoop_cols_fu_367/fadd_32ns_32ns_32_5_full_dsp_1_U52/cols_read_reg_673_reg[30][0]
    SLICE_X39Y59         LUT6 (Prop_lut6_I0_O)        0.124    11.914 r  design_1_i/conv2d_stream_0/inst/grp_conv2d_stream_Pipeline_VITIS_LOOP_68_3_mainLoop_cols_fu_367/fadd_32ns_32ns_32_5_full_dsp_1_U52/ce_r_i_2/O
                         net (fo=3, routed)           1.239    13.153    design_1_i/conv2d_stream_0/inst/grp_conv2d_stream_Pipeline_VITIS_LOOP_68_3_mainLoop_cols_fu_367/fadd_32ns_32ns_32_5_full_dsp_1_U52/pj_fu_218_reg[7]_0
    SLICE_X37Y42         LUT5 (Prop_lut5_I0_O)        0.124    13.277 r  design_1_i/conv2d_stream_0/inst/grp_conv2d_stream_Pipeline_VITIS_LOOP_68_3_mainLoop_cols_fu_367/fadd_32ns_32ns_32_5_full_dsp_1_U52/ce_r_i_1/O
                         net (fo=6051, routed)        0.906    14.183    design_1_i/conv2d_stream_0/inst/grp_conv2d_stream_Pipeline_VITIS_LOOP_68_3_mainLoop_cols_fu_367/flow_control_loop_pipe_sequential_init_U/grp_fu_741_ce
    SLICE_X41Y34         LUT6 (Prop_lut6_I5_O)        0.124    14.307 r  design_1_i/conv2d_stream_0/inst/grp_conv2d_stream_Pipeline_VITIS_LOOP_68_3_mainLoop_cols_fu_367/flow_control_loop_pipe_sequential_init_U/window_4_3_fu_298[31]_i_2/O
                         net (fo=132, routed)         1.496    15.802    design_1_i/conv2d_stream_0/inst/grp_conv2d_stream_Pipeline_VITIS_LOOP_68_3_mainLoop_cols_fu_367/flow_control_loop_pipe_sequential_init_U/window_4_1_4_fu_286
    SLICE_X28Y9          LUT3 (Prop_lut3_I0_O)        0.118    15.920 r  design_1_i/conv2d_stream_0/inst/grp_conv2d_stream_Pipeline_VITIS_LOOP_68_3_mainLoop_cols_fu_367/flow_control_loop_pipe_sequential_init_U/window_4_3_fu_298[31]_i_1/O
                         net (fo=32, routed)          1.271    17.191    design_1_i/conv2d_stream_0/inst/grp_conv2d_stream_Pipeline_VITIS_LOOP_68_3_mainLoop_cols_fu_367/flow_control_loop_pipe_sequential_init_U_n_267
    SLICE_X18Y19         FDRE                                         r  design_1_i/conv2d_stream_0/inst/grp_conv2d_stream_Pipeline_VITIS_LOOP_68_3_mainLoop_cols_fu_367/window_4_3_fu_298_reg[10]/R
  -------------------------------------------------------------------    -------------------

                         (clock clk_fpga_0 rise edge)
                                                     20.000    20.000 r  
    PS7_X0Y0             PS7                          0.000    20.000 r  design_1_i/processing_system7_0/inst/PS7_i/FCLKCLK[0]
                         net (fo=1, routed)           1.088    21.088    design_1_i/processing_system7_0/inst/FCLK_CLK_unbuffered[0]
    BUFGCTRL_X0Y16       BUFG (Prop_bufg_I_O)         0.091    21.179 r  design_1_i/processing_system7_0/inst/buffer_fclk_clk_0.FCLK_CLK_0_BUFG/O
                         net (fo=18046, routed)       1.569    22.749    design_1_i/conv2d_stream_0/inst/grp_conv2d_stream_Pipeline_VITIS_LOOP_68_3_mainLoop_cols_fu_367/ap_clk
    SLICE_X18Y19         FDRE                                         r  design_1_i/conv2d_stream_0/inst/grp_conv2d_stream_Pipeline_VITIS_LOOP_68_3_mainLoop_cols_fu_367/window_4_3_fu_298_reg[10]/C
                         clock pessimism              0.115    22.863    
                         clock uncertainty           -0.302    22.561    
    SLICE_X18Y19         FDRE (Setup_fdre_C_R)       -0.726    21.835    design_1_i/conv2d_stream_0/inst/grp_conv2d_stream_Pipeline_VITIS_LOOP_68_3_mainLoop_cols_fu_367/window_4_3_fu_298_reg[10]
  -------------------------------------------------------------------
                         required time                         21.835    
                         arrival time                         -17.191    
  -------------------------------------------------------------------
                         slack                                  4.644    

Slack (MET) :             4.644ns  (required time - arrival time)
  Source:                 design_1_i/conv2d_stream_0/inst/grp_conv2d_stream_Pipeline_VITIS_LOOP_68_3_mainLoop_cols_fu_367/pj_fu_218_reg[2]/C
                            (rising edge-triggered cell FDRE clocked by clk_fpga_0  {rise@0.000ns fall@10.000ns period=20.000ns})
  Destination:            design_1_i/conv2d_stream_0/inst/grp_conv2d_stream_Pipeline_VITIS_LOOP_68_3_mainLoop_cols_fu_367/window_4_3_fu_298_reg[15]/R
                            (rising edge-triggered cell FDRE clocked by clk_fpga_0  {rise@0.000ns fall@10.000ns period=20.000ns})
  Path Group:             clk_fpga_0
  Path Type:              Setup (Max at Slow Process Corner)
  Requirement:            20.000ns  (clk_fpga_0 rise@20.000ns - clk_fpga_0 rise@0.000ns)
  Data Path Delay:        14.249ns  (logic 3.586ns (25.166%)  route 10.663ns (74.834%))
  Logic Levels:           13  (CARRY4=6 LUT3=3 LUT5=1 LUT6=3)
  Clock Path Skew:        -0.079ns (DCD - SCD + CPR)
    Destination Clock Delay (DCD):    2.748ns = ( 22.749 - 20.000 ) 
    Source Clock Delay      (SCD):    2.942ns
    Clock Pessimism Removal (CPR):    0.115ns
  Clock Uncertainty:      0.302ns  ((TSJ^2 + TIJ^2)^1/2 + DJ) / 2 + PE
    Total System Jitter     (TSJ):    0.071ns
    Total Input Jitter      (TIJ):    0.600ns
    Discrete Jitter          (DJ):    0.000ns
    Phase Error              (PE):    0.000ns

    Location             Delay type                Incr(ns)  Path(ns)    Netlist Resource(s)
  -------------------------------------------------------------------    -------------------
                         (clock clk_fpga_0 rise edge)
                                                      0.000     0.000 r  
    PS7_X0Y0             PS7                          0.000     0.000 r  design_1_i/processing_system7_0/inst/PS7_i/FCLKCLK[0]
                         net (fo=1, routed)           1.193     1.193    design_1_i/processing_system7_0/inst/FCLK_CLK_unbuffered[0]
    BUFGCTRL_X0Y16       BUFG (Prop_bufg_I_O)         0.101     1.294 r  design_1_i/processing_system7_0/inst/buffer_fclk_clk_0.FCLK_CLK_0_BUFG/O
                         net (fo=18046, routed)       1.648     2.942    design_1_i/conv2d_stream_0/inst/grp_conv2d_stream_Pipeline_VITIS_LOOP_68_3_mainLoop_cols_fu_367/ap_clk
    SLICE_X38Y62         FDRE                                         r  design_1_i/conv2d_stream_0/inst/grp_conv2d_stream_Pipeline_VITIS_LOOP_68_3_mainLoop_cols_fu_367/pj_fu_218_reg[2]/C
  -------------------------------------------------------------------    -------------------
    SLICE_X38Y62         FDRE (Prop_fdre_C_Q)         0.478     3.420 r  design_1_i/conv2d_stream_0/inst/grp_conv2d_stream_Pipeline_VITIS_LOOP_68_3_mainLoop_cols_fu_367/pj_fu_218_reg[2]/Q
                         net (fo=11, routed)          1.929     5.349    design_1_i/conv2d_stream_0/inst/grp_conv2d_stream_Pipeline_VITIS_LOOP_68_3_mainLoop_cols_fu_367/fadd_32ns_32ns_32_5_full_dsp_1_U52/Q[2]
    SLICE_X37Y94         LUT6 (Prop_lut6_I1_O)        0.295     5.644 r  design_1_i/conv2d_stream_0/inst/grp_conv2d_stream_Pipeline_VITIS_LOOP_68_3_mainLoop_cols_fu_367/fadd_32ns_32ns_32_5_full_dsp_1_U52/pj_fu_218[7]_i_18/O
                         net (fo=1, routed)           0.000     5.644    design_1_i/conv2d_stream_0/inst/grp_conv2d_stream_Pipeline_VITIS_LOOP_68_3_mainLoop_cols_fu_367/fadd_32ns_32ns_32_5_full_dsp_1_U52/pj_fu_218[7]_i_18_n_2
    SLICE_X37Y94         CARRY4 (Prop_carry4_S[0]_CO[3])
                                                      0.532     6.176 r  design_1_i/conv2d_stream_0/inst/grp_conv2d_stream_Pipeline_VITIS_LOOP_68_3_mainLoop_cols_fu_367/fadd_32ns_32ns_32_5_full_dsp_1_U52/pj_fu_218_reg[7]_i_10/CO[3]
                         net (fo=1, routed)           0.000     6.176    design_1_i/conv2d_stream_0/inst/grp_conv2d_stream_Pipeline_VITIS_LOOP_68_3_mainLoop_cols_fu_367/fadd_32ns_32ns_32_5_full_dsp_1_U52/pj_fu_218_reg[7]_i_10_n_2
    SLICE_X37Y95         CARRY4 (Prop_carry4_CI_CO[3])
                                                      0.114     6.290 r  design_1_i/conv2d_stream_0/inst/grp_conv2d_stream_Pipeline_VITIS_LOOP_68_3_mainLoop_cols_fu_367/fadd_32ns_32ns_32_5_full_dsp_1_U52/pj_fu_218_reg[7]_i_6/CO[3]
                         net (fo=1, routed)           0.000     6.290    design_1_i/conv2d_stream_0/inst/grp_conv2d_stream_Pipeline_VITIS_LOOP_68_3_mainLoop_cols_fu_367/fadd_32ns_32ns_32_5_full_dsp_1_U52/pj_fu_218_reg[7]_i_6_n_2
    SLICE_X37Y96         CARRY4 (Prop_carry4_CI_CO[2])
                                                      0.228     6.518 r  design_1_i/conv2d_stream_0/inst/grp_conv2d_stream_Pipeline_VITIS_LOOP_68_3_mainLoop_cols_fu_367/fadd_32ns_32ns_32_5_full_dsp_1_U52/pj_fu_218_reg[7]_i_5/CO[2]
                         net (fo=30, routed)          1.908     8.426    design_1_i/conv2d_stream_0/inst/grp_conv2d_stream_Pipeline_VITIS_LOOP_68_3_mainLoop_cols_fu_367/fadd_32ns_32ns_32_5_full_dsp_1_U52/CO[0]
    SLICE_X39Y60         LUT3 (Prop_lut3_I0_O)        0.339     8.765 r  design_1_i/conv2d_stream_0/inst/grp_conv2d_stream_Pipeline_VITIS_LOOP_68_3_mainLoop_cols_fu_367/fadd_32ns_32ns_32_5_full_dsp_1_U52/and_ln79_1_reg_2331[0]_i_4/O
                         net (fo=27, routed)          0.779     9.544    design_1_i/conv2d_stream_0/inst/grp_conv2d_stream_Pipeline_VITIS_LOOP_68_3_mainLoop_cols_fu_367/fadd_32ns_32ns_32_5_full_dsp_1_U52/pj_fu_218_reg[7]
    SLICE_X40Y64         LUT3 (Prop_lut3_I0_O)        0.332     9.876 r  design_1_i/conv2d_stream_0/inst/grp_conv2d_stream_Pipeline_VITIS_LOOP_68_3_mainLoop_cols_fu_367/fadd_32ns_32ns_32_5_full_dsp_1_U52/and_ln79_1_reg_2331[0]_i_65/O
                         net (fo=1, routed)           0.000     9.876    design_1_i/conv2d_stream_0/inst/grp_conv2d_stream_Pipeline_VITIS_LOOP_68_3_mainLoop_cols_fu_367/fadd_32ns_32ns_32_5_full_dsp_1_U52/and_ln79_1_reg_2331[0]_i_65_n_2
    SLICE_X40Y64         CARRY4 (Prop_carry4_S[1]_CO[3])
                                                      0.550    10.426 r  design_1_i/conv2d_stream_0/inst/grp_conv2d_stream_Pipeline_VITIS_LOOP_68_3_mainLoop_cols_fu_367/fadd_32ns_32ns_32_5_full_dsp_1_U52/and_ln79_1_reg_2331_reg[0]_i_35/CO[3]
                         net (fo=1, routed)           0.000    10.426    design_1_i/conv2d_stream_0/inst/grp_conv2d_stream_Pipeline_VITIS_LOOP_68_3_mainLoop_cols_fu_367/fadd_32ns_32ns_32_5_full_dsp_1_U52/and_ln79_1_reg_2331_reg[0]_i_35_n_2
    SLICE_X40Y65         CARRY4 (Prop_carry4_CI_CO[3])
                                                      0.114    10.540 r  design_1_i/conv2d_stream_0/inst/grp_conv2d_stream_Pipeline_VITIS_LOOP_68_3_mainLoop_cols_fu_367/fadd_32ns_32ns_32_5_full_dsp_1_U52/and_ln79_1_reg_2331_reg[0]_i_12/CO[3]
                         net (fo=1, routed)           0.000    10.540    design_1_i/conv2d_stream_0/inst/grp_conv2d_stream_Pipeline_VITIS_LOOP_68_3_mainLoop_cols_fu_367/fadd_32ns_32ns_32_5_full_dsp_1_U52/and_ln79_1_reg_2331_reg[0]_i_12_n_2
    SLICE_X40Y66         CARRY4 (Prop_carry4_CI_CO[3])
                                                      0.114    10.654 f  design_1_i/conv2d_stream_0/inst/grp_conv2d_stream_Pipeline_VITIS_LOOP_68_3_mainLoop_cols_fu_367/fadd_32ns_32ns_32_5_full_dsp_1_U52/and_ln79_1_reg_2331_reg[0]_i_7/CO[3]
                         net (fo=4, routed)           1.136    11.790    design_1_i/conv2d_stream_0/inst/grp_conv2d_stream_Pipeline_VITIS_LOOP_68_3_mainLoop_cols_fu_367/fadd_32ns_32ns_32_5_full_dsp_1_U52/cols_read_reg_673_reg[30][0]
    SLICE_X39Y59         LUT6 (Prop_lut6_I0_O)        0.124    11.914 r  design_1_i/conv2d_stream_0/inst/grp_conv2d_stream_Pipeline_VITIS_LOOP_68_3_mainLoop_cols_fu_367/fadd_32ns_32ns_32_5_full_dsp_1_U52/ce_r_i_2/O
                         net (fo=3, routed)           1.239    13.153    design_1_i/conv2d_stream_0/inst/grp_conv2d_stream_Pipeline_VITIS_LOOP_68_3_mainLoop_cols_fu_367/fadd_32ns_32ns_32_5_full_dsp_1_U52/pj_fu_218_reg[7]_0
    SLICE_X37Y42         LUT5 (Prop_lut5_I0_O)        0.124    13.277 r  design_1_i/conv2d_stream_0/inst/grp_conv2d_stream_Pipeline_VITIS_LOOP_68_3_mainLoop_cols_fu_367/fadd_32ns_32ns_32_5_full_dsp_1_U52/ce_r_i_1/O
                         net (fo=6051, routed)        0.906    14.183    design_1_i/conv2d_stream_0/inst/grp_conv2d_stream_Pipeline_VITIS_LOOP_68_3_mainLoop_cols_fu_367/flow_control_loop_pipe_sequential_init_U/grp_fu_741_ce
    SLICE_X41Y34         LUT6 (Prop_lut6_I5_O)        0.124    14.307 r  design_1_i/conv2d_stream_0/inst/grp_conv2d_stream_Pipeline_VITIS_LOOP_68_3_mainLoop_cols_fu_367/flow_control_loop_pipe_sequential_init_U/window_4_3_fu_298[31]_i_2/O
                         net (fo=132, routed)         1.496    15.802    design_1_i/conv2d_stream_0/inst/grp_conv2d_stream_Pipeline_VITIS_LOOP_68_3_mainLoop_cols_fu_367/flow_control_loop_pipe_sequential_init_U/window_4_1_4_fu_286
    SLICE_X28Y9          LUT3 (Prop_lut3_I0_O)        0.118    15.920 r  design_1_i/conv2d_stream_0/inst/grp_conv2d_stream_Pipeline_VITIS_LOOP_68_3_mainLoop_cols_fu_367/flow_control_loop_pipe_sequential_init_U/window_4_3_fu_298[31]_i_1/O
                         net (fo=32, routed)          1.271    17.191    design_1_i/conv2d_stream_0/inst/grp_conv2d_stream_Pipeline_VITIS_LOOP_68_3_mainLoop_cols_fu_367/flow_control_loop_pipe_sequential_init_U_n_267
    SLICE_X18Y19         FDRE                                         r  design_1_i/conv2d_stream_0/inst/grp_conv2d_stream_Pipeline_VITIS_LOOP_68_3_mainLoop_cols_fu_367/window_4_3_fu_298_reg[15]/R
  -------------------------------------------------------------------    -------------------

                         (clock clk_fpga_0 rise edge)
                                                     20.000    20.000 r  
    PS7_X0Y0             PS7                          0.000    20.000 r  design_1_i/processing_system7_0/inst/PS7_i/FCLKCLK[0]
                         net (fo=1, routed)           1.088    21.088    design_1_i/processing_system7_0/inst/FCLK_CLK_unbuffered[0]
    BUFGCTRL_X0Y16       BUFG (Prop_bufg_I_O)         0.091    21.179 r  design_1_i/processing_system7_0/inst/buffer_fclk_clk_0.FCLK_CLK_0_BUFG/O
                         net (fo=18046, routed)       1.569    22.749    design_1_i/conv2d_stream_0/inst/grp_conv2d_stream_Pipeline_VITIS_LOOP_68_3_mainLoop_cols_fu_367/ap_clk
    SLICE_X18Y19         FDRE                                         r  design_1_i/conv2d_stream_0/inst/grp_conv2d_stream_Pipeline_VITIS_LOOP_68_3_mainLoop_cols_fu_367/window_4_3_fu_298_reg[15]/C
                         clock pessimism              0.115    22.863    
                         clock uncertainty           -0.302    22.561    
    SLICE_X18Y19         FDRE (Setup_fdre_C_R)       -0.726    21.835    design_1_i/conv2d_stream_0/inst/grp_conv2d_stream_Pipeline_VITIS_LOOP_68_3_mainLoop_cols_fu_367/window_4_3_fu_298_reg[15]
  -------------------------------------------------------------------
                         required time                         21.835    
                         arrival time                         -17.191    
  -------------------------------------------------------------------
                         slack                                  4.644    

Slack (MET) :             4.660ns  (required time - arrival time)
  Source:                 design_1_i/conv2d_stream_0/inst/grp_conv2d_stream_Pipeline_VITIS_LOOP_68_3_mainLoop_cols_fu_367/pj_fu_218_reg[2]/C
                            (rising edge-triggered cell FDRE clocked by clk_fpga_0  {rise@0.000ns fall@10.000ns period=20.000ns})
  Destination:            design_1_i/conv2d_stream_0/inst/grp_conv2d_stream_Pipeline_VITIS_LOOP_68_3_mainLoop_cols_fu_367/window_4_3_fu_298_reg[17]/R
                            (rising edge-triggered cell FDRE clocked by clk_fpga_0  {rise@0.000ns fall@10.000ns period=20.000ns})
  Path Group:             clk_fpga_0
  Path Type:              Setup (Max at Slow Process Corner)
  Requirement:            20.000ns  (clk_fpga_0 rise@20.000ns - clk_fpga_0 rise@0.000ns)
  Data Path Delay:        14.233ns  (logic 3.586ns (25.195%)  route 10.647ns (74.805%))
  Logic Levels:           13  (CARRY4=6 LUT3=3 LUT5=1 LUT6=3)
  Clock Path Skew:        -0.080ns (DCD - SCD + CPR)
    Destination Clock Delay (DCD):    2.747ns = ( 22.747 - 20.000 ) 
    Source Clock Delay      (SCD):    2.942ns
    Clock Pessimism Removal (CPR):    0.115ns
  Clock Uncertainty:      0.302ns  ((TSJ^2 + TIJ^2)^1/2 + DJ) / 2 + PE
    Total System Jitter     (TSJ):    0.071ns
    Total Input Jitter      (TIJ):    0.600ns
    Discrete Jitter          (DJ):    0.000ns
    Phase Error              (PE):    0.000ns

    Location             Delay type                Incr(ns)  Path(ns)    Netlist Resource(s)
  -------------------------------------------------------------------    -------------------
                         (clock clk_fpga_0 rise edge)
                                                      0.000     0.000 r  
    PS7_X0Y0             PS7                          0.000     0.000 r  design_1_i/processing_system7_0/inst/PS7_i/FCLKCLK[0]
                         net (fo=1, routed)           1.193     1.193    design_1_i/processing_system7_0/inst/FCLK_CLK_unbuffered[0]
    BUFGCTRL_X0Y16       BUFG (Prop_bufg_I_O)         0.101     1.294 r  design_1_i/processing_system7_0/inst/buffer_fclk_clk_0.FCLK_CLK_0_BUFG/O
                         net (fo=18046, routed)       1.648     2.942    design_1_i/conv2d_stream_0/inst/grp_conv2d_stream_Pipeline_VITIS_LOOP_68_3_mainLoop_cols_fu_367/ap_clk
    SLICE_X38Y62         FDRE                                         r  design_1_i/conv2d_stream_0/inst/grp_conv2d_stream_Pipeline_VITIS_LOOP_68_3_mainLoop_cols_fu_367/pj_fu_218_reg[2]/C
  -------------------------------------------------------------------    -------------------
    SLICE_X38Y62         FDRE (Prop_fdre_C_Q)         0.478     3.420 r  design_1_i/conv2d_stream_0/inst/grp_conv2d_stream_Pipeline_VITIS_LOOP_68_3_mainLoop_cols_fu_367/pj_fu_218_reg[2]/Q
                         net (fo=11, routed)          1.929     5.349    design_1_i/conv2d_stream_0/inst/grp_conv2d_stream_Pipeline_VITIS_LOOP_68_3_mainLoop_cols_fu_367/fadd_32ns_32ns_32_5_full_dsp_1_U52/Q[2]
    SLICE_X37Y94         LUT6 (Prop_lut6_I1_O)        0.295     5.644 r  design_1_i/conv2d_stream_0/inst/grp_conv2d_stream_Pipeline_VITIS_LOOP_68_3_mainLoop_cols_fu_367/fadd_32ns_32ns_32_5_full_dsp_1_U52/pj_fu_218[7]_i_18/O
                         net (fo=1, routed)           0.000     5.644    design_1_i/conv2d_stream_0/inst/grp_conv2d_stream_Pipeline_VITIS_LOOP_68_3_mainLoop_cols_fu_367/fadd_32ns_32ns_32_5_full_dsp_1_U52/pj_fu_218[7]_i_18_n_2
    SLICE_X37Y94         CARRY4 (Prop_carry4_S[0]_CO[3])
                                                      0.532     6.176 r  design_1_i/conv2d_stream_0/inst/grp_conv2d_stream_Pipeline_VITIS_LOOP_68_3_mainLoop_cols_fu_367/fadd_32ns_32ns_32_5_full_dsp_1_U52/pj_fu_218_reg[7]_i_10/CO[3]
                         net (fo=1, routed)           0.000     6.176    design_1_i/conv2d_stream_0/inst/grp_conv2d_stream_Pipeline_VITIS_LOOP_68_3_mainLoop_cols_fu_367/fadd_32ns_32ns_32_5_full_dsp_1_U52/pj_fu_218_reg[7]_i_10_n_2
    SLICE_X37Y95         CARRY4 (Prop_carry4_CI_CO[3])
                                                      0.114     6.290 r  design_1_i/conv2d_stream_0/inst/grp_conv2d_stream_Pipeline_VITIS_LOOP_68_3_mainLoop_cols_fu_367/fadd_32ns_32ns_32_5_full_dsp_1_U52/pj_fu_218_reg[7]_i_6/CO[3]
                         net (fo=1, routed)           0.000     6.290    design_1_i/conv2d_stream_0/inst/grp_conv2d_stream_Pipeline_VITIS_LOOP_68_3_mainLoop_cols_fu_367/fadd_32ns_32ns_32_5_full_dsp_1_U52/pj_fu_218_reg[7]_i_6_n_2
    SLICE_X37Y96         CARRY4 (Prop_carry4_CI_CO[2])
                                                      0.228     6.518 r  design_1_i/conv2d_stream_0/inst/grp_conv2d_stream_Pipeline_VITIS_LOOP_68_3_mainLoop_cols_fu_367/fadd_32ns_32ns_32_5_full_dsp_1_U52/pj_fu_218_reg[7]_i_5/CO[2]
                         net (fo=30, routed)          1.908     8.426    design_1_i/conv2d_stream_0/inst/grp_conv2d_stream_Pipeline_VITIS_LOOP_68_3_mainLoop_cols_fu_367/fadd_32ns_32ns_32_5_full_dsp_1_U52/CO[0]
    SLICE_X39Y60         LUT3 (Prop_lut3_I0_O)        0.339     8.765 r  design_1_i/conv2d_stream_0/inst/grp_conv2d_stream_Pipeline_VITIS_LOOP_68_3_mainLoop_cols_fu_367/fadd_32ns_32ns_32_5_full_dsp_1_U52/and_ln79_1_reg_2331[0]_i_4/O
                         net (fo=27, routed)          0.779     9.544    design_1_i/conv2d_stream_0/inst/grp_conv2d_stream_Pipeline_VITIS_LOOP_68_3_mainLoop_cols_fu_367/fadd_32ns_32ns_32_5_full_dsp_1_U52/pj_fu_218_reg[7]
    SLICE_X40Y64         LUT3 (Prop_lut3_I0_O)        0.332     9.876 r  design_1_i/conv2d_stream_0/inst/grp_conv2d_stream_Pipeline_VITIS_LOOP_68_3_mainLoop_cols_fu_367/fadd_32ns_32ns_32_5_full_dsp_1_U52/and_ln79_1_reg_2331[0]_i_65/O
                         net (fo=1, routed)           0.000     9.876    design_1_i/conv2d_stream_0/inst/grp_conv2d_stream_Pipeline_VITIS_LOOP_68_3_mainLoop_cols_fu_367/fadd_32ns_32ns_32_5_full_dsp_1_U52/and_ln79_1_reg_2331[0]_i_65_n_2
    SLICE_X40Y64         CARRY4 (Prop_carry4_S[1]_CO[3])
                                                      0.550    10.426 r  design_1_i/conv2d_stream_0/inst/grp_conv2d_stream_Pipeline_VITIS_LOOP_68_3_mainLoop_cols_fu_367/fadd_32ns_32ns_32_5_full_dsp_1_U52/and_ln79_1_reg_2331_reg[0]_i_35/CO[3]
                         net (fo=1, routed)           0.000    10.426    design_1_i/conv2d_stream_0/inst/grp_conv2d_stream_Pipeline_VITIS_LOOP_68_3_mainLoop_cols_fu_367/fadd_32ns_32ns_32_5_full_dsp_1_U52/and_ln79_1_reg_2331_reg[0]_i_35_n_2
    SLICE_X40Y65         CARRY4 (Prop_carry4_CI_CO[3])
                                                      0.114    10.540 r  design_1_i/conv2d_stream_0/inst/grp_conv2d_stream_Pipeline_VITIS_LOOP_68_3_mainLoop_cols_fu_367/fadd_32ns_32ns_32_5_full_dsp_1_U52/and_ln79_1_reg_2331_reg[0]_i_12/CO[3]
                         net (fo=1, routed)           0.000    10.540    design_1_i/conv2d_stream_0/inst/grp_conv2d_stream_Pipeline_VITIS_LOOP_68_3_mainLoop_cols_fu_367/fadd_32ns_32ns_32_5_full_dsp_1_U52/and_ln79_1_reg_2331_reg[0]_i_12_n_2
    SLICE_X40Y66         CARRY4 (Prop_carry4_CI_CO[3])
                                                      0.114    10.654 f  design_1_i/conv2d_stream_0/inst/grp_conv2d_stream_Pipeline_VITIS_LOOP_68_3_mainLoop_cols_fu_367/fadd_32ns_32ns_32_5_full_dsp_1_U52/and_ln79_1_reg_2331_reg[0]_i_7/CO[3]
                         net (fo=4, routed)           1.136    11.790    design_1_i/conv2d_stream_0/inst/grp_conv2d_stream_Pipeline_VITIS_LOOP_68_3_mainLoop_cols_fu_367/fadd_32ns_32ns_32_5_full_dsp_1_U52/cols_read_reg_673_reg[30][0]
    SLICE_X39Y59         LUT6 (Prop_lut6_I0_O)        0.124    11.914 r  design_1_i/conv2d_stream_0/inst/grp_conv2d_stream_Pipeline_VITIS_LOOP_68_3_mainLoop_cols_fu_367/fadd_32ns_32ns_32_5_full_dsp_1_U52/ce_r_i_2/O
                         net (fo=3, routed)           1.239    13.153    design_1_i/conv2d_stream_0/inst/grp_conv2d_stream_Pipeline_VITIS_LOOP_68_3_mainLoop_cols_fu_367/fadd_32ns_32ns_32_5_full_dsp_1_U52/pj_fu_218_reg[7]_0
    SLICE_X37Y42         LUT5 (Prop_lut5_I0_O)        0.124    13.277 r  design_1_i/conv2d_stream_0/inst/grp_conv2d_stream_Pipeline_VITIS_LOOP_68_3_mainLoop_cols_fu_367/fadd_32ns_32ns_32_5_full_dsp_1_U52/ce_r_i_1/O
                         net (fo=6051, routed)        0.906    14.183    design_1_i/conv2d_stream_0/inst/grp_conv2d_stream_Pipeline_VITIS_LOOP_68_3_mainLoop_cols_fu_367/flow_control_loop_pipe_sequential_init_U/grp_fu_741_ce
    SLICE_X41Y34         LUT6 (Prop_lut6_I5_O)        0.124    14.307 r  design_1_i/conv2d_stream_0/inst/grp_conv2d_stream_Pipeline_VITIS_LOOP_68_3_mainLoop_cols_fu_367/flow_control_loop_pipe_sequential_init_U/window_4_3_fu_298[31]_i_2/O
                         net (fo=132, routed)         1.496    15.802    design_1_i/conv2d_stream_0/inst/grp_conv2d_stream_Pipeline_VITIS_LOOP_68_3_mainLoop_cols_fu_367/flow_control_loop_pipe_sequential_init_U/window_4_1_4_fu_286
    SLICE_X28Y9          LUT3 (Prop_lut3_I0_O)        0.118    15.920 r  design_1_i/conv2d_stream_0/inst/grp_conv2d_stream_Pipeline_VITIS_LOOP_68_3_mainLoop_cols_fu_367/flow_control_loop_pipe_sequential_init_U/window_4_3_fu_298[31]_i_1/O
                         net (fo=32, routed)          1.254    17.175    design_1_i/conv2d_stream_0/inst/grp_conv2d_stream_Pipeline_VITIS_LOOP_68_3_mainLoop_cols_fu_367/flow_control_loop_pipe_sequential_init_U_n_267
    SLICE_X18Y21         FDRE                                         r  design_1_i/conv2d_stream_0/inst/grp_conv2d_stream_Pipeline_VITIS_LOOP_68_3_mainLoop_cols_fu_367/window_4_3_fu_298_reg[17]/R
  -------------------------------------------------------------------    -------------------

                         (clock clk_fpga_0 rise edge)
                                                     20.000    20.000 r  
    PS7_X0Y0             PS7                          0.000    20.000 r  design_1_i/processing_system7_0/inst/PS7_i/FCLKCLK[0]
                         net (fo=1, routed)           1.088    21.088    design_1_i/processing_system7_0/inst/FCLK_CLK_unbuffered[0]
    BUFGCTRL_X0Y16       BUFG (Prop_bufg_I_O)         0.091    21.179 r  design_1_i/processing_system7_0/inst/buffer_fclk_clk_0.FCLK_CLK_0_BUFG/O
                         net (fo=18046, routed)       1.568    22.747    design_1_i/conv2d_stream_0/inst/grp_conv2d_stream_Pipeline_VITIS_LOOP_68_3_mainLoop_cols_fu_367/ap_clk
    SLICE_X18Y21         FDRE                                         r  design_1_i/conv2d_stream_0/inst/grp_conv2d_stream_Pipeline_VITIS_LOOP_68_3_mainLoop_cols_fu_367/window_4_3_fu_298_reg[17]/C
                         clock pessimism              0.115    22.862    
                         clock uncertainty           -0.302    22.560    
    SLICE_X18Y21         FDRE (Setup_fdre_C_R)       -0.726    21.834    design_1_i/conv2d_stream_0/inst/grp_conv2d_stream_Pipeline_VITIS_LOOP_68_3_mainLoop_cols_fu_367/window_4_3_fu_298_reg[17]
  -------------------------------------------------------------------
                         required time                         21.834    
                         arrival time                         -17.175    
  -------------------------------------------------------------------
                         slack                                  4.660    

Slack (MET) :             4.660ns  (required time - arrival time)
  Source:                 design_1_i/conv2d_stream_0/inst/grp_conv2d_stream_Pipeline_VITIS_LOOP_68_3_mainLoop_cols_fu_367/pj_fu_218_reg[2]/C
                            (rising edge-triggered cell FDRE clocked by clk_fpga_0  {rise@0.000ns fall@10.000ns period=20.000ns})
  Destination:            design_1_i/conv2d_stream_0/inst/grp_conv2d_stream_Pipeline_VITIS_LOOP_68_3_mainLoop_cols_fu_367/window_4_3_fu_298_reg[29]/R
                            (rising edge-triggered cell FDRE clocked by clk_fpga_0  {rise@0.000ns fall@10.000ns period=20.000ns})
  Path Group:             clk_fpga_0
  Path Type:              Setup (Max at Slow Process Corner)
  Requirement:            20.000ns  (clk_fpga_0 rise@20.000ns - clk_fpga_0 rise@0.000ns)
  Data Path Delay:        14.233ns  (logic 3.586ns (25.195%)  route 10.647ns (74.805%))
  Logic Levels:           13  (CARRY4=6 LUT3=3 LUT5=1 LUT6=3)
  Clock Path Skew:        -0.080ns (DCD - SCD + CPR)
    Destination Clock Delay (DCD):    2.747ns = ( 22.747 - 20.000 ) 
    Source Clock Delay      (SCD):    2.942ns
    Clock Pessimism Removal (CPR):    0.115ns
  Clock Uncertainty:      0.302ns  ((TSJ^2 + TIJ^2)^1/2 + DJ) / 2 + PE
    Total System Jitter     (TSJ):    0.071ns
    Total Input Jitter      (TIJ):    0.600ns
    Discrete Jitter          (DJ):    0.000ns
    Phase Error              (PE):    0.000ns

    Location             Delay type                Incr(ns)  Path(ns)    Netlist Resource(s)
  -------------------------------------------------------------------    -------------------
                         (clock clk_fpga_0 rise edge)
                                                      0.000     0.000 r  
    PS7_X0Y0             PS7                          0.000     0.000 r  design_1_i/processing_system7_0/inst/PS7_i/FCLKCLK[0]
                         net (fo=1, routed)           1.193     1.193    design_1_i/processing_system7_0/inst/FCLK_CLK_unbuffered[0]
    BUFGCTRL_X0Y16       BUFG (Prop_bufg_I_O)         0.101     1.294 r  design_1_i/processing_system7_0/inst/buffer_fclk_clk_0.FCLK_CLK_0_BUFG/O
                         net (fo=18046, routed)       1.648     2.942    design_1_i/conv2d_stream_0/inst/grp_conv2d_stream_Pipeline_VITIS_LOOP_68_3_mainLoop_cols_fu_367/ap_clk
    SLICE_X38Y62         FDRE                                         r  design_1_i/conv2d_stream_0/inst/grp_conv2d_stream_Pipeline_VITIS_LOOP_68_3_mainLoop_cols_fu_367/pj_fu_218_reg[2]/C
  -------------------------------------------------------------------    -------------------
    SLICE_X38Y62         FDRE (Prop_fdre_C_Q)         0.478     3.420 r  design_1_i/conv2d_stream_0/inst/grp_conv2d_stream_Pipeline_VITIS_LOOP_68_3_mainLoop_cols_fu_367/pj_fu_218_reg[2]/Q
                         net (fo=11, routed)          1.929     5.349    design_1_i/conv2d_stream_0/inst/grp_conv2d_stream_Pipeline_VITIS_LOOP_68_3_mainLoop_cols_fu_367/fadd_32ns_32ns_32_5_full_dsp_1_U52/Q[2]
    SLICE_X37Y94         LUT6 (Prop_lut6_I1_O)        0.295     5.644 r  design_1_i/conv2d_stream_0/inst/grp_conv2d_stream_Pipeline_VITIS_LOOP_68_3_mainLoop_cols_fu_367/fadd_32ns_32ns_32_5_full_dsp_1_U52/pj_fu_218[7]_i_18/O
                         net (fo=1, routed)           0.000     5.644    design_1_i/conv2d_stream_0/inst/grp_conv2d_stream_Pipeline_VITIS_LOOP_68_3_mainLoop_cols_fu_367/fadd_32ns_32ns_32_5_full_dsp_1_U52/pj_fu_218[7]_i_18_n_2
    SLICE_X37Y94         CARRY4 (Prop_carry4_S[0]_CO[3])
                                                      0.532     6.176 r  design_1_i/conv2d_stream_0/inst/grp_conv2d_stream_Pipeline_VITIS_LOOP_68_3_mainLoop_cols_fu_367/fadd_32ns_32ns_32_5_full_dsp_1_U52/pj_fu_218_reg[7]_i_10/CO[3]
                         net (fo=1, routed)           0.000     6.176    design_1_i/conv2d_stream_0/inst/grp_conv2d_stream_Pipeline_VITIS_LOOP_68_3_mainLoop_cols_fu_367/fadd_32ns_32ns_32_5_full_dsp_1_U52/pj_fu_218_reg[7]_i_10_n_2
    SLICE_X37Y95         CARRY4 (Prop_carry4_CI_CO[3])
                                                      0.114     6.290 r  design_1_i/conv2d_stream_0/inst/grp_conv2d_stream_Pipeline_VITIS_LOOP_68_3_mainLoop_cols_fu_367/fadd_32ns_32ns_32_5_full_dsp_1_U52/pj_fu_218_reg[7]_i_6/CO[3]
                         net (fo=1, routed)           0.000     6.290    design_1_i/conv2d_stream_0/inst/grp_conv2d_stream_Pipeline_VITIS_LOOP_68_3_mainLoop_cols_fu_367/fadd_32ns_32ns_32_5_full_dsp_1_U52/pj_fu_218_reg[7]_i_6_n_2
    SLICE_X37Y96         CARRY4 (Prop_carry4_CI_CO[2])
                                                      0.228     6.518 r  design_1_i/conv2d_stream_0/inst/grp_conv2d_stream_Pipeline_VITIS_LOOP_68_3_mainLoop_cols_fu_367/fadd_32ns_32ns_32_5_full_dsp_1_U52/pj_fu_218_reg[7]_i_5/CO[2]
                         net (fo=30, routed)          1.908     8.426    design_1_i/conv2d_stream_0/inst/grp_conv2d_stream_Pipeline_VITIS_LOOP_68_3_mainLoop_cols_fu_367/fadd_32ns_32ns_32_5_full_dsp_1_U52/CO[0]
    SLICE_X39Y60         LUT3 (Prop_lut3_I0_O)        0.339     8.765 r  design_1_i/conv2d_stream_0/inst/grp_conv2d_stream_Pipeline_VITIS_LOOP_68_3_mainLoop_cols_fu_367/fadd_32ns_32ns_32_5_full_dsp_1_U52/and_ln79_1_reg_2331[0]_i_4/O
                         net (fo=27, routed)          0.779     9.544    design_1_i/conv2d_stream_0/inst/grp_conv2d_stream_Pipeline_VITIS_LOOP_68_3_mainLoop_cols_fu_367/fadd_32ns_32ns_32_5_full_dsp_1_U52/pj_fu_218_reg[7]
    SLICE_X40Y64         LUT3 (Prop_lut3_I0_O)        0.332     9.876 r  design_1_i/conv2d_stream_0/inst/grp_conv2d_stream_Pipeline_VITIS_LOOP_68_3_mainLoop_cols_fu_367/fadd_32ns_32ns_32_5_full_dsp_1_U52/and_ln79_1_reg_2331[0]_i_65/O
                         net (fo=1, routed)           0.000     9.876    design_1_i/conv2d_stream_0/inst/grp_conv2d_stream_Pipeline_VITIS_LOOP_68_3_mainLoop_cols_fu_367/fadd_32ns_32ns_32_5_full_dsp_1_U52/and_ln79_1_reg_2331[0]_i_65_n_2
    SLICE_X40Y64         CARRY4 (Prop_carry4_S[1]_CO[3])
                                                      0.550    10.426 r  design_1_i/conv2d_stream_0/inst/grp_conv2d_stream_Pipeline_VITIS_LOOP_68_3_mainLoop_cols_fu_367/fadd_32ns_32ns_32_5_full_dsp_1_U52/and_ln79_1_reg_2331_reg[0]_i_35/CO[3]
                         net (fo=1, routed)           0.000    10.426    design_1_i/conv2d_stream_0/inst/grp_conv2d_stream_Pipeline_VITIS_LOOP_68_3_mainLoop_cols_fu_367/fadd_32ns_32ns_32_5_full_dsp_1_U52/and_ln79_1_reg_2331_reg[0]_i_35_n_2
    SLICE_X40Y65         CARRY4 (Prop_carry4_CI_CO[3])
                                                      0.114    10.540 r  design_1_i/conv2d_stream_0/inst/grp_conv2d_stream_Pipeline_VITIS_LOOP_68_3_mainLoop_cols_fu_367/fadd_32ns_32ns_32_5_full_dsp_1_U52/and_ln79_1_reg_2331_reg[0]_i_12/CO[3]
                         net (fo=1, routed)           0.000    10.540    design_1_i/conv2d_stream_0/inst/grp_conv2d_stream_Pipeline_VITIS_LOOP_68_3_mainLoop_cols_fu_367/fadd_32ns_32ns_32_5_full_dsp_1_U52/and_ln79_1_reg_2331_reg[0]_i_12_n_2
    SLICE_X40Y66         CARRY4 (Prop_carry4_CI_CO[3])
                                                      0.114    10.654 f  design_1_i/conv2d_stream_0/inst/grp_conv2d_stream_Pipeline_VITIS_LOOP_68_3_mainLoop_cols_fu_367/fadd_32ns_32ns_32_5_full_dsp_1_U52/and_ln79_1_reg_2331_reg[0]_i_7/CO[3]
                         net (fo=4, routed)           1.136    11.790    design_1_i/conv2d_stream_0/inst/grp_conv2d_stream_Pipeline_VITIS_LOOP_68_3_mainLoop_cols_fu_367/fadd_32ns_32ns_32_5_full_dsp_1_U52/cols_read_reg_673_reg[30][0]
    SLICE_X39Y59         LUT6 (Prop_lut6_I0_O)        0.124    11.914 r  design_1_i/conv2d_stream_0/inst/grp_conv2d_stream_Pipeline_VITIS_LOOP_68_3_mainLoop_cols_fu_367/fadd_32ns_32ns_32_5_full_dsp_1_U52/ce_r_i_2/O
                         net (fo=3, routed)           1.239    13.153    design_1_i/conv2d_stream_0/inst/grp_conv2d_stream_Pipeline_VITIS_LOOP_68_3_mainLoop_cols_fu_367/fadd_32ns_32ns_32_5_full_dsp_1_U52/pj_fu_218_reg[7]_0
    SLICE_X37Y42         LUT5 (Prop_lut5_I0_O)        0.124    13.277 r  design_1_i/conv2d_stream_0/inst/grp_conv2d_stream_Pipeline_VITIS_LOOP_68_3_mainLoop_cols_fu_367/fadd_32ns_32ns_32_5_full_dsp_1_U52/ce_r_i_1/O
                         net (fo=6051, routed)        0.906    14.183    design_1_i/conv2d_stream_0/inst/grp_conv2d_stream_Pipeline_VITIS_LOOP_68_3_mainLoop_cols_fu_367/flow_control_loop_pipe_sequential_init_U/grp_fu_741_ce
    SLICE_X41Y34         LUT6 (Prop_lut6_I5_O)        0.124    14.307 r  design_1_i/conv2d_stream_0/inst/grp_conv2d_stream_Pipeline_VITIS_LOOP_68_3_mainLoop_cols_fu_367/flow_control_loop_pipe_sequential_init_U/window_4_3_fu_298[31]_i_2/O
                         net (fo=132, routed)         1.496    15.802    design_1_i/conv2d_stream_0/inst/grp_conv2d_stream_Pipeline_VITIS_LOOP_68_3_mainLoop_cols_fu_367/flow_control_loop_pipe_sequential_init_U/window_4_1_4_fu_286
    SLICE_X28Y9          LUT3 (Prop_lut3_I0_O)        0.118    15.920 r  design_1_i/conv2d_stream_0/inst/grp_conv2d_stream_Pipeline_VITIS_LOOP_68_3_mainLoop_cols_fu_367/flow_control_loop_pipe_sequential_init_U/window_4_3_fu_298[31]_i_1/O
                         net (fo=32, routed)          1.254    17.175    design_1_i/conv2d_stream_0/inst/grp_conv2d_stream_Pipeline_VITIS_LOOP_68_3_mainLoop_cols_fu_367/flow_control_loop_pipe_sequential_init_U_n_267
    SLICE_X18Y21         FDRE                                         r  design_1_i/conv2d_stream_0/inst/grp_conv2d_stream_Pipeline_VITIS_LOOP_68_3_mainLoop_cols_fu_367/window_4_3_fu_298_reg[29]/R
  -------------------------------------------------------------------    -------------------

                         (clock clk_fpga_0 rise edge)
                                                     20.000    20.000 r  
    PS7_X0Y0             PS7                          0.000    20.000 r  design_1_i/processing_system7_0/inst/PS7_i/FCLKCLK[0]
                         net (fo=1, routed)           1.088    21.088    design_1_i/processing_system7_0/inst/FCLK_CLK_unbuffered[0]
    BUFGCTRL_X0Y16       BUFG (Prop_bufg_I_O)         0.091    21.179 r  design_1_i/processing_system7_0/inst/buffer_fclk_clk_0.FCLK_CLK_0_BUFG/O
                         net (fo=18046, routed)       1.568    22.747    design_1_i/conv2d_stream_0/inst/grp_conv2d_stream_Pipeline_VITIS_LOOP_68_3_mainLoop_cols_fu_367/ap_clk
    SLICE_X18Y21         FDRE                                         r  design_1_i/conv2d_stream_0/inst/grp_conv2d_stream_Pipeline_VITIS_LOOP_68_3_mainLoop_cols_fu_367/window_4_3_fu_298_reg[29]/C
                         clock pessimism              0.115    22.862    
                         clock uncertainty           -0.302    22.560    
    SLICE_X18Y21         FDRE (Setup_fdre_C_R)       -0.726    21.834    design_1_i/conv2d_stream_0/inst/grp_conv2d_stream_Pipeline_VITIS_LOOP_68_3_mainLoop_cols_fu_367/window_4_3_fu_298_reg[29]
  -------------------------------------------------------------------
                         required time                         21.834    
                         arrival time                         -17.175    
  -------------------------------------------------------------------
                         slack                                  4.660    

Slack (MET) :             4.683ns  (required time - arrival time)
  Source:                 design_1_i/conv2d_stream_0/inst/grp_conv2d_stream_Pipeline_VITIS_LOOP_68_3_mainLoop_cols_fu_367/pj_fu_218_reg[2]/C
                            (rising edge-triggered cell FDRE clocked by clk_fpga_0  {rise@0.000ns fall@10.000ns period=20.000ns})
  Destination:            design_1_i/conv2d_stream_0/inst/grp_conv2d_stream_Pipeline_VITIS_LOOP_68_3_mainLoop_cols_fu_367/window_4_3_fu_298_reg[11]/R
                            (rising edge-triggered cell FDRE clocked by clk_fpga_0  {rise@0.000ns fall@10.000ns period=20.000ns})
  Path Group:             clk_fpga_0
  Path Type:              Setup (Max at Slow Process Corner)
  Requirement:            20.000ns  (clk_fpga_0 rise@20.000ns - clk_fpga_0 rise@0.000ns)
  Data Path Delay:        14.211ns  (logic 3.586ns (25.235%)  route 10.625ns (74.765%))
  Logic Levels:           13  (CARRY4=6 LUT3=3 LUT5=1 LUT6=3)
  Clock Path Skew:        -0.079ns (DCD - SCD + CPR)
    Destination Clock Delay (DCD):    2.748ns = ( 22.749 - 20.000 ) 
    Source Clock Delay      (SCD):    2.942ns
    Clock Pessimism Removal (CPR):    0.115ns
  Clock Uncertainty:      0.302ns  ((TSJ^2 + TIJ^2)^1/2 + DJ) / 2 + PE
    Total System Jitter     (TSJ):    0.071ns
    Total Input Jitter      (TIJ):    0.600ns
    Discrete Jitter          (DJ):    0.000ns
    Phase Error              (PE):    0.000ns

    Location             Delay type                Incr(ns)  Path(ns)    Netlist Resource(s)
  -------------------------------------------------------------------    -------------------
                         (clock clk_fpga_0 rise edge)
                                                      0.000     0.000 r  
    PS7_X0Y0             PS7                          0.000     0.000 r  design_1_i/processing_system7_0/inst/PS7_i/FCLKCLK[0]
                         net (fo=1, routed)           1.193     1.193    design_1_i/processing_system7_0/inst/FCLK_CLK_unbuffered[0]
    BUFGCTRL_X0Y16       BUFG (Prop_bufg_I_O)         0.101     1.294 r  design_1_i/processing_system7_0/inst/buffer_fclk_clk_0.FCLK_CLK_0_BUFG/O
                         net (fo=18046, routed)       1.648     2.942    design_1_i/conv2d_stream_0/inst/grp_conv2d_stream_Pipeline_VITIS_LOOP_68_3_mainLoop_cols_fu_367/ap_clk
    SLICE_X38Y62         FDRE                                         r  design_1_i/conv2d_stream_0/inst/grp_conv2d_stream_Pipeline_VITIS_LOOP_68_3_mainLoop_cols_fu_367/pj_fu_218_reg[2]/C
  -------------------------------------------------------------------    -------------------
    SLICE_X38Y62         FDRE (Prop_fdre_C_Q)         0.478     3.420 r  design_1_i/conv2d_stream_0/inst/grp_conv2d_stream_Pipeline_VITIS_LOOP_68_3_mainLoop_cols_fu_367/pj_fu_218_reg[2]/Q
                         net (fo=11, routed)          1.929     5.349    design_1_i/conv2d_stream_0/inst/grp_conv2d_stream_Pipeline_VITIS_LOOP_68_3_mainLoop_cols_fu_367/fadd_32ns_32ns_32_5_full_dsp_1_U52/Q[2]
    SLICE_X37Y94         LUT6 (Prop_lut6_I1_O)        0.295     5.644 r  design_1_i/conv2d_stream_0/inst/grp_conv2d_stream_Pipeline_VITIS_LOOP_68_3_mainLoop_cols_fu_367/fadd_32ns_32ns_32_5_full_dsp_1_U52/pj_fu_218[7]_i_18/O
                         net (fo=1, routed)           0.000     5.644    design_1_i/conv2d_stream_0/inst/grp_conv2d_stream_Pipeline_VITIS_LOOP_68_3_mainLoop_cols_fu_367/fadd_32ns_32ns_32_5_full_dsp_1_U52/pj_fu_218[7]_i_18_n_2
    SLICE_X37Y94         CARRY4 (Prop_carry4_S[0]_CO[3])
                                                      0.532     6.176 r  design_1_i/conv2d_stream_0/inst/grp_conv2d_stream_Pipeline_VITIS_LOOP_68_3_mainLoop_cols_fu_367/fadd_32ns_32ns_32_5_full_dsp_1_U52/pj_fu_218_reg[7]_i_10/CO[3]
                         net (fo=1, routed)           0.000     6.176    design_1_i/conv2d_stream_0/inst/grp_conv2d_stream_Pipeline_VITIS_LOOP_68_3_mainLoop_cols_fu_367/fadd_32ns_32ns_32_5_full_dsp_1_U52/pj_fu_218_reg[7]_i_10_n_2
    SLICE_X37Y95         CARRY4 (Prop_carry4_CI_CO[3])
                                                      0.114     6.290 r  design_1_i/conv2d_stream_0/inst/grp_conv2d_stream_Pipeline_VITIS_LOOP_68_3_mainLoop_cols_fu_367/fadd_32ns_32ns_32_5_full_dsp_1_U52/pj_fu_218_reg[7]_i_6/CO[3]
                         net (fo=1, routed)           0.000     6.290    design_1_i/conv2d_stream_0/inst/grp_conv2d_stream_Pipeline_VITIS_LOOP_68_3_mainLoop_cols_fu_367/fadd_32ns_32ns_32_5_full_dsp_1_U52/pj_fu_218_reg[7]_i_6_n_2
    SLICE_X37Y96         CARRY4 (Prop_carry4_CI_CO[2])
                                                      0.228     6.518 r  design_1_i/conv2d_stream_0/inst/grp_conv2d_stream_Pipeline_VITIS_LOOP_68_3_mainLoop_cols_fu_367/fadd_32ns_32ns_32_5_full_dsp_1_U52/pj_fu_218_reg[7]_i_5/CO[2]
                         net (fo=30, routed)          1.908     8.426    design_1_i/conv2d_stream_0/inst/grp_conv2d_stream_Pipeline_VITIS_LOOP_68_3_mainLoop_cols_fu_367/fadd_32ns_32ns_32_5_full_dsp_1_U52/CO[0]
    SLICE_X39Y60         LUT3 (Prop_lut3_I0_O)        0.339     8.765 r  design_1_i/conv2d_stream_0/inst/grp_conv2d_stream_Pipeline_VITIS_LOOP_68_3_mainLoop_cols_fu_367/fadd_32ns_32ns_32_5_full_dsp_1_U52/and_ln79_1_reg_2331[0]_i_4/O
                         net (fo=27, routed)          0.779     9.544    design_1_i/conv2d_stream_0/inst/grp_conv2d_stream_Pipeline_VITIS_LOOP_68_3_mainLoop_cols_fu_367/fadd_32ns_32ns_32_5_full_dsp_1_U52/pj_fu_218_reg[7]
    SLICE_X40Y64         LUT3 (Prop_lut3_I0_O)        0.332     9.876 r  design_1_i/conv2d_stream_0/inst/grp_conv2d_stream_Pipeline_VITIS_LOOP_68_3_mainLoop_cols_fu_367/fadd_32ns_32ns_32_5_full_dsp_1_U52/and_ln79_1_reg_2331[0]_i_65/O
                         net (fo=1, routed)           0.000     9.876    design_1_i/conv2d_stream_0/inst/grp_conv2d_stream_Pipeline_VITIS_LOOP_68_3_mainLoop_cols_fu_367/fadd_32ns_32ns_32_5_full_dsp_1_U52/and_ln79_1_reg_2331[0]_i_65_n_2
    SLICE_X40Y64         CARRY4 (Prop_carry4_S[1]_CO[3])
                                                      0.550    10.426 r  design_1_i/conv2d_stream_0/inst/grp_conv2d_stream_Pipeline_VITIS_LOOP_68_3_mainLoop_cols_fu_367/fadd_32ns_32ns_32_5_full_dsp_1_U52/and_ln79_1_reg_2331_reg[0]_i_35/CO[3]
                         net (fo=1, routed)           0.000    10.426    design_1_i/conv2d_stream_0/inst/grp_conv2d_stream_Pipeline_VITIS_LOOP_68_3_mainLoop_cols_fu_367/fadd_32ns_32ns_32_5_full_dsp_1_U52/and_ln79_1_reg_2331_reg[0]_i_35_n_2
    SLICE_X40Y65         CARRY4 (Prop_carry4_CI_CO[3])
                                                      0.114    10.540 r  design_1_i/conv2d_stream_0/inst/grp_conv2d_stream_Pipeline_VITIS_LOOP_68_3_mainLoop_cols_fu_367/fadd_32ns_32ns_32_5_full_dsp_1_U52/and_ln79_1_reg_2331_reg[0]_i_12/CO[3]
                         net (fo=1, routed)           0.000    10.540    design_1_i/conv2d_stream_0/inst/grp_conv2d_stream_Pipeline_VITIS_LOOP_68_3_mainLoop_cols_fu_367/fadd_32ns_32ns_32_5_full_dsp_1_U52/and_ln79_1_reg_2331_reg[0]_i_12_n_2
    SLICE_X40Y66         CARRY4 (Prop_carry4_CI_CO[3])
                                                      0.114    10.654 f  design_1_i/conv2d_stream_0/inst/grp_conv2d_stream_Pipeline_VITIS_LOOP_68_3_mainLoop_cols_fu_367/fadd_32ns_32ns_32_5_full_dsp_1_U52/and_ln79_1_reg_2331_reg[0]_i_7/CO[3]
                         net (fo=4, routed)           1.136    11.790    design_1_i/conv2d_stream_0/inst/grp_conv2d_stream_Pipeline_VITIS_LOOP_68_3_mainLoop_cols_fu_367/fadd_32ns_32ns_32_5_full_dsp_1_U52/cols_read_reg_673_reg[30][0]
    SLICE_X39Y59         LUT6 (Prop_lut6_I0_O)        0.124    11.914 r  design_1_i/conv2d_stream_0/inst/grp_conv2d_stream_Pipeline_VITIS_LOOP_68_3_mainLoop_cols_fu_367/fadd_32ns_32ns_32_5_full_dsp_1_U52/ce_r_i_2/O
                         net (fo=3, routed)           1.239    13.153    design_1_i/conv2d_stream_0/inst/grp_conv2d_stream_Pipeline_VITIS_LOOP_68_3_mainLoop_cols_fu_367/fadd_32ns_32ns_32_5_full_dsp_1_U52/pj_fu_218_reg[7]_0
    SLICE_X37Y42         LUT5 (Prop_lut5_I0_O)        0.124    13.277 r  design_1_i/conv2d_stream_0/inst/grp_conv2d_stream_Pipeline_VITIS_LOOP_68_3_mainLoop_cols_fu_367/fadd_32ns_32ns_32_5_full_dsp_1_U52/ce_r_i_1/O
                         net (fo=6051, routed)        0.906    14.183    design_1_i/conv2d_stream_0/inst/grp_conv2d_stream_Pipeline_VITIS_LOOP_68_3_mainLoop_cols_fu_367/flow_control_loop_pipe_sequential_init_U/grp_fu_741_ce
    SLICE_X41Y34         LUT6 (Prop_lut6_I5_O)        0.124    14.307 r  design_1_i/conv2d_stream_0/inst/grp_conv2d_stream_Pipeline_VITIS_LOOP_68_3_mainLoop_cols_fu_367/flow_control_loop_pipe_sequential_init_U/window_4_3_fu_298[31]_i_2/O
                         net (fo=132, routed)         1.496    15.802    design_1_i/conv2d_stream_0/inst/grp_conv2d_stream_Pipeline_VITIS_LOOP_68_3_mainLoop_cols_fu_367/flow_control_loop_pipe_sequential_init_U/window_4_1_4_fu_286
    SLICE_X28Y9          LUT3 (Prop_lut3_I0_O)        0.118    15.920 r  design_1_i/conv2d_stream_0/inst/grp_conv2d_stream_Pipeline_VITIS_LOOP_68_3_mainLoop_cols_fu_367/flow_control_loop_pipe_sequential_init_U/window_4_3_fu_298[31]_i_1/O
                         net (fo=32, routed)          1.232    17.153    design_1_i/conv2d_stream_0/inst/grp_conv2d_stream_Pipeline_VITIS_LOOP_68_3_mainLoop_cols_fu_367/flow_control_loop_pipe_sequential_init_U_n_267
    SLICE_X16Y20         FDRE                                         r  design_1_i/conv2d_stream_0/inst/grp_conv2d_stream_Pipeline_VITIS_LOOP_68_3_mainLoop_cols_fu_367/window_4_3_fu_298_reg[11]/R
  -------------------------------------------------------------------    -------------------

                         (clock clk_fpga_0 rise edge)
                                                     20.000    20.000 r  
    PS7_X0Y0             PS7                          0.000    20.000 r  design_1_i/processing_system7_0/inst/PS7_i/FCLKCLK[0]
                         net (fo=1, routed)           1.088    21.088    design_1_i/processing_system7_0/inst/FCLK_CLK_unbuffered[0]
    BUFGCTRL_X0Y16       BUFG (Prop_bufg_I_O)         0.091    21.179 r  design_1_i/processing_system7_0/inst/buffer_fclk_clk_0.FCLK_CLK_0_BUFG/O
                         net (fo=18046, routed)       1.569    22.749    design_1_i/conv2d_stream_0/inst/grp_conv2d_stream_Pipeline_VITIS_LOOP_68_3_mainLoop_cols_fu_367/ap_clk
    SLICE_X16Y20         FDRE                                         r  design_1_i/conv2d_stream_0/inst/grp_conv2d_stream_Pipeline_VITIS_LOOP_68_3_mainLoop_cols_fu_367/window_4_3_fu_298_reg[11]/C
                         clock pessimism              0.115    22.863    
                         clock uncertainty           -0.302    22.561    
    SLICE_X16Y20         FDRE (Setup_fdre_C_R)       -0.726    21.835    design_1_i/conv2d_stream_0/inst/grp_conv2d_stream_Pipeline_VITIS_LOOP_68_3_mainLoop_cols_fu_367/window_4_3_fu_298_reg[11]
  -------------------------------------------------------------------
                         required time                         21.835    
                         arrival time                         -17.153    
  -------------------------------------------------------------------
                         slack                                  4.683    

Slack (MET) :             4.683ns  (required time - arrival time)
  Source:                 design_1_i/conv2d_stream_0/inst/grp_conv2d_stream_Pipeline_VITIS_LOOP_68_3_mainLoop_cols_fu_367/pj_fu_218_reg[2]/C
                            (rising edge-triggered cell FDRE clocked by clk_fpga_0  {rise@0.000ns fall@10.000ns period=20.000ns})
  Destination:            design_1_i/conv2d_stream_0/inst/grp_conv2d_stream_Pipeline_VITIS_LOOP_68_3_mainLoop_cols_fu_367/window_4_3_fu_298_reg[19]/R
                            (rising edge-triggered cell FDRE clocked by clk_fpga_0  {rise@0.000ns fall@10.000ns period=20.000ns})
  Path Group:             clk_fpga_0
  Path Type:              Setup (Max at Slow Process Corner)
  Requirement:            20.000ns  (clk_fpga_0 rise@20.000ns - clk_fpga_0 rise@0.000ns)
  Data Path Delay:        14.211ns  (logic 3.586ns (25.235%)  route 10.625ns (74.765%))
  Logic Levels:           13  (CARRY4=6 LUT3=3 LUT5=1 LUT6=3)
  Clock Path Skew:        -0.079ns (DCD - SCD + CPR)
    Destination Clock Delay (DCD):    2.748ns = ( 22.749 - 20.000 ) 
    Source Clock Delay      (SCD):    2.942ns
    Clock Pessimism Removal (CPR):    0.115ns
  Clock Uncertainty:      0.302ns  ((TSJ^2 + TIJ^2)^1/2 + DJ) / 2 + PE
    Total System Jitter     (TSJ):    0.071ns
    Total Input Jitter      (TIJ):    0.600ns
    Discrete Jitter          (DJ):    0.000ns
    Phase Error              (PE):    0.000ns

    Location             Delay type                Incr(ns)  Path(ns)    Netlist Resource(s)
  -------------------------------------------------------------------    -------------------
                         (clock clk_fpga_0 rise edge)
                                                      0.000     0.000 r  
    PS7_X0Y0             PS7                          0.000     0.000 r  design_1_i/processing_system7_0/inst/PS7_i/FCLKCLK[0]
                         net (fo=1, routed)           1.193     1.193    design_1_i/processing_system7_0/inst/FCLK_CLK_unbuffered[0]
    BUFGCTRL_X0Y16       BUFG (Prop_bufg_I_O)         0.101     1.294 r  design_1_i/processing_system7_0/inst/buffer_fclk_clk_0.FCLK_CLK_0_BUFG/O
                         net (fo=18046, routed)       1.648     2.942    design_1_i/conv2d_stream_0/inst/grp_conv2d_stream_Pipeline_VITIS_LOOP_68_3_mainLoop_cols_fu_367/ap_clk
    SLICE_X38Y62         FDRE                                         r  design_1_i/conv2d_stream_0/inst/grp_conv2d_stream_Pipeline_VITIS_LOOP_68_3_mainLoop_cols_fu_367/pj_fu_218_reg[2]/C
  -------------------------------------------------------------------    -------------------
    SLICE_X38Y62         FDRE (Prop_fdre_C_Q)         0.478     3.420 r  design_1_i/conv2d_stream_0/inst/grp_conv2d_stream_Pipeline_VITIS_LOOP_68_3_mainLoop_cols_fu_367/pj_fu_218_reg[2]/Q
                         net (fo=11, routed)          1.929     5.349    design_1_i/conv2d_stream_0/inst/grp_conv2d_stream_Pipeline_VITIS_LOOP_68_3_mainLoop_cols_fu_367/fadd_32ns_32ns_32_5_full_dsp_1_U52/Q[2]
    SLICE_X37Y94         LUT6 (Prop_lut6_I1_O)        0.295     5.644 r  design_1_i/conv2d_stream_0/inst/grp_conv2d_stream_Pipeline_VITIS_LOOP_68_3_mainLoop_cols_fu_367/fadd_32ns_32ns_32_5_full_dsp_1_U52/pj_fu_218[7]_i_18/O
                         net (fo=1, routed)           0.000     5.644    design_1_i/conv2d_stream_0/inst/grp_conv2d_stream_Pipeline_VITIS_LOOP_68_3_mainLoop_cols_fu_367/fadd_32ns_32ns_32_5_full_dsp_1_U52/pj_fu_218[7]_i_18_n_2
    SLICE_X37Y94         CARRY4 (Prop_carry4_S[0]_CO[3])
                                                      0.532     6.176 r  design_1_i/conv2d_stream_0/inst/grp_conv2d_stream_Pipeline_VITIS_LOOP_68_3_mainLoop_cols_fu_367/fadd_32ns_32ns_32_5_full_dsp_1_U52/pj_fu_218_reg[7]_i_10/CO[3]
                         net (fo=1, routed)           0.000     6.176    design_1_i/conv2d_stream_0/inst/grp_conv2d_stream_Pipeline_VITIS_LOOP_68_3_mainLoop_cols_fu_367/fadd_32ns_32ns_32_5_full_dsp_1_U52/pj_fu_218_reg[7]_i_10_n_2
    SLICE_X37Y95         CARRY4 (Prop_carry4_CI_CO[3])
                                                      0.114     6.290 r  design_1_i/conv2d_stream_0/inst/grp_conv2d_stream_Pipeline_VITIS_LOOP_68_3_mainLoop_cols_fu_367/fadd_32ns_32ns_32_5_full_dsp_1_U52/pj_fu_218_reg[7]_i_6/CO[3]
                         net (fo=1, routed)           0.000     6.290    design_1_i/conv2d_stream_0/inst/grp_conv2d_stream_Pipeline_VITIS_LOOP_68_3_mainLoop_cols_fu_367/fadd_32ns_32ns_32_5_full_dsp_1_U52/pj_fu_218_reg[7]_i_6_n_2
    SLICE_X37Y96         CARRY4 (Prop_carry4_CI_CO[2])
                                                      0.228     6.518 r  design_1_i/conv2d_stream_0/inst/grp_conv2d_stream_Pipeline_VITIS_LOOP_68_3_mainLoop_cols_fu_367/fadd_32ns_32ns_32_5_full_dsp_1_U52/pj_fu_218_reg[7]_i_5/CO[2]
                         net (fo=30, routed)          1.908     8.426    design_1_i/conv2d_stream_0/inst/grp_conv2d_stream_Pipeline_VITIS_LOOP_68_3_mainLoop_cols_fu_367/fadd_32ns_32ns_32_5_full_dsp_1_U52/CO[0]
    SLICE_X39Y60         LUT3 (Prop_lut3_I0_O)        0.339     8.765 r  design_1_i/conv2d_stream_0/inst/grp_conv2d_stream_Pipeline_VITIS_LOOP_68_3_mainLoop_cols_fu_367/fadd_32ns_32ns_32_5_full_dsp_1_U52/and_ln79_1_reg_2331[0]_i_4/O
                         net (fo=27, routed)          0.779     9.544    design_1_i/conv2d_stream_0/inst/grp_conv2d_stream_Pipeline_VITIS_LOOP_68_3_mainLoop_cols_fu_367/fadd_32ns_32ns_32_5_full_dsp_1_U52/pj_fu_218_reg[7]
    SLICE_X40Y64         LUT3 (Prop_lut3_I0_O)        0.332     9.876 r  design_1_i/conv2d_stream_0/inst/grp_conv2d_stream_Pipeline_VITIS_LOOP_68_3_mainLoop_cols_fu_367/fadd_32ns_32ns_32_5_full_dsp_1_U52/and_ln79_1_reg_2331[0]_i_65/O
                         net (fo=1, routed)           0.000     9.876    design_1_i/conv2d_stream_0/inst/grp_conv2d_stream_Pipeline_VITIS_LOOP_68_3_mainLoop_cols_fu_367/fadd_32ns_32ns_32_5_full_dsp_1_U52/and_ln79_1_reg_2331[0]_i_65_n_2
    SLICE_X40Y64         CARRY4 (Prop_carry4_S[1]_CO[3])
                                                      0.550    10.426 r  design_1_i/conv2d_stream_0/inst/grp_conv2d_stream_Pipeline_VITIS_LOOP_68_3_mainLoop_cols_fu_367/fadd_32ns_32ns_32_5_full_dsp_1_U52/and_ln79_1_reg_2331_reg[0]_i_35/CO[3]
                         net (fo=1, routed)           0.000    10.426    design_1_i/conv2d_stream_0/inst/grp_conv2d_stream_Pipeline_VITIS_LOOP_68_3_mainLoop_cols_fu_367/fadd_32ns_32ns_32_5_full_dsp_1_U52/and_ln79_1_reg_2331_reg[0]_i_35_n_2
    SLICE_X40Y65         CARRY4 (Prop_carry4_CI_CO[3])
                                                      0.114    10.540 r  design_1_i/conv2d_stream_0/inst/grp_conv2d_stream_Pipeline_VITIS_LOOP_68_3_mainLoop_cols_fu_367/fadd_32ns_32ns_32_5_full_dsp_1_U52/and_ln79_1_reg_2331_reg[0]_i_12/CO[3]
                         net (fo=1, routed)           0.000    10.540    design_1_i/conv2d_stream_0/inst/grp_conv2d_stream_Pipeline_VITIS_LOOP_68_3_mainLoop_cols_fu_367/fadd_32ns_32ns_32_5_full_dsp_1_U52/and_ln79_1_reg_2331_reg[0]_i_12_n_2
    SLICE_X40Y66         CARRY4 (Prop_carry4_CI_CO[3])
                                                      0.114    10.654 f  design_1_i/conv2d_stream_0/inst/grp_conv2d_stream_Pipeline_VITIS_LOOP_68_3_mainLoop_cols_fu_367/fadd_32ns_32ns_32_5_full_dsp_1_U52/and_ln79_1_reg_2331_reg[0]_i_7/CO[3]
                         net (fo=4, routed)           1.136    11.790    design_1_i/conv2d_stream_0/inst/grp_conv2d_stream_Pipeline_VITIS_LOOP_68_3_mainLoop_cols_fu_367/fadd_32ns_32ns_32_5_full_dsp_1_U52/cols_read_reg_673_reg[30][0]
    SLICE_X39Y59         LUT6 (Prop_lut6_I0_O)        0.124    11.914 r  design_1_i/conv2d_stream_0/inst/grp_conv2d_stream_Pipeline_VITIS_LOOP_68_3_mainLoop_cols_fu_367/fadd_32ns_32ns_32_5_full_dsp_1_U52/ce_r_i_2/O
                         net (fo=3, routed)           1.239    13.153    design_1_i/conv2d_stream_0/inst/grp_conv2d_stream_Pipeline_VITIS_LOOP_68_3_mainLoop_cols_fu_367/fadd_32ns_32ns_32_5_full_dsp_1_U52/pj_fu_218_reg[7]_0
    SLICE_X37Y42         LUT5 (Prop_lut5_I0_O)        0.124    13.277 r  design_1_i/conv2d_stream_0/inst/grp_conv2d_stream_Pipeline_VITIS_LOOP_68_3_mainLoop_cols_fu_367/fadd_32ns_32ns_32_5_full_dsp_1_U52/ce_r_i_1/O
                         net (fo=6051, routed)        0.906    14.183    design_1_i/conv2d_stream_0/inst/grp_conv2d_stream_Pipeline_VITIS_LOOP_68_3_mainLoop_cols_fu_367/flow_control_loop_pipe_sequential_init_U/grp_fu_741_ce
    SLICE_X41Y34         LUT6 (Prop_lut6_I5_O)        0.124    14.307 r  design_1_i/conv2d_stream_0/inst/grp_conv2d_stream_Pipeline_VITIS_LOOP_68_3_mainLoop_cols_fu_367/flow_control_loop_pipe_sequential_init_U/window_4_3_fu_298[31]_i_2/O
                         net (fo=132, routed)         1.496    15.802    design_1_i/conv2d_stream_0/inst/grp_conv2d_stream_Pipeline_VITIS_LOOP_68_3_mainLoop_cols_fu_367/flow_control_loop_pipe_sequential_init_U/window_4_1_4_fu_286
    SLICE_X28Y9          LUT3 (Prop_lut3_I0_O)        0.118    15.920 r  design_1_i/conv2d_stream_0/inst/grp_conv2d_stream_Pipeline_VITIS_LOOP_68_3_mainLoop_cols_fu_367/flow_control_loop_pipe_sequential_init_U/window_4_3_fu_298[31]_i_1/O
                         net (fo=32, routed)          1.232    17.153    design_1_i/conv2d_stream_0/inst/grp_conv2d_stream_Pipeline_VITIS_LOOP_68_3_mainLoop_cols_fu_367/flow_control_loop_pipe_sequential_init_U_n_267
    SLICE_X16Y20         FDRE                                         r  design_1_i/conv2d_stream_0/inst/grp_conv2d_stream_Pipeline_VITIS_LOOP_68_3_mainLoop_cols_fu_367/window_4_3_fu_298_reg[19]/R
  -------------------------------------------------------------------    -------------------

                         (clock clk_fpga_0 rise edge)
                                                     20.000    20.000 r  
    PS7_X0Y0             PS7                          0.000    20.000 r  design_1_i/processing_system7_0/inst/PS7_i/FCLKCLK[0]
                         net (fo=1, routed)           1.088    21.088    design_1_i/processing_system7_0/inst/FCLK_CLK_unbuffered[0]
    BUFGCTRL_X0Y16       BUFG (Prop_bufg_I_O)         0.091    21.179 r  design_1_i/processing_system7_0/inst/buffer_fclk_clk_0.FCLK_CLK_0_BUFG/O
                         net (fo=18046, routed)       1.569    22.749    design_1_i/conv2d_stream_0/inst/grp_conv2d_stream_Pipeline_VITIS_LOOP_68_3_mainLoop_cols_fu_367/ap_clk
    SLICE_X16Y20         FDRE                                         r  design_1_i/conv2d_stream_0/inst/grp_conv2d_stream_Pipeline_VITIS_LOOP_68_3_mainLoop_cols_fu_367/window_4_3_fu_298_reg[19]/C
                         clock pessimism              0.115    22.863    
                         clock uncertainty           -0.302    22.561    
    SLICE_X16Y20         FDRE (Setup_fdre_C_R)       -0.726    21.835    design_1_i/conv2d_stream_0/inst/grp_conv2d_stream_Pipeline_VITIS_LOOP_68_3_mainLoop_cols_fu_367/window_4_3_fu_298_reg[19]
  -------------------------------------------------------------------
                         required time                         21.835    
                         arrival time                         -17.153    
  -------------------------------------------------------------------
                         slack                                  4.683    

Slack (MET) :             4.683ns  (required time - arrival time)
  Source:                 design_1_i/conv2d_stream_0/inst/grp_conv2d_stream_Pipeline_VITIS_LOOP_68_3_mainLoop_cols_fu_367/pj_fu_218_reg[2]/C
                            (rising edge-triggered cell FDRE clocked by clk_fpga_0  {rise@0.000ns fall@10.000ns period=20.000ns})
  Destination:            design_1_i/conv2d_stream_0/inst/grp_conv2d_stream_Pipeline_VITIS_LOOP_68_3_mainLoop_cols_fu_367/window_4_3_fu_298_reg[21]/R
                            (rising edge-triggered cell FDRE clocked by clk_fpga_0  {rise@0.000ns fall@10.000ns period=20.000ns})
  Path Group:             clk_fpga_0
  Path Type:              Setup (Max at Slow Process Corner)
  Requirement:            20.000ns  (clk_fpga_0 rise@20.000ns - clk_fpga_0 rise@0.000ns)
  Data Path Delay:        14.211ns  (logic 3.586ns (25.235%)  route 10.625ns (74.765%))
  Logic Levels:           13  (CARRY4=6 LUT3=3 LUT5=1 LUT6=3)
  Clock Path Skew:        -0.079ns (DCD - SCD + CPR)
    Destination Clock Delay (DCD):    2.748ns = ( 22.749 - 20.000 ) 
    Source Clock Delay      (SCD):    2.942ns
    Clock Pessimism Removal (CPR):    0.115ns
  Clock Uncertainty:      0.302ns  ((TSJ^2 + TIJ^2)^1/2 + DJ) / 2 + PE
    Total System Jitter     (TSJ):    0.071ns
    Total Input Jitter      (TIJ):    0.600ns
    Discrete Jitter          (DJ):    0.000ns
    Phase Error              (PE):    0.000ns

    Location             Delay type                Incr(ns)  Path(ns)    Netlist Resource(s)
  -------------------------------------------------------------------    -------------------
                         (clock clk_fpga_0 rise edge)
                                                      0.000     0.000 r  
    PS7_X0Y0             PS7                          0.000     0.000 r  design_1_i/processing_system7_0/inst/PS7_i/FCLKCLK[0]
                         net (fo=1, routed)           1.193     1.193    design_1_i/processing_system7_0/inst/FCLK_CLK_unbuffered[0]
    BUFGCTRL_X0Y16       BUFG (Prop_bufg_I_O)         0.101     1.294 r  design_1_i/processing_system7_0/inst/buffer_fclk_clk_0.FCLK_CLK_0_BUFG/O
                         net (fo=18046, routed)       1.648     2.942    design_1_i/conv2d_stream_0/inst/grp_conv2d_stream_Pipeline_VITIS_LOOP_68_3_mainLoop_cols_fu_367/ap_clk
    SLICE_X38Y62         FDRE                                         r  design_1_i/conv2d_stream_0/inst/grp_conv2d_stream_Pipeline_VITIS_LOOP_68_3_mainLoop_cols_fu_367/pj_fu_218_reg[2]/C
  -------------------------------------------------------------------    -------------------
    SLICE_X38Y62         FDRE (Prop_fdre_C_Q)         0.478     3.420 r  design_1_i/conv2d_stream_0/inst/grp_conv2d_stream_Pipeline_VITIS_LOOP_68_3_mainLoop_cols_fu_367/pj_fu_218_reg[2]/Q
                         net (fo=11, routed)          1.929     5.349    design_1_i/conv2d_stream_0/inst/grp_conv2d_stream_Pipeline_VITIS_LOOP_68_3_mainLoop_cols_fu_367/fadd_32ns_32ns_32_5_full_dsp_1_U52/Q[2]
    SLICE_X37Y94         LUT6 (Prop_lut6_I1_O)        0.295     5.644 r  design_1_i/conv2d_stream_0/inst/grp_conv2d_stream_Pipeline_VITIS_LOOP_68_3_mainLoop_cols_fu_367/fadd_32ns_32ns_32_5_full_dsp_1_U52/pj_fu_218[7]_i_18/O
                         net (fo=1, routed)           0.000     5.644    design_1_i/conv2d_stream_0/inst/grp_conv2d_stream_Pipeline_VITIS_LOOP_68_3_mainLoop_cols_fu_367/fadd_32ns_32ns_32_5_full_dsp_1_U52/pj_fu_218[7]_i_18_n_2
    SLICE_X37Y94         CARRY4 (Prop_carry4_S[0]_CO[3])
                                                      0.532     6.176 r  design_1_i/conv2d_stream_0/inst/grp_conv2d_stream_Pipeline_VITIS_LOOP_68_3_mainLoop_cols_fu_367/fadd_32ns_32ns_32_5_full_dsp_1_U52/pj_fu_218_reg[7]_i_10/CO[3]
                         net (fo=1, routed)           0.000     6.176    design_1_i/conv2d_stream_0/inst/grp_conv2d_stream_Pipeline_VITIS_LOOP_68_3_mainLoop_cols_fu_367/fadd_32ns_32ns_32_5_full_dsp_1_U52/pj_fu_218_reg[7]_i_10_n_2
    SLICE_X37Y95         CARRY4 (Prop_carry4_CI_CO[3])
                                                      0.114     6.290 r  design_1_i/conv2d_stream_0/inst/grp_conv2d_stream_Pipeline_VITIS_LOOP_68_3_mainLoop_cols_fu_367/fadd_32ns_32ns_32_5_full_dsp_1_U52/pj_fu_218_reg[7]_i_6/CO[3]
                         net (fo=1, routed)           0.000     6.290    design_1_i/conv2d_stream_0/inst/grp_conv2d_stream_Pipeline_VITIS_LOOP_68_3_mainLoop_cols_fu_367/fadd_32ns_32ns_32_5_full_dsp_1_U52/pj_fu_218_reg[7]_i_6_n_2
    SLICE_X37Y96         CARRY4 (Prop_carry4_CI_CO[2])
                                                      0.228     6.518 r  design_1_i/conv2d_stream_0/inst/grp_conv2d_stream_Pipeline_VITIS_LOOP_68_3_mainLoop_cols_fu_367/fadd_32ns_32ns_32_5_full_dsp_1_U52/pj_fu_218_reg[7]_i_5/CO[2]
                         net (fo=30, routed)          1.908     8.426    design_1_i/conv2d_stream_0/inst/grp_conv2d_stream_Pipeline_VITIS_LOOP_68_3_mainLoop_cols_fu_367/fadd_32ns_32ns_32_5_full_dsp_1_U52/CO[0]
    SLICE_X39Y60         LUT3 (Prop_lut3_I0_O)        0.339     8.765 r  design_1_i/conv2d_stream_0/inst/grp_conv2d_stream_Pipeline_VITIS_LOOP_68_3_mainLoop_cols_fu_367/fadd_32ns_32ns_32_5_full_dsp_1_U52/and_ln79_1_reg_2331[0]_i_4/O
                         net (fo=27, routed)          0.779     9.544    design_1_i/conv2d_stream_0/inst/grp_conv2d_stream_Pipeline_VITIS_LOOP_68_3_mainLoop_cols_fu_367/fadd_32ns_32ns_32_5_full_dsp_1_U52/pj_fu_218_reg[7]
    SLICE_X40Y64         LUT3 (Prop_lut3_I0_O)        0.332     9.876 r  design_1_i/conv2d_stream_0/inst/grp_conv2d_stream_Pipeline_VITIS_LOOP_68_3_mainLoop_cols_fu_367/fadd_32ns_32ns_32_5_full_dsp_1_U52/and_ln79_1_reg_2331[0]_i_65/O
                         net (fo=1, routed)           0.000     9.876    design_1_i/conv2d_stream_0/inst/grp_conv2d_stream_Pipeline_VITIS_LOOP_68_3_mainLoop_cols_fu_367/fadd_32ns_32ns_32_5_full_dsp_1_U52/and_ln79_1_reg_2331[0]_i_65_n_2
    SLICE_X40Y64         CARRY4 (Prop_carry4_S[1]_CO[3])
                                                      0.550    10.426 r  design_1_i/conv2d_stream_0/inst/grp_conv2d_stream_Pipeline_VITIS_LOOP_68_3_mainLoop_cols_fu_367/fadd_32ns_32ns_32_5_full_dsp_1_U52/and_ln79_1_reg_2331_reg[0]_i_35/CO[3]
                         net (fo=1, routed)           0.000    10.426    design_1_i/conv2d_stream_0/inst/grp_conv2d_stream_Pipeline_VITIS_LOOP_68_3_mainLoop_cols_fu_367/fadd_32ns_32ns_32_5_full_dsp_1_U52/and_ln79_1_reg_2331_reg[0]_i_35_n_2
    SLICE_X40Y65         CARRY4 (Prop_carry4_CI_CO[3])
                                                      0.114    10.540 r  design_1_i/conv2d_stream_0/inst/grp_conv2d_stream_Pipeline_VITIS_LOOP_68_3_mainLoop_cols_fu_367/fadd_32ns_32ns_32_5_full_dsp_1_U52/and_ln79_1_reg_2331_reg[0]_i_12/CO[3]
                         net (fo=1, routed)           0.000    10.540    design_1_i/conv2d_stream_0/inst/grp_conv2d_stream_Pipeline_VITIS_LOOP_68_3_mainLoop_cols_fu_367/fadd_32ns_32ns_32_5_full_dsp_1_U52/and_ln79_1_reg_2331_reg[0]_i_12_n_2
    SLICE_X40Y66         CARRY4 (Prop_carry4_CI_CO[3])
                                                      0.114    10.654 f  design_1_i/conv2d_stream_0/inst/grp_conv2d_stream_Pipeline_VITIS_LOOP_68_3_mainLoop_cols_fu_367/fadd_32ns_32ns_32_5_full_dsp_1_U52/and_ln79_1_reg_2331_reg[0]_i_7/CO[3]
                         net (fo=4, routed)           1.136    11.790    design_1_i/conv2d_stream_0/inst/grp_conv2d_stream_Pipeline_VITIS_LOOP_68_3_mainLoop_cols_fu_367/fadd_32ns_32ns_32_5_full_dsp_1_U52/cols_read_reg_673_reg[30][0]
    SLICE_X39Y59         LUT6 (Prop_lut6_I0_O)        0.124    11.914 r  design_1_i/conv2d_stream_0/inst/grp_conv2d_stream_Pipeline_VITIS_LOOP_68_3_mainLoop_cols_fu_367/fadd_32ns_32ns_32_5_full_dsp_1_U52/ce_r_i_2/O
                         net (fo=3, routed)           1.239    13.153    design_1_i/conv2d_stream_0/inst/grp_conv2d_stream_Pipeline_VITIS_LOOP_68_3_mainLoop_cols_fu_367/fadd_32ns_32ns_32_5_full_dsp_1_U52/pj_fu_218_reg[7]_0
    SLICE_X37Y42         LUT5 (Prop_lut5_I0_O)        0.124    13.277 r  design_1_i/conv2d_stream_0/inst/grp_conv2d_stream_Pipeline_VITIS_LOOP_68_3_mainLoop_cols_fu_367/fadd_32ns_32ns_32_5_full_dsp_1_U52/ce_r_i_1/O
                         net (fo=6051, routed)        0.906    14.183    design_1_i/conv2d_stream_0/inst/grp_conv2d_stream_Pipeline_VITIS_LOOP_68_3_mainLoop_cols_fu_367/flow_control_loop_pipe_sequential_init_U/grp_fu_741_ce
    SLICE_X41Y34         LUT6 (Prop_lut6_I5_O)        0.124    14.307 r  design_1_i/conv2d_stream_0/inst/grp_conv2d_stream_Pipeline_VITIS_LOOP_68_3_mainLoop_cols_fu_367/flow_control_loop_pipe_sequential_init_U/window_4_3_fu_298[31]_i_2/O
                         net (fo=132, routed)         1.496    15.802    design_1_i/conv2d_stream_0/inst/grp_conv2d_stream_Pipeline_VITIS_LOOP_68_3_mainLoop_cols_fu_367/flow_control_loop_pipe_sequential_init_U/window_4_1_4_fu_286
    SLICE_X28Y9          LUT3 (Prop_lut3_I0_O)        0.118    15.920 r  design_1_i/conv2d_stream_0/inst/grp_conv2d_stream_Pipeline_VITIS_LOOP_68_3_mainLoop_cols_fu_367/flow_control_loop_pipe_sequential_init_U/window_4_3_fu_298[31]_i_1/O
                         net (fo=32, routed)          1.232    17.153    design_1_i/conv2d_stream_0/inst/grp_conv2d_stream_Pipeline_VITIS_LOOP_68_3_mainLoop_cols_fu_367/flow_control_loop_pipe_sequential_init_U_n_267
    SLICE_X16Y20         FDRE                                         r  design_1_i/conv2d_stream_0/inst/grp_conv2d_stream_Pipeline_VITIS_LOOP_68_3_mainLoop_cols_fu_367/window_4_3_fu_298_reg[21]/R
  -------------------------------------------------------------------    -------------------

                         (clock clk_fpga_0 rise edge)
                                                     20.000    20.000 r  
    PS7_X0Y0             PS7                          0.000    20.000 r  design_1_i/processing_system7_0/inst/PS7_i/FCLKCLK[0]
                         net (fo=1, routed)           1.088    21.088    design_1_i/processing_system7_0/inst/FCLK_CLK_unbuffered[0]
    BUFGCTRL_X0Y16       BUFG (Prop_bufg_I_O)         0.091    21.179 r  design_1_i/processing_system7_0/inst/buffer_fclk_clk_0.FCLK_CLK_0_BUFG/O
                         net (fo=18046, routed)       1.569    22.749    design_1_i/conv2d_stream_0/inst/grp_conv2d_stream_Pipeline_VITIS_LOOP_68_3_mainLoop_cols_fu_367/ap_clk
    SLICE_X16Y20         FDRE                                         r  design_1_i/conv2d_stream_0/inst/grp_conv2d_stream_Pipeline_VITIS_LOOP_68_3_mainLoop_cols_fu_367/window_4_3_fu_298_reg[21]/C
                         clock pessimism              0.115    22.863    
                         clock uncertainty           -0.302    22.561    
    SLICE_X16Y20         FDRE (Setup_fdre_C_R)       -0.726    21.835    design_1_i/conv2d_stream_0/inst/grp_conv2d_stream_Pipeline_VITIS_LOOP_68_3_mainLoop_cols_fu_367/window_4_3_fu_298_reg[21]
  -------------------------------------------------------------------
                         required time                         21.835    
                         arrival time                         -17.153    
  -------------------------------------------------------------------
                         slack                                  4.683    





Min Delay Paths
--------------------------------------------------------------------------------------
Slack (MET) :             0.018ns  (arrival time - required time)
  Source:                 design_1_i/axi_dma_0/U0/I_PRMRY_DATAMOVER/GEN_S2MM_FULL.I_S2MM_FULL_WRAPPER/I_CMD_STATUS/I_CMD_FIFO/USE_SINGLE_REG.sig_regfifo_dout_reg_reg[39]/C
                            (rising edge-triggered cell FDRE clocked by clk_fpga_0  {rise@0.000ns fall@10.000ns period=20.000ns})
  Destination:            design_1_i/axi_dma_0/U0/I_PRMRY_DATAMOVER/GEN_S2MM_FULL.I_S2MM_FULL_WRAPPER/GEN_INCLUDE_IBTTCC.I_S2MM_MSTR_IBTTCC/sig_input_addr_reg_reg[4]/D
                            (rising edge-triggered cell FDRE clocked by clk_fpga_0  {rise@0.000ns fall@10.000ns period=20.000ns})
  Path Group:             clk_fpga_0
  Path Type:              Hold (Min at Fast Process Corner)
  Requirement:            0.000ns  (clk_fpga_0 rise@0.000ns - clk_fpga_0 rise@0.000ns)
  Data Path Delay:        0.351ns  (logic 0.141ns (40.207%)  route 0.210ns (59.793%))
  Logic Levels:           0  
  Clock Path Skew:        0.266ns (DCD - SCD - CPR)
    Destination Clock Delay (DCD):    1.193ns
    Source Clock Delay      (SCD):    0.892ns
    Clock Pessimism Removal (CPR):    0.035ns

    Location             Delay type                Incr(ns)  Path(ns)    Netlist Resource(s)
  -------------------------------------------------------------------    -------------------
                         (clock clk_fpga_0 rise edge)
                                                      0.000     0.000 r  
    PS7_X0Y0             PS7                          0.000     0.000 r  design_1_i/processing_system7_0/inst/PS7_i/FCLKCLK[0]
                         net (fo=1, routed)           0.310     0.310    design_1_i/processing_system7_0/inst/FCLK_CLK_unbuffered[0]
    BUFGCTRL_X0Y16       BUFG (Prop_bufg_I_O)         0.026     0.336 r  design_1_i/processing_system7_0/inst/buffer_fclk_clk_0.FCLK_CLK_0_BUFG/O
                         net (fo=18046, routed)       0.556     0.891    design_1_i/axi_dma_0/U0/I_PRMRY_DATAMOVER/GEN_S2MM_FULL.I_S2MM_FULL_WRAPPER/I_CMD_STATUS/I_CMD_FIFO/m_axi_s2mm_aclk
    SLICE_X51Y39         FDRE                                         r  design_1_i/axi_dma_0/U0/I_PRMRY_DATAMOVER/GEN_S2MM_FULL.I_S2MM_FULL_WRAPPER/I_CMD_STATUS/I_CMD_FIFO/USE_SINGLE_REG.sig_regfifo_dout_reg_reg[39]/C
  -------------------------------------------------------------------    -------------------
    SLICE_X51Y39         FDRE (Prop_fdre_C_Q)         0.141     1.033 r  design_1_i/axi_dma_0/U0/I_PRMRY_DATAMOVER/GEN_S2MM_FULL.I_S2MM_FULL_WRAPPER/I_CMD_STATUS/I_CMD_FIFO/USE_SINGLE_REG.sig_regfifo_dout_reg_reg[39]/Q
                         net (fo=1, routed)           0.210     1.242    design_1_i/axi_dma_0/U0/I_PRMRY_DATAMOVER/GEN_S2MM_FULL.I_S2MM_FULL_WRAPPER/GEN_INCLUDE_IBTTCC.I_S2MM_MSTR_IBTTCC/Q[32]
    SLICE_X48Y38         FDRE                                         r  design_1_i/axi_dma_0/U0/I_PRMRY_DATAMOVER/GEN_S2MM_FULL.I_S2MM_FULL_WRAPPER/GEN_INCLUDE_IBTTCC.I_S2MM_MSTR_IBTTCC/sig_input_addr_reg_reg[4]/D
  -------------------------------------------------------------------    -------------------

                         (clock clk_fpga_0 rise edge)
                                                      0.000     0.000 r  
    PS7_X0Y0             PS7                          0.000     0.000 r  design_1_i/processing_system7_0/inst/PS7_i/FCLKCLK[0]
                         net (fo=1, routed)           0.337     0.337    design_1_i/processing_system7_0/inst/FCLK_CLK_unbuffered[0]
    BUFGCTRL_X0Y16       BUFG (Prop_bufg_I_O)         0.029     0.366 r  design_1_i/processing_system7_0/inst/buffer_fclk_clk_0.FCLK_CLK_0_BUFG/O
                         net (fo=18046, routed)       0.827     1.193    design_1_i/axi_dma_0/U0/I_PRMRY_DATAMOVER/GEN_S2MM_FULL.I_S2MM_FULL_WRAPPER/GEN_INCLUDE_IBTTCC.I_S2MM_MSTR_IBTTCC/m_axi_s2mm_aclk
    SLICE_X48Y38         FDRE                                         r  design_1_i/axi_dma_0/U0/I_PRMRY_DATAMOVER/GEN_S2MM_FULL.I_S2MM_FULL_WRAPPER/GEN_INCLUDE_IBTTCC.I_S2MM_MSTR_IBTTCC/sig_input_addr_reg_reg[4]/C
                         clock pessimism             -0.035     1.158    
    SLICE_X48Y38         FDRE (Hold_fdre_C_D)         0.066     1.224    design_1_i/axi_dma_0/U0/I_PRMRY_DATAMOVER/GEN_S2MM_FULL.I_S2MM_FULL_WRAPPER/GEN_INCLUDE_IBTTCC.I_S2MM_MSTR_IBTTCC/sig_input_addr_reg_reg[4]
  -------------------------------------------------------------------
                         required time                         -1.224    
                         arrival time                           1.242    
  -------------------------------------------------------------------
                         slack                                  0.018    

Slack (MET) :             0.020ns  (arrival time - required time)
  Source:                 design_1_i/axi_mem_intercon/m00_couplers/auto_pc/inst/gen_axi4_axi3.axi3_conv_inst/USE_READ.USE_SPLIT_R.read_addr_inst/USE_R_CHANNEL.cmd_queue/inst/fifo_gen_inst/inst_fifo_gen/gconvfifo.rf/grf.rf/gntv_or_sync_fifo.gl0.wr/wpntr/gcc0.gc0.count_d1_reg[4]/C
                            (rising edge-triggered cell FDCE clocked by clk_fpga_0  {rise@0.000ns fall@10.000ns period=20.000ns})
  Destination:            design_1_i/axi_mem_intercon/m00_couplers/auto_pc/inst/gen_axi4_axi3.axi3_conv_inst/USE_READ.USE_SPLIT_R.read_addr_inst/USE_R_CHANNEL.cmd_queue/inst/fifo_gen_inst/inst_fifo_gen/gconvfifo.rf/grf.rf/gntv_or_sync_fifo.mem/gdm.dm_gen.dm/RAM_reg_0_31_0_0/DP/WADR4
                            (rising edge-triggered cell RAMD32 clocked by clk_fpga_0  {rise@0.000ns fall@10.000ns period=20.000ns})
  Path Group:             clk_fpga_0
  Path Type:              Hold (Min at Fast Process Corner)
  Requirement:            0.000ns  (clk_fpga_0 rise@0.000ns - clk_fpga_0 rise@0.000ns)
  Data Path Delay:        0.233ns  (logic 0.141ns (60.453%)  route 0.092ns (39.547%))
  Logic Levels:           0  
  Clock Path Skew:        0.013ns (DCD - SCD - CPR)
    Destination Clock Delay (DCD):    1.232ns
    Source Clock Delay      (SCD):    0.933ns
    Clock Pessimism Removal (CPR):    0.286ns

    Location             Delay type                Incr(ns)  Path(ns)    Netlist Resource(s)
  -------------------------------------------------------------------    -------------------
                         (clock clk_fpga_0 rise edge)
                                                      0.000     0.000 r  
    PS7_X0Y0             PS7                          0.000     0.000 r  design_1_i/processing_system7_0/inst/PS7_i/FCLKCLK[0]
                         net (fo=1, routed)           0.310     0.310    design_1_i/processing_system7_0/inst/FCLK_CLK_unbuffered[0]
    BUFGCTRL_X0Y16       BUFG (Prop_bufg_I_O)         0.026     0.336 r  design_1_i/processing_system7_0/inst/buffer_fclk_clk_0.FCLK_CLK_0_BUFG/O
                         net (fo=18046, routed)       0.597     0.933    design_1_i/axi_mem_intercon/m00_couplers/auto_pc/inst/gen_axi4_axi3.axi3_conv_inst/USE_READ.USE_SPLIT_R.read_addr_inst/USE_R_CHANNEL.cmd_queue/inst/fifo_gen_inst/inst_fifo_gen/gconvfifo.rf/grf.rf/gntv_or_sync_fifo.gl0.wr/wpntr/clk
    SLICE_X11Y48         FDCE                                         r  design_1_i/axi_mem_intercon/m00_couplers/auto_pc/inst/gen_axi4_axi3.axi3_conv_inst/USE_READ.USE_SPLIT_R.read_addr_inst/USE_R_CHANNEL.cmd_queue/inst/fifo_gen_inst/inst_fifo_gen/gconvfifo.rf/grf.rf/gntv_or_sync_fifo.gl0.wr/wpntr/gcc0.gc0.count_d1_reg[4]/C
  -------------------------------------------------------------------    -------------------
    SLICE_X11Y48         FDCE (Prop_fdce_C_Q)         0.141     1.074 r  design_1_i/axi_mem_intercon/m00_couplers/auto_pc/inst/gen_axi4_axi3.axi3_conv_inst/USE_READ.USE_SPLIT_R.read_addr_inst/USE_R_CHANNEL.cmd_queue/inst/fifo_gen_inst/inst_fifo_gen/gconvfifo.rf/grf.rf/gntv_or_sync_fifo.gl0.wr/wpntr/gcc0.gc0.count_d1_reg[4]/Q
                         net (fo=5, routed)           0.092     1.166    design_1_i/axi_mem_intercon/m00_couplers/auto_pc/inst/gen_axi4_axi3.axi3_conv_inst/USE_READ.USE_SPLIT_R.read_addr_inst/USE_R_CHANNEL.cmd_queue/inst/fifo_gen_inst/inst_fifo_gen/gconvfifo.rf/grf.rf/gntv_or_sync_fifo.mem/gdm.dm_gen.dm/RAM_reg_0_31_0_0/A4
    SLICE_X10Y48         RAMD32                                       r  design_1_i/axi_mem_intercon/m00_couplers/auto_pc/inst/gen_axi4_axi3.axi3_conv_inst/USE_READ.USE_SPLIT_R.read_addr_inst/USE_R_CHANNEL.cmd_queue/inst/fifo_gen_inst/inst_fifo_gen/gconvfifo.rf/grf.rf/gntv_or_sync_fifo.mem/gdm.dm_gen.dm/RAM_reg_0_31_0_0/DP/WADR4
  -------------------------------------------------------------------    -------------------

                         (clock clk_fpga_0 rise edge)
                                                      0.000     0.000 r  
    PS7_X0Y0             PS7                          0.000     0.000 r  design_1_i/processing_system7_0/inst/PS7_i/FCLKCLK[0]
                         net (fo=1, routed)           0.337     0.337    design_1_i/processing_system7_0/inst/FCLK_CLK_unbuffered[0]
    BUFGCTRL_X0Y16       BUFG (Prop_bufg_I_O)         0.029     0.366 r  design_1_i/processing_system7_0/inst/buffer_fclk_clk_0.FCLK_CLK_0_BUFG/O
                         net (fo=18046, routed)       0.866     1.232    design_1_i/axi_mem_intercon/m00_couplers/auto_pc/inst/gen_axi4_axi3.axi3_conv_inst/USE_READ.USE_SPLIT_R.read_addr_inst/USE_R_CHANNEL.cmd_queue/inst/fifo_gen_inst/inst_fifo_gen/gconvfifo.rf/grf.rf/gntv_or_sync_fifo.mem/gdm.dm_gen.dm/RAM_reg_0_31_0_0/WCLK
    SLICE_X10Y48         RAMD32                                       r  design_1_i/axi_mem_intercon/m00_couplers/auto_pc/inst/gen_axi4_axi3.axi3_conv_inst/USE_READ.USE_SPLIT_R.read_addr_inst/USE_R_CHANNEL.cmd_queue/inst/fifo_gen_inst/inst_fifo_gen/gconvfifo.rf/grf.rf/gntv_or_sync_fifo.mem/gdm.dm_gen.dm/RAM_reg_0_31_0_0/DP/CLK
                         clock pessimism             -0.286     0.946    
    SLICE_X10Y48         RAMD32 (Hold_ramd32_CLK_WADR4)
                                                      0.200     1.146    design_1_i/axi_mem_intercon/m00_couplers/auto_pc/inst/gen_axi4_axi3.axi3_conv_inst/USE_READ.USE_SPLIT_R.read_addr_inst/USE_R_CHANNEL.cmd_queue/inst/fifo_gen_inst/inst_fifo_gen/gconvfifo.rf/grf.rf/gntv_or_sync_fifo.mem/gdm.dm_gen.dm/RAM_reg_0_31_0_0/DP
  -------------------------------------------------------------------
                         required time                         -1.146    
                         arrival time                           1.166    
  -------------------------------------------------------------------
                         slack                                  0.020    

Slack (MET) :             0.020ns  (arrival time - required time)
  Source:                 design_1_i/axi_mem_intercon/m00_couplers/auto_pc/inst/gen_axi4_axi3.axi3_conv_inst/USE_READ.USE_SPLIT_R.read_addr_inst/USE_R_CHANNEL.cmd_queue/inst/fifo_gen_inst/inst_fifo_gen/gconvfifo.rf/grf.rf/gntv_or_sync_fifo.gl0.wr/wpntr/gcc0.gc0.count_d1_reg[4]/C
                            (rising edge-triggered cell FDCE clocked by clk_fpga_0  {rise@0.000ns fall@10.000ns period=20.000ns})
  Destination:            design_1_i/axi_mem_intercon/m00_couplers/auto_pc/inst/gen_axi4_axi3.axi3_conv_inst/USE_READ.USE_SPLIT_R.read_addr_inst/USE_R_CHANNEL.cmd_queue/inst/fifo_gen_inst/inst_fifo_gen/gconvfifo.rf/grf.rf/gntv_or_sync_fifo.mem/gdm.dm_gen.dm/RAM_reg_0_31_0_0/SP/WADR4
                            (rising edge-triggered cell RAMD32 clocked by clk_fpga_0  {rise@0.000ns fall@10.000ns period=20.000ns})
  Path Group:             clk_fpga_0
  Path Type:              Hold (Min at Fast Process Corner)
  Requirement:            0.000ns  (clk_fpga_0 rise@0.000ns - clk_fpga_0 rise@0.000ns)
  Data Path Delay:        0.233ns  (logic 0.141ns (60.453%)  route 0.092ns (39.547%))
  Logic Levels:           0  
  Clock Path Skew:        0.013ns (DCD - SCD - CPR)
    Destination Clock Delay (DCD):    1.232ns
    Source Clock Delay      (SCD):    0.933ns
    Clock Pessimism Removal (CPR):    0.286ns

    Location             Delay type                Incr(ns)  Path(ns)    Netlist Resource(s)
  -------------------------------------------------------------------    -------------------
                         (clock clk_fpga_0 rise edge)
                                                      0.000     0.000 r  
    PS7_X0Y0             PS7                          0.000     0.000 r  design_1_i/processing_system7_0/inst/PS7_i/FCLKCLK[0]
                         net (fo=1, routed)           0.310     0.310    design_1_i/processing_system7_0/inst/FCLK_CLK_unbuffered[0]
    BUFGCTRL_X0Y16       BUFG (Prop_bufg_I_O)         0.026     0.336 r  design_1_i/processing_system7_0/inst/buffer_fclk_clk_0.FCLK_CLK_0_BUFG/O
                         net (fo=18046, routed)       0.597     0.933    design_1_i/axi_mem_intercon/m00_couplers/auto_pc/inst/gen_axi4_axi3.axi3_conv_inst/USE_READ.USE_SPLIT_R.read_addr_inst/USE_R_CHANNEL.cmd_queue/inst/fifo_gen_inst/inst_fifo_gen/gconvfifo.rf/grf.rf/gntv_or_sync_fifo.gl0.wr/wpntr/clk
    SLICE_X11Y48         FDCE                                         r  design_1_i/axi_mem_intercon/m00_couplers/auto_pc/inst/gen_axi4_axi3.axi3_conv_inst/USE_READ.USE_SPLIT_R.read_addr_inst/USE_R_CHANNEL.cmd_queue/inst/fifo_gen_inst/inst_fifo_gen/gconvfifo.rf/grf.rf/gntv_or_sync_fifo.gl0.wr/wpntr/gcc0.gc0.count_d1_reg[4]/C
  -------------------------------------------------------------------    -------------------
    SLICE_X11Y48         FDCE (Prop_fdce_C_Q)         0.141     1.074 r  design_1_i/axi_mem_intercon/m00_couplers/auto_pc/inst/gen_axi4_axi3.axi3_conv_inst/USE_READ.USE_SPLIT_R.read_addr_inst/USE_R_CHANNEL.cmd_queue/inst/fifo_gen_inst/inst_fifo_gen/gconvfifo.rf/grf.rf/gntv_or_sync_fifo.gl0.wr/wpntr/gcc0.gc0.count_d1_reg[4]/Q
                         net (fo=5, routed)           0.092     1.166    design_1_i/axi_mem_intercon/m00_couplers/auto_pc/inst/gen_axi4_axi3.axi3_conv_inst/USE_READ.USE_SPLIT_R.read_addr_inst/USE_R_CHANNEL.cmd_queue/inst/fifo_gen_inst/inst_fifo_gen/gconvfifo.rf/grf.rf/gntv_or_sync_fifo.mem/gdm.dm_gen.dm/RAM_reg_0_31_0_0/A4
    SLICE_X10Y48         RAMD32                                       r  design_1_i/axi_mem_intercon/m00_couplers/auto_pc/inst/gen_axi4_axi3.axi3_conv_inst/USE_READ.USE_SPLIT_R.read_addr_inst/USE_R_CHANNEL.cmd_queue/inst/fifo_gen_inst/inst_fifo_gen/gconvfifo.rf/grf.rf/gntv_or_sync_fifo.mem/gdm.dm_gen.dm/RAM_reg_0_31_0_0/SP/WADR4
  -------------------------------------------------------------------    -------------------

                         (clock clk_fpga_0 rise edge)
                                                      0.000     0.000 r  
    PS7_X0Y0             PS7                          0.000     0.000 r  design_1_i/processing_system7_0/inst/PS7_i/FCLKCLK[0]
                         net (fo=1, routed)           0.337     0.337    design_1_i/processing_system7_0/inst/FCLK_CLK_unbuffered[0]
    BUFGCTRL_X0Y16       BUFG (Prop_bufg_I_O)         0.029     0.366 r  design_1_i/processing_system7_0/inst/buffer_fclk_clk_0.FCLK_CLK_0_BUFG/O
                         net (fo=18046, routed)       0.866     1.232    design_1_i/axi_mem_intercon/m00_couplers/auto_pc/inst/gen_axi4_axi3.axi3_conv_inst/USE_READ.USE_SPLIT_R.read_addr_inst/USE_R_CHANNEL.cmd_queue/inst/fifo_gen_inst/inst_fifo_gen/gconvfifo.rf/grf.rf/gntv_or_sync_fifo.mem/gdm.dm_gen.dm/RAM_reg_0_31_0_0/WCLK
    SLICE_X10Y48         RAMD32                                       r  design_1_i/axi_mem_intercon/m00_couplers/auto_pc/inst/gen_axi4_axi3.axi3_conv_inst/USE_READ.USE_SPLIT_R.read_addr_inst/USE_R_CHANNEL.cmd_queue/inst/fifo_gen_inst/inst_fifo_gen/gconvfifo.rf/grf.rf/gntv_or_sync_fifo.mem/gdm.dm_gen.dm/RAM_reg_0_31_0_0/SP/CLK
                         clock pessimism             -0.286     0.946    
    SLICE_X10Y48         RAMD32 (Hold_ramd32_CLK_WADR4)
                                                      0.200     1.146    design_1_i/axi_mem_intercon/m00_couplers/auto_pc/inst/gen_axi4_axi3.axi3_conv_inst/USE_READ.USE_SPLIT_R.read_addr_inst/USE_R_CHANNEL.cmd_queue/inst/fifo_gen_inst/inst_fifo_gen/gconvfifo.rf/grf.rf/gntv_or_sync_fifo.mem/gdm.dm_gen.dm/RAM_reg_0_31_0_0/SP
  -------------------------------------------------------------------
                         required time                         -1.146    
                         arrival time                           1.166    
  -------------------------------------------------------------------
                         slack                                  0.020    

Slack (MET) :             0.022ns  (arrival time - required time)
  Source:                 design_1_i/conv2d_stream_0/inst/grp_conv2d_stream_Pipeline_VITIS_LOOP_68_3_mainLoop_cols_fu_367/window_1_1_4_fu_238_reg[1]/C
                            (rising edge-triggered cell FDRE clocked by clk_fpga_0  {rise@0.000ns fall@10.000ns period=20.000ns})
  Destination:            design_1_i/conv2d_stream_0/inst/grp_conv2d_stream_Pipeline_VITIS_LOOP_68_3_mainLoop_cols_fu_367/window_load_4_1_0_reg_2534_reg[1]/D
                            (rising edge-triggered cell FDRE clocked by clk_fpga_0  {rise@0.000ns fall@10.000ns period=20.000ns})
  Path Group:             clk_fpga_0
  Path Type:              Hold (Min at Fast Process Corner)
  Requirement:            0.000ns  (clk_fpga_0 rise@0.000ns - clk_fpga_0 rise@0.000ns)
  Data Path Delay:        0.308ns  (logic 0.128ns (41.509%)  route 0.180ns (58.491%))
  Logic Levels:           0  
  Clock Path Skew:        0.274ns (DCD - SCD - CPR)
    Destination Clock Delay (DCD):    1.224ns
    Source Clock Delay      (SCD):    0.920ns
    Clock Pessimism Removal (CPR):    0.030ns

    Location             Delay type                Incr(ns)  Path(ns)    Netlist Resource(s)
  -------------------------------------------------------------------    -------------------
                         (clock clk_fpga_0 rise edge)
                                                      0.000     0.000 r  
    PS7_X0Y0             PS7                          0.000     0.000 r  design_1_i/processing_system7_0/inst/PS7_i/FCLKCLK[0]
                         net (fo=1, routed)           0.310     0.310    design_1_i/processing_system7_0/inst/FCLK_CLK_unbuffered[0]
    BUFGCTRL_X0Y16       BUFG (Prop_bufg_I_O)         0.026     0.336 r  design_1_i/processing_system7_0/inst/buffer_fclk_clk_0.FCLK_CLK_0_BUFG/O
                         net (fo=18046, routed)       0.584     0.920    design_1_i/conv2d_stream_0/inst/grp_conv2d_stream_Pipeline_VITIS_LOOP_68_3_mainLoop_cols_fu_367/ap_clk
    SLICE_X80Y50         FDRE                                         r  design_1_i/conv2d_stream_0/inst/grp_conv2d_stream_Pipeline_VITIS_LOOP_68_3_mainLoop_cols_fu_367/window_1_1_4_fu_238_reg[1]/C
  -------------------------------------------------------------------    -------------------
    SLICE_X80Y50         FDRE (Prop_fdre_C_Q)         0.128     1.048 r  design_1_i/conv2d_stream_0/inst/grp_conv2d_stream_Pipeline_VITIS_LOOP_68_3_mainLoop_cols_fu_367/window_1_1_4_fu_238_reg[1]/Q
                         net (fo=1, routed)           0.180     1.228    design_1_i/conv2d_stream_0/inst/grp_conv2d_stream_Pipeline_VITIS_LOOP_68_3_mainLoop_cols_fu_367/window_1_1_4_fu_238_reg_n_2_[1]
    SLICE_X80Y48         FDRE                                         r  design_1_i/conv2d_stream_0/inst/grp_conv2d_stream_Pipeline_VITIS_LOOP_68_3_mainLoop_cols_fu_367/window_load_4_1_0_reg_2534_reg[1]/D
  -------------------------------------------------------------------    -------------------

                         (clock clk_fpga_0 rise edge)
                                                      0.000     0.000 r  
    PS7_X0Y0             PS7                          0.000     0.000 r  design_1_i/processing_system7_0/inst/PS7_i/FCLKCLK[0]
                         net (fo=1, routed)           0.337     0.337    design_1_i/processing_system7_0/inst/FCLK_CLK_unbuffered[0]
    BUFGCTRL_X0Y16       BUFG (Prop_bufg_I_O)         0.029     0.366 r  design_1_i/processing_system7_0/inst/buffer_fclk_clk_0.FCLK_CLK_0_BUFG/O
                         net (fo=18046, routed)       0.858     1.224    design_1_i/conv2d_stream_0/inst/grp_conv2d_stream_Pipeline_VITIS_LOOP_68_3_mainLoop_cols_fu_367/ap_clk
    SLICE_X80Y48         FDRE                                         r  design_1_i/conv2d_stream_0/inst/grp_conv2d_stream_Pipeline_VITIS_LOOP_68_3_mainLoop_cols_fu_367/window_load_4_1_0_reg_2534_reg[1]/C
                         clock pessimism             -0.030     1.194    
    SLICE_X80Y48         FDRE (Hold_fdre_C_D)         0.012     1.206    design_1_i/conv2d_stream_0/inst/grp_conv2d_stream_Pipeline_VITIS_LOOP_68_3_mainLoop_cols_fu_367/window_load_4_1_0_reg_2534_reg[1]
  -------------------------------------------------------------------
                         required time                         -1.206    
                         arrival time                           1.228    
  -------------------------------------------------------------------
                         slack                                  0.022    

Slack (MET) :             0.027ns  (arrival time - required time)
  Source:                 design_1_i/axi_dma_0/U0/INCLUDE_S2MM_SOF_EOF_GENERATOR.I_S2MM_DMA_MNGR/GEN_S2MM_DMA_CONTROL.GEN_SIMPLE_DMA_MODE.I_S2MM_SMPL_SM/GEN_CMD_BTT_EQL_23.cmnd_data_reg[65]/C
                            (rising edge-triggered cell FDRE clocked by clk_fpga_0  {rise@0.000ns fall@10.000ns period=20.000ns})
  Destination:            design_1_i/axi_dma_0/U0/I_PRMRY_DATAMOVER/GEN_S2MM_FULL.I_S2MM_FULL_WRAPPER/I_CMD_STATUS/I_CMD_FIFO/USE_SINGLE_REG.sig_regfifo_dout_reg_reg[65]/D
                            (rising edge-triggered cell FDRE clocked by clk_fpga_0  {rise@0.000ns fall@10.000ns period=20.000ns})
  Path Group:             clk_fpga_0
  Path Type:              Hold (Min at Fast Process Corner)
  Requirement:            0.000ns  (clk_fpga_0 rise@0.000ns - clk_fpga_0 rise@0.000ns)
  Data Path Delay:        0.364ns  (logic 0.141ns (38.690%)  route 0.223ns (61.310%))
  Logic Levels:           0  
  Clock Path Skew:        0.273ns (DCD - SCD - CPR)
    Destination Clock Delay (DCD):    1.196ns
    Source Clock Delay      (SCD):    0.893ns
    Clock Pessimism Removal (CPR):    0.030ns

    Location             Delay type                Incr(ns)  Path(ns)    Netlist Resource(s)
  -------------------------------------------------------------------    -------------------
                         (clock clk_fpga_0 rise edge)
                                                      0.000     0.000 r  
    PS7_X0Y0             PS7                          0.000     0.000 r  design_1_i/processing_system7_0/inst/PS7_i/FCLKCLK[0]
                         net (fo=1, routed)           0.310     0.310    design_1_i/processing_system7_0/inst/FCLK_CLK_unbuffered[0]
    BUFGCTRL_X0Y16       BUFG (Prop_bufg_I_O)         0.026     0.336 r  design_1_i/processing_system7_0/inst/buffer_fclk_clk_0.FCLK_CLK_0_BUFG/O
                         net (fo=18046, routed)       0.557     0.893    design_1_i/axi_dma_0/U0/INCLUDE_S2MM_SOF_EOF_GENERATOR.I_S2MM_DMA_MNGR/GEN_S2MM_DMA_CONTROL.GEN_SIMPLE_DMA_MODE.I_S2MM_SMPL_SM/s_axi_lite_aclk
    SLICE_X40Y50         FDRE                                         r  design_1_i/axi_dma_0/U0/INCLUDE_S2MM_SOF_EOF_GENERATOR.I_S2MM_DMA_MNGR/GEN_S2MM_DMA_CONTROL.GEN_SIMPLE_DMA_MODE.I_S2MM_SMPL_SM/GEN_CMD_BTT_EQL_23.cmnd_data_reg[65]/C
  -------------------------------------------------------------------    -------------------
    SLICE_X40Y50         FDRE (Prop_fdre_C_Q)         0.141     1.034 r  design_1_i/axi_dma_0/U0/INCLUDE_S2MM_SOF_EOF_GENERATOR.I_S2MM_DMA_MNGR/GEN_S2MM_DMA_CONTROL.GEN_SIMPLE_DMA_MODE.I_S2MM_SMPL_SM/GEN_CMD_BTT_EQL_23.cmnd_data_reg[65]/Q
                         net (fo=1, routed)           0.223     1.257    design_1_i/axi_dma_0/U0/I_PRMRY_DATAMOVER/GEN_S2MM_FULL.I_S2MM_FULL_WRAPPER/I_CMD_STATUS/I_CMD_FIFO/USE_SINGLE_REG.sig_regfifo_dout_reg_reg[66]_0[58]
    SLICE_X36Y48         FDRE                                         r  design_1_i/axi_dma_0/U0/I_PRMRY_DATAMOVER/GEN_S2MM_FULL.I_S2MM_FULL_WRAPPER/I_CMD_STATUS/I_CMD_FIFO/USE_SINGLE_REG.sig_regfifo_dout_reg_reg[65]/D
  -------------------------------------------------------------------    -------------------

                         (clock clk_fpga_0 rise edge)
                                                      0.000     0.000 r  
    PS7_X0Y0             PS7                          0.000     0.000 r  design_1_i/processing_system7_0/inst/PS7_i/FCLKCLK[0]
                         net (fo=1, routed)           0.337     0.337    design_1_i/processing_system7_0/inst/FCLK_CLK_unbuffered[0]
    BUFGCTRL_X0Y16       BUFG (Prop_bufg_I_O)         0.029     0.366 r  design_1_i/processing_system7_0/inst/buffer_fclk_clk_0.FCLK_CLK_0_BUFG/O
                         net (fo=18046, routed)       0.830     1.196    design_1_i/axi_dma_0/U0/I_PRMRY_DATAMOVER/GEN_S2MM_FULL.I_S2MM_FULL_WRAPPER/I_CMD_STATUS/I_CMD_FIFO/m_axi_s2mm_aclk
    SLICE_X36Y48         FDRE                                         r  design_1_i/axi_dma_0/U0/I_PRMRY_DATAMOVER/GEN_S2MM_FULL.I_S2MM_FULL_WRAPPER/I_CMD_STATUS/I_CMD_FIFO/USE_SINGLE_REG.sig_regfifo_dout_reg_reg[65]/C
                         clock pessimism             -0.030     1.166    
    SLICE_X36Y48         FDRE (Hold_fdre_C_D)         0.064     1.230    design_1_i/axi_dma_0/U0/I_PRMRY_DATAMOVER/GEN_S2MM_FULL.I_S2MM_FULL_WRAPPER/I_CMD_STATUS/I_CMD_FIFO/USE_SINGLE_REG.sig_regfifo_dout_reg_reg[65]
  -------------------------------------------------------------------
                         required time                         -1.230    
                         arrival time                           1.257    
  -------------------------------------------------------------------
                         slack                                  0.027    

Slack (MET) :             0.028ns  (arrival time - required time)
  Source:                 design_1_i/conv2d_stream_0/inst/grp_conv2d_stream_Pipeline_VITIS_LOOP_68_3_mainLoop_cols_fu_367/fmul_32ns_32ns_32_3_max_dsp_1_U82/din1_buf1_reg[31]/C
                            (rising edge-triggered cell FDRE clocked by clk_fpga_0  {rise@0.000ns fall@10.000ns period=20.000ns})
  Destination:            design_1_i/conv2d_stream_0/inst/grp_conv2d_stream_Pipeline_VITIS_LOOP_68_3_mainLoop_cols_fu_367/fmul_32ns_32ns_32_3_max_dsp_1_U82/conv2d_stream_fmul_32ns_32ns_32_3_max_dsp_1_ip_u/inst/i_synth/MULT.OP/i_non_prim.OP/RESULT_REG.NORMAL.sign_op_reg/D
                            (rising edge-triggered cell FDRE clocked by clk_fpga_0  {rise@0.000ns fall@10.000ns period=20.000ns})
  Path Group:             clk_fpga_0
  Path Type:              Hold (Min at Fast Process Corner)
  Requirement:            0.000ns  (clk_fpga_0 rise@0.000ns - clk_fpga_0 rise@0.000ns)
  Data Path Delay:        0.412ns  (logic 0.209ns (50.786%)  route 0.203ns (49.214%))
  Logic Levels:           1  (LUT3=1)
  Clock Path Skew:        0.263ns (DCD - SCD - CPR)
    Destination Clock Delay (DCD):    1.215ns
    Source Clock Delay      (SCD):    0.922ns
    Clock Pessimism Removal (CPR):    0.030ns

    Location             Delay type                Incr(ns)  Path(ns)    Netlist Resource(s)
  -------------------------------------------------------------------    -------------------
                         (clock clk_fpga_0 rise edge)
                                                      0.000     0.000 r  
    PS7_X0Y0             PS7                          0.000     0.000 r  design_1_i/processing_system7_0/inst/PS7_i/FCLKCLK[0]
                         net (fo=1, routed)           0.310     0.310    design_1_i/processing_system7_0/inst/FCLK_CLK_unbuffered[0]
    BUFGCTRL_X0Y16       BUFG (Prop_bufg_I_O)         0.026     0.336 r  design_1_i/processing_system7_0/inst/buffer_fclk_clk_0.FCLK_CLK_0_BUFG/O
                         net (fo=18046, routed)       0.586     0.922    design_1_i/conv2d_stream_0/inst/grp_conv2d_stream_Pipeline_VITIS_LOOP_68_3_mainLoop_cols_fu_367/fmul_32ns_32ns_32_3_max_dsp_1_U82/ap_clk
    SLICE_X66Y49         FDRE                                         r  design_1_i/conv2d_stream_0/inst/grp_conv2d_stream_Pipeline_VITIS_LOOP_68_3_mainLoop_cols_fu_367/fmul_32ns_32ns_32_3_max_dsp_1_U82/din1_buf1_reg[31]/C
  -------------------------------------------------------------------    -------------------
    SLICE_X66Y49         FDRE (Prop_fdre_C_Q)         0.164     1.086 r  design_1_i/conv2d_stream_0/inst/grp_conv2d_stream_Pipeline_VITIS_LOOP_68_3_mainLoop_cols_fu_367/fmul_32ns_32ns_32_3_max_dsp_1_U82/din1_buf1_reg[31]/Q
                         net (fo=1, routed)           0.203     1.288    design_1_i/conv2d_stream_0/inst/grp_conv2d_stream_Pipeline_VITIS_LOOP_68_3_mainLoop_cols_fu_367/fmul_32ns_32ns_32_3_max_dsp_1_U82/conv2d_stream_fmul_32ns_32ns_32_3_max_dsp_1_ip_u/inst/i_synth/MULT.OP/i_non_prim.EXP/COND_DET_A/MANT_CARRY.MANT_ALL_ZERO_DET/CARRY_ZERO_DET/s_axis_b_tdata[0]
    SLICE_X66Y52         LUT3 (Prop_lut3_I1_O)        0.045     1.333 r  design_1_i/conv2d_stream_0/inst/grp_conv2d_stream_Pipeline_VITIS_LOOP_68_3_mainLoop_cols_fu_367/fmul_32ns_32ns_32_3_max_dsp_1_U82/conv2d_stream_fmul_32ns_32ns_32_3_max_dsp_1_ip_u/inst/i_synth/MULT.OP/i_non_prim.EXP/COND_DET_A/MANT_CARRY.MANT_ALL_ZERO_DET/CARRY_ZERO_DET/RESULT_REG.NORMAL.sign_op_i_1/O
                         net (fo=1, routed)           0.000     1.333    design_1_i/conv2d_stream_0/inst/grp_conv2d_stream_Pipeline_VITIS_LOOP_68_3_mainLoop_cols_fu_367/fmul_32ns_32ns_32_3_max_dsp_1_U82/conv2d_stream_fmul_32ns_32ns_32_3_max_dsp_1_ip_u/inst/i_synth/MULT.OP/i_non_prim.OP/sign_op
    SLICE_X66Y52         FDRE                                         r  design_1_i/conv2d_stream_0/inst/grp_conv2d_stream_Pipeline_VITIS_LOOP_68_3_mainLoop_cols_fu_367/fmul_32ns_32ns_32_3_max_dsp_1_U82/conv2d_stream_fmul_32ns_32ns_32_3_max_dsp_1_ip_u/inst/i_synth/MULT.OP/i_non_prim.OP/RESULT_REG.NORMAL.sign_op_reg/D
  -------------------------------------------------------------------    -------------------

                         (clock clk_fpga_0 rise edge)
                                                      0.000     0.000 r  
    PS7_X0Y0             PS7                          0.000     0.000 r  design_1_i/processing_system7_0/inst/PS7_i/FCLKCLK[0]
                         net (fo=1, routed)           0.337     0.337    design_1_i/processing_system7_0/inst/FCLK_CLK_unbuffered[0]
    BUFGCTRL_X0Y16       BUFG (Prop_bufg_I_O)         0.029     0.366 r  design_1_i/processing_system7_0/inst/buffer_fclk_clk_0.FCLK_CLK_0_BUFG/O
                         net (fo=18046, routed)       0.849     1.215    design_1_i/conv2d_stream_0/inst/grp_conv2d_stream_Pipeline_VITIS_LOOP_68_3_mainLoop_cols_fu_367/fmul_32ns_32ns_32_3_max_dsp_1_U82/conv2d_stream_fmul_32ns_32ns_32_3_max_dsp_1_ip_u/inst/i_synth/MULT.OP/i_non_prim.OP/aclk
    SLICE_X66Y52         FDRE                                         r  design_1_i/conv2d_stream_0/inst/grp_conv2d_stream_Pipeline_VITIS_LOOP_68_3_mainLoop_cols_fu_367/fmul_32ns_32ns_32_3_max_dsp_1_U82/conv2d_stream_fmul_32ns_32ns_32_3_max_dsp_1_ip_u/inst/i_synth/MULT.OP/i_non_prim.OP/RESULT_REG.NORMAL.sign_op_reg/C
                         clock pessimism             -0.030     1.185    
    SLICE_X66Y52         FDRE (Hold_fdre_C_D)         0.120     1.305    design_1_i/conv2d_stream_0/inst/grp_conv2d_stream_Pipeline_VITIS_LOOP_68_3_mainLoop_cols_fu_367/fmul_32ns_32ns_32_3_max_dsp_1_U82/conv2d_stream_fmul_32ns_32ns_32_3_max_dsp_1_ip_u/inst/i_synth/MULT.OP/i_non_prim.OP/RESULT_REG.NORMAL.sign_op_reg
  -------------------------------------------------------------------
                         required time                         -1.305    
                         arrival time                           1.333    
  -------------------------------------------------------------------
                         slack                                  0.028    

Slack (MET) :             0.033ns  (arrival time - required time)
  Source:                 design_1_i/conv2d_stream_0/inst/grp_conv2d_stream_Pipeline_VITIS_LOOP_68_3_mainLoop_cols_fu_367/fadd_32ns_32ns_32_5_full_dsp_1_U66/din0_buf1_reg[8]/C
                            (rising edge-triggered cell FDRE clocked by clk_fpga_0  {rise@0.000ns fall@10.000ns period=20.000ns})
  Destination:            design_1_i/conv2d_stream_0/inst/grp_conv2d_stream_Pipeline_VITIS_LOOP_68_3_mainLoop_cols_fu_367/fadd_32ns_32ns_32_5_full_dsp_1_U66/conv2d_stream_fadd_32ns_32ns_32_5_full_dsp_1_ip_u/inst/i_synth/ADDSUB_OP.ADDSUB/DSP.OP/A_IP_DELAY/i_pipe/opt_has_pipe.first_q_reg[8]/D
                            (rising edge-triggered cell FDRE clocked by clk_fpga_0  {rise@0.000ns fall@10.000ns period=20.000ns})
  Path Group:             clk_fpga_0
  Path Type:              Hold (Min at Fast Process Corner)
  Requirement:            0.000ns  (clk_fpga_0 rise@0.000ns - clk_fpga_0 rise@0.000ns)
  Data Path Delay:        0.371ns  (logic 0.141ns (37.978%)  route 0.230ns (62.022%))
  Logic Levels:           0  
  Clock Path Skew:        0.266ns (DCD - SCD - CPR)
    Destination Clock Delay (DCD):    1.189ns
    Source Clock Delay      (SCD):    0.888ns
    Clock Pessimism Removal (CPR):    0.035ns

    Location             Delay type                Incr(ns)  Path(ns)    Netlist Resource(s)
  -------------------------------------------------------------------    -------------------
                         (clock clk_fpga_0 rise edge)
                                                      0.000     0.000 r  
    PS7_X0Y0             PS7                          0.000     0.000 r  design_1_i/processing_system7_0/inst/PS7_i/FCLKCLK[0]
                         net (fo=1, routed)           0.310     0.310    design_1_i/processing_system7_0/inst/FCLK_CLK_unbuffered[0]
    BUFGCTRL_X0Y16       BUFG (Prop_bufg_I_O)         0.026     0.336 r  design_1_i/processing_system7_0/inst/buffer_fclk_clk_0.FCLK_CLK_0_BUFG/O
                         net (fo=18046, routed)       0.552     0.888    design_1_i/conv2d_stream_0/inst/grp_conv2d_stream_Pipeline_VITIS_LOOP_68_3_mainLoop_cols_fu_367/fadd_32ns_32ns_32_5_full_dsp_1_U66/ap_clk
    SLICE_X52Y17         FDRE                                         r  design_1_i/conv2d_stream_0/inst/grp_conv2d_stream_Pipeline_VITIS_LOOP_68_3_mainLoop_cols_fu_367/fadd_32ns_32ns_32_5_full_dsp_1_U66/din0_buf1_reg[8]/C
  -------------------------------------------------------------------    -------------------
    SLICE_X52Y17         FDRE (Prop_fdre_C_Q)         0.141     1.029 r  design_1_i/conv2d_stream_0/inst/grp_conv2d_stream_Pipeline_VITIS_LOOP_68_3_mainLoop_cols_fu_367/fadd_32ns_32ns_32_5_full_dsp_1_U66/din0_buf1_reg[8]/Q
                         net (fo=4, routed)           0.230     1.259    design_1_i/conv2d_stream_0/inst/grp_conv2d_stream_Pipeline_VITIS_LOOP_68_3_mainLoop_cols_fu_367/fadd_32ns_32ns_32_5_full_dsp_1_U66/conv2d_stream_fadd_32ns_32ns_32_5_full_dsp_1_ip_u/inst/i_synth/ADDSUB_OP.ADDSUB/DSP.OP/A_IP_DELAY/i_pipe/s_axis_a_tdata[8]
    SLICE_X49Y15         FDRE                                         r  design_1_i/conv2d_stream_0/inst/grp_conv2d_stream_Pipeline_VITIS_LOOP_68_3_mainLoop_cols_fu_367/fadd_32ns_32ns_32_5_full_dsp_1_U66/conv2d_stream_fadd_32ns_32ns_32_5_full_dsp_1_ip_u/inst/i_synth/ADDSUB_OP.ADDSUB/DSP.OP/A_IP_DELAY/i_pipe/opt_has_pipe.first_q_reg[8]/D
  -------------------------------------------------------------------    -------------------

                         (clock clk_fpga_0 rise edge)
                                                      0.000     0.000 r  
    PS7_X0Y0             PS7                          0.000     0.000 r  design_1_i/processing_system7_0/inst/PS7_i/FCLKCLK[0]
                         net (fo=1, routed)           0.337     0.337    design_1_i/processing_system7_0/inst/FCLK_CLK_unbuffered[0]
    BUFGCTRL_X0Y16       BUFG (Prop_bufg_I_O)         0.029     0.366 r  design_1_i/processing_system7_0/inst/buffer_fclk_clk_0.FCLK_CLK_0_BUFG/O
                         net (fo=18046, routed)       0.823     1.189    design_1_i/conv2d_stream_0/inst/grp_conv2d_stream_Pipeline_VITIS_LOOP_68_3_mainLoop_cols_fu_367/fadd_32ns_32ns_32_5_full_dsp_1_U66/conv2d_stream_fadd_32ns_32ns_32_5_full_dsp_1_ip_u/inst/i_synth/ADDSUB_OP.ADDSUB/DSP.OP/A_IP_DELAY/i_pipe/aclk
    SLICE_X49Y15         FDRE                                         r  design_1_i/conv2d_stream_0/inst/grp_conv2d_stream_Pipeline_VITIS_LOOP_68_3_mainLoop_cols_fu_367/fadd_32ns_32ns_32_5_full_dsp_1_U66/conv2d_stream_fadd_32ns_32ns_32_5_full_dsp_1_ip_u/inst/i_synth/ADDSUB_OP.ADDSUB/DSP.OP/A_IP_DELAY/i_pipe/opt_has_pipe.first_q_reg[8]/C
                         clock pessimism             -0.035     1.154    
    SLICE_X49Y15         FDRE (Hold_fdre_C_D)         0.072     1.226    design_1_i/conv2d_stream_0/inst/grp_conv2d_stream_Pipeline_VITIS_LOOP_68_3_mainLoop_cols_fu_367/fadd_32ns_32ns_32_5_full_dsp_1_U66/conv2d_stream_fadd_32ns_32ns_32_5_full_dsp_1_ip_u/inst/i_synth/ADDSUB_OP.ADDSUB/DSP.OP/A_IP_DELAY/i_pipe/opt_has_pipe.first_q_reg[8]
  -------------------------------------------------------------------
                         required time                         -1.226    
                         arrival time                           1.259    
  -------------------------------------------------------------------
                         slack                                  0.033    

Slack (MET) :             0.035ns  (arrival time - required time)
  Source:                 design_1_i/axi_dma_0/U0/INCLUDE_MM2S_SOF_EOF_GENERATOR.I_MM2S_DMA_MNGR/GEN_MM2S_DMA_CONTROL.GEN_SIMPLE_DMA_MODE.I_MM2S_SMPL_SM/GEN_CMD_BTT_EQL_23.cmnd_data_reg[17]/C
                            (rising edge-triggered cell FDRE clocked by clk_fpga_0  {rise@0.000ns fall@10.000ns period=20.000ns})
  Destination:            design_1_i/axi_dma_0/U0/I_PRMRY_DATAMOVER/GEN_MM2S_FULL.I_MM2S_FULL_WRAPPER/I_CMD_STATUS/I_CMD_FIFO/USE_SINGLE_REG.sig_regfifo_dout_reg_reg[17]/D
                            (rising edge-triggered cell FDRE clocked by clk_fpga_0  {rise@0.000ns fall@10.000ns period=20.000ns})
  Path Group:             clk_fpga_0
  Path Type:              Hold (Min at Fast Process Corner)
  Requirement:            0.000ns  (clk_fpga_0 rise@0.000ns - clk_fpga_0 rise@0.000ns)
  Data Path Delay:        0.384ns  (logic 0.141ns (36.714%)  route 0.243ns (63.286%))
  Logic Levels:           0  
  Clock Path Skew:        0.273ns (DCD - SCD - CPR)
    Destination Clock Delay (DCD):    1.192ns
    Source Clock Delay      (SCD):    0.889ns
    Clock Pessimism Removal (CPR):    0.030ns

    Location             Delay type                Incr(ns)  Path(ns)    Netlist Resource(s)
  -------------------------------------------------------------------    -------------------
                         (clock clk_fpga_0 rise edge)
                                                      0.000     0.000 r  
    PS7_X0Y0             PS7                          0.000     0.000 r  design_1_i/processing_system7_0/inst/PS7_i/FCLKCLK[0]
                         net (fo=1, routed)           0.310     0.310    design_1_i/processing_system7_0/inst/FCLK_CLK_unbuffered[0]
    BUFGCTRL_X0Y16       BUFG (Prop_bufg_I_O)         0.026     0.336 r  design_1_i/processing_system7_0/inst/buffer_fclk_clk_0.FCLK_CLK_0_BUFG/O
                         net (fo=18046, routed)       0.553     0.889    design_1_i/axi_dma_0/U0/INCLUDE_MM2S_SOF_EOF_GENERATOR.I_MM2S_DMA_MNGR/GEN_MM2S_DMA_CONTROL.GEN_SIMPLE_DMA_MODE.I_MM2S_SMPL_SM/s_axi_lite_aclk
    SLICE_X51Y50         FDRE                                         r  design_1_i/axi_dma_0/U0/INCLUDE_MM2S_SOF_EOF_GENERATOR.I_MM2S_DMA_MNGR/GEN_MM2S_DMA_CONTROL.GEN_SIMPLE_DMA_MODE.I_MM2S_SMPL_SM/GEN_CMD_BTT_EQL_23.cmnd_data_reg[17]/C
  -------------------------------------------------------------------    -------------------
    SLICE_X51Y50         FDRE (Prop_fdre_C_Q)         0.141     1.030 r  design_1_i/axi_dma_0/U0/INCLUDE_MM2S_SOF_EOF_GENERATOR.I_MM2S_DMA_MNGR/GEN_MM2S_DMA_CONTROL.GEN_SIMPLE_DMA_MODE.I_MM2S_SMPL_SM/GEN_CMD_BTT_EQL_23.cmnd_data_reg[17]/Q
                         net (fo=1, routed)           0.243     1.273    design_1_i/axi_dma_0/U0/I_PRMRY_DATAMOVER/GEN_MM2S_FULL.I_MM2S_FULL_WRAPPER/I_CMD_STATUS/I_CMD_FIFO/D[17]
    SLICE_X50Y49         FDRE                                         r  design_1_i/axi_dma_0/U0/I_PRMRY_DATAMOVER/GEN_MM2S_FULL.I_MM2S_FULL_WRAPPER/I_CMD_STATUS/I_CMD_FIFO/USE_SINGLE_REG.sig_regfifo_dout_reg_reg[17]/D
  -------------------------------------------------------------------    -------------------

                         (clock clk_fpga_0 rise edge)
                                                      0.000     0.000 r  
    PS7_X0Y0             PS7                          0.000     0.000 r  design_1_i/processing_system7_0/inst/PS7_i/FCLKCLK[0]
                         net (fo=1, routed)           0.337     0.337    design_1_i/processing_system7_0/inst/FCLK_CLK_unbuffered[0]
    BUFGCTRL_X0Y16       BUFG (Prop_bufg_I_O)         0.029     0.366 r  design_1_i/processing_system7_0/inst/buffer_fclk_clk_0.FCLK_CLK_0_BUFG/O
                         net (fo=18046, routed)       0.826     1.192    design_1_i/axi_dma_0/U0/I_PRMRY_DATAMOVER/GEN_MM2S_FULL.I_MM2S_FULL_WRAPPER/I_CMD_STATUS/I_CMD_FIFO/m_axi_mm2s_aclk
    SLICE_X50Y49         FDRE                                         r  design_1_i/axi_dma_0/U0/I_PRMRY_DATAMOVER/GEN_MM2S_FULL.I_MM2S_FULL_WRAPPER/I_CMD_STATUS/I_CMD_FIFO/USE_SINGLE_REG.sig_regfifo_dout_reg_reg[17]/C
                         clock pessimism             -0.030     1.162    
    SLICE_X50Y49         FDRE (Hold_fdre_C_D)         0.076     1.238    design_1_i/axi_dma_0/U0/I_PRMRY_DATAMOVER/GEN_MM2S_FULL.I_MM2S_FULL_WRAPPER/I_CMD_STATUS/I_CMD_FIFO/USE_SINGLE_REG.sig_regfifo_dout_reg_reg[17]
  -------------------------------------------------------------------
                         required time                         -1.238    
                         arrival time                           1.273    
  -------------------------------------------------------------------
                         slack                                  0.035    

Slack (MET) :             0.038ns  (arrival time - required time)
  Source:                 design_1_i/conv2d_stream_0/inst/grp_conv2d_stream_Pipeline_VITIS_LOOP_68_3_mainLoop_cols_fu_367/window_1_4_reg_2374_pp0_iter26_reg_reg[24]__0/C
                            (rising edge-triggered cell FDRE clocked by clk_fpga_0  {rise@0.000ns fall@10.000ns period=20.000ns})
  Destination:            design_1_i/conv2d_stream_0/inst/grp_conv2d_stream_Pipeline_VITIS_LOOP_68_3_mainLoop_cols_fu_367/fmul_32ns_32ns_32_3_max_dsp_1_U81/din0_buf1_reg[24]/D
                            (rising edge-triggered cell FDRE clocked by clk_fpga_0  {rise@0.000ns fall@10.000ns period=20.000ns})
  Path Group:             clk_fpga_0
  Path Type:              Hold (Min at Fast Process Corner)
  Requirement:            0.000ns  (clk_fpga_0 rise@0.000ns - clk_fpga_0 rise@0.000ns)
  Data Path Delay:        0.366ns  (logic 0.164ns (44.854%)  route 0.202ns (55.146%))
  Logic Levels:           0  
  Clock Path Skew:        0.261ns (DCD - SCD - CPR)
    Destination Clock Delay (DCD):    1.186ns
    Source Clock Delay      (SCD):    0.895ns
    Clock Pessimism Removal (CPR):    0.030ns

    Location             Delay type                Incr(ns)  Path(ns)    Netlist Resource(s)
  -------------------------------------------------------------------    -------------------
                         (clock clk_fpga_0 rise edge)
                                                      0.000     0.000 r  
    PS7_X0Y0             PS7                          0.000     0.000 r  design_1_i/processing_system7_0/inst/PS7_i/FCLKCLK[0]
                         net (fo=1, routed)           0.310     0.310    design_1_i/processing_system7_0/inst/FCLK_CLK_unbuffered[0]
    BUFGCTRL_X0Y16       BUFG (Prop_bufg_I_O)         0.026     0.336 r  design_1_i/processing_system7_0/inst/buffer_fclk_clk_0.FCLK_CLK_0_BUFG/O
                         net (fo=18046, routed)       0.559     0.895    design_1_i/conv2d_stream_0/inst/grp_conv2d_stream_Pipeline_VITIS_LOOP_68_3_mainLoop_cols_fu_367/ap_clk
    SLICE_X50Y47         FDRE                                         r  design_1_i/conv2d_stream_0/inst/grp_conv2d_stream_Pipeline_VITIS_LOOP_68_3_mainLoop_cols_fu_367/window_1_4_reg_2374_pp0_iter26_reg_reg[24]__0/C
  -------------------------------------------------------------------    -------------------
    SLICE_X50Y47         FDRE (Prop_fdre_C_Q)         0.164     1.059 r  design_1_i/conv2d_stream_0/inst/grp_conv2d_stream_Pipeline_VITIS_LOOP_68_3_mainLoop_cols_fu_367/window_1_4_reg_2374_pp0_iter26_reg_reg[24]__0/Q
                         net (fo=2, routed)           0.202     1.260    design_1_i/conv2d_stream_0/inst/grp_conv2d_stream_Pipeline_VITIS_LOOP_68_3_mainLoop_cols_fu_367/fmul_32ns_32ns_32_3_max_dsp_1_U81/D[24]
    SLICE_X53Y54         FDRE                                         r  design_1_i/conv2d_stream_0/inst/grp_conv2d_stream_Pipeline_VITIS_LOOP_68_3_mainLoop_cols_fu_367/fmul_32ns_32ns_32_3_max_dsp_1_U81/din0_buf1_reg[24]/D
  -------------------------------------------------------------------    -------------------

                         (clock clk_fpga_0 rise edge)
                                                      0.000     0.000 r  
    PS7_X0Y0             PS7                          0.000     0.000 r  design_1_i/processing_system7_0/inst/PS7_i/FCLKCLK[0]
                         net (fo=1, routed)           0.337     0.337    design_1_i/processing_system7_0/inst/FCLK_CLK_unbuffered[0]
    BUFGCTRL_X0Y16       BUFG (Prop_bufg_I_O)         0.029     0.366 r  design_1_i/processing_system7_0/inst/buffer_fclk_clk_0.FCLK_CLK_0_BUFG/O
                         net (fo=18046, routed)       0.820     1.186    design_1_i/conv2d_stream_0/inst/grp_conv2d_stream_Pipeline_VITIS_LOOP_68_3_mainLoop_cols_fu_367/fmul_32ns_32ns_32_3_max_dsp_1_U81/ap_clk
    SLICE_X53Y54         FDRE                                         r  design_1_i/conv2d_stream_0/inst/grp_conv2d_stream_Pipeline_VITIS_LOOP_68_3_mainLoop_cols_fu_367/fmul_32ns_32ns_32_3_max_dsp_1_U81/din0_buf1_reg[24]/C
                         clock pessimism             -0.030     1.156    
    SLICE_X53Y54         FDRE (Hold_fdre_C_D)         0.066     1.222    design_1_i/conv2d_stream_0/inst/grp_conv2d_stream_Pipeline_VITIS_LOOP_68_3_mainLoop_cols_fu_367/fmul_32ns_32ns_32_3_max_dsp_1_U81/din0_buf1_reg[24]
  -------------------------------------------------------------------
                         required time                         -1.222    
                         arrival time                           1.260    
  -------------------------------------------------------------------
                         slack                                  0.038    

Slack (MET) :             0.039ns  (arrival time - required time)
  Source:                 design_1_i/axi_dma_0/U0/INCLUDE_S2MM_SOF_EOF_GENERATOR.I_S2MM_DMA_MNGR/GEN_S2MM_DMA_CONTROL.I_S2MM_CMDSTS/INDETERMINATE_BTT_MODE.s2mm_brcvd_reg[11]/C
                            (rising edge-triggered cell FDRE clocked by clk_fpga_0  {rise@0.000ns fall@10.000ns period=20.000ns})
  Destination:            design_1_i/axi_dma_0/U0/I_AXI_DMA_REG_MODULE/GEN_S2MM_REGISTERS.I_S2MM_DMA_REGISTER/GEN_REG_FOR_SMPL.buffer_length_i_reg[11]/D
                            (rising edge-triggered cell FDRE clocked by clk_fpga_0  {rise@0.000ns fall@10.000ns period=20.000ns})
  Path Group:             clk_fpga_0
  Path Type:              Hold (Min at Fast Process Corner)
  Requirement:            0.000ns  (clk_fpga_0 rise@0.000ns - clk_fpga_0 rise@0.000ns)
  Data Path Delay:        0.430ns  (logic 0.189ns (43.959%)  route 0.241ns (56.040%))
  Logic Levels:           1  (LUT3=1)
  Clock Path Skew:        0.260ns (DCD - SCD - CPR)
    Destination Clock Delay (DCD):    1.190ns
    Source Clock Delay      (SCD):    0.895ns
    Clock Pessimism Removal (CPR):    0.035ns

    Location             Delay type                Incr(ns)  Path(ns)    Netlist Resource(s)
  -------------------------------------------------------------------    -------------------
                         (clock clk_fpga_0 rise edge)
                                                      0.000     0.000 r  
    PS7_X0Y0             PS7                          0.000     0.000 r  design_1_i/processing_system7_0/inst/PS7_i/FCLKCLK[0]
                         net (fo=1, routed)           0.310     0.310    design_1_i/processing_system7_0/inst/FCLK_CLK_unbuffered[0]
    BUFGCTRL_X0Y16       BUFG (Prop_bufg_I_O)         0.026     0.336 r  design_1_i/processing_system7_0/inst/buffer_fclk_clk_0.FCLK_CLK_0_BUFG/O
                         net (fo=18046, routed)       0.559     0.895    design_1_i/axi_dma_0/U0/INCLUDE_S2MM_SOF_EOF_GENERATOR.I_S2MM_DMA_MNGR/GEN_S2MM_DMA_CONTROL.I_S2MM_CMDSTS/s_axi_lite_aclk
    SLICE_X48Y39         FDRE                                         r  design_1_i/axi_dma_0/U0/INCLUDE_S2MM_SOF_EOF_GENERATOR.I_S2MM_DMA_MNGR/GEN_S2MM_DMA_CONTROL.I_S2MM_CMDSTS/INDETERMINATE_BTT_MODE.s2mm_brcvd_reg[11]/C
  -------------------------------------------------------------------    -------------------
    SLICE_X48Y39         FDRE (Prop_fdre_C_Q)         0.141     1.036 r  design_1_i/axi_dma_0/U0/INCLUDE_S2MM_SOF_EOF_GENERATOR.I_S2MM_DMA_MNGR/GEN_S2MM_DMA_CONTROL.I_S2MM_CMDSTS/INDETERMINATE_BTT_MODE.s2mm_brcvd_reg[11]/Q
                         net (fo=1, routed)           0.241     1.276    design_1_i/axi_dma_0/U0/INCLUDE_S2MM_SOF_EOF_GENERATOR.I_S2MM_DMA_MNGR/GEN_S2MM_DMA_CONTROL.I_S2MM_CMDSTS/s2mm_bytes_rcvd[11]
    SLICE_X50Y41         LUT3 (Prop_lut3_I0_O)        0.048     1.324 r  design_1_i/axi_dma_0/U0/INCLUDE_S2MM_SOF_EOF_GENERATOR.I_S2MM_DMA_MNGR/GEN_S2MM_DMA_CONTROL.I_S2MM_CMDSTS/GEN_REG_FOR_SMPL.buffer_length_i[11]_i_1/O
                         net (fo=1, routed)           0.000     1.324    design_1_i/axi_dma_0/U0/I_AXI_DMA_REG_MODULE/GEN_S2MM_REGISTERS.I_S2MM_DMA_REGISTER/D[11]
    SLICE_X50Y41         FDRE                                         r  design_1_i/axi_dma_0/U0/I_AXI_DMA_REG_MODULE/GEN_S2MM_REGISTERS.I_S2MM_DMA_REGISTER/GEN_REG_FOR_SMPL.buffer_length_i_reg[11]/D
  -------------------------------------------------------------------    -------------------

                         (clock clk_fpga_0 rise edge)
                                                      0.000     0.000 r  
    PS7_X0Y0             PS7                          0.000     0.000 r  design_1_i/processing_system7_0/inst/PS7_i/FCLKCLK[0]
                         net (fo=1, routed)           0.337     0.337    design_1_i/processing_system7_0/inst/FCLK_CLK_unbuffered[0]
    BUFGCTRL_X0Y16       BUFG (Prop_bufg_I_O)         0.029     0.366 r  design_1_i/processing_system7_0/inst/buffer_fclk_clk_0.FCLK_CLK_0_BUFG/O
                         net (fo=18046, routed)       0.824     1.190    design_1_i/axi_dma_0/U0/I_AXI_DMA_REG_MODULE/GEN_S2MM_REGISTERS.I_S2MM_DMA_REGISTER/s_axi_lite_aclk
    SLICE_X50Y41         FDRE                                         r  design_1_i/axi_dma_0/U0/I_AXI_DMA_REG_MODULE/GEN_S2MM_REGISTERS.I_S2MM_DMA_REGISTER/GEN_REG_FOR_SMPL.buffer_length_i_reg[11]/C
                         clock pessimism             -0.035     1.155    
    SLICE_X50Y41         FDRE (Hold_fdre_C_D)         0.131     1.286    design_1_i/axi_dma_0/U0/I_AXI_DMA_REG_MODULE/GEN_S2MM_REGISTERS.I_S2MM_DMA_REGISTER/GEN_REG_FOR_SMPL.buffer_length_i_reg[11]
  -------------------------------------------------------------------
                         required time                         -1.286    
                         arrival time                           1.324    
  -------------------------------------------------------------------
                         slack                                  0.039    





Pulse Width Checks
--------------------------------------------------------------------------------------
Clock Name:         clk_fpga_0
Waveform(ns):       { 0.000 10.000 }
Period(ns):         20.000
Sources:            { design_1_i/processing_system7_0/inst/PS7_i/FCLKCLK[0] }

Check Type        Corner  Lib Pin             Reference Pin  Required(ns)  Actual(ns)  Slack(ns)  Location      Pin
Min Period        n/a     DSP48E1/CLK         n/a            3.884         20.000      16.116     DSP48_X2Y41   design_1_i/conv2d_stream_0/inst/mul_ln39_reg_974_reg/CLK
Min Period        n/a     DSP48E1/CLK         n/a            3.884         20.000      16.116     DSP48_X2Y43   design_1_i/conv2d_stream_0/inst/mul_ln39_reg_974_reg__0/CLK
Min Period        n/a     DSP48E1/CLK         n/a            3.884         20.000      16.116     DSP48_X2Y25   design_1_i/conv2d_stream_0/inst/grp_conv2d_stream_Pipeline_VITIS_LOOP_68_3_mainLoop_cols_fu_367/mul_32s_32s_32_1_1_U101/dout/CLK
Min Period        n/a     DSP48E1/CLK         n/a            3.884         20.000      16.116     DSP48_X2Y31   design_1_i/conv2d_stream_0/inst/mul_32s_32s_32_1_1_U173/dout/CLK
Min Period        n/a     DSP48E1/CLK         n/a            3.687         20.000      16.313     DSP48_X2Y33   design_1_i/conv2d_stream_0/inst/mul173_reg_969_reg/CLK
Min Period        n/a     DSP48E1/CLK         n/a            3.687         20.000      16.313     DSP48_X2Y30   design_1_i/conv2d_stream_0/inst/grp_conv2d_stream_Pipeline_VITIS_LOOP_68_3_mainLoop_cols_fu_367/mul_ln68_reg_2364_reg/CLK
Min Period        n/a     RAMB36E1/CLKARDCLK  n/a            2.944         20.000      17.056     RAMB36_X2Y12  design_1_i/conv2d_stream_0/inst/CTRL_s_axi_U/int_kernel/mem_reg/CLKARDCLK
Min Period        n/a     RAMB18E1/CLKARDCLK  n/a            2.944         20.000      17.056     RAMB18_X3Y18  design_1_i/conv2d_stream_0/inst/line_buf_0_U/ram_reg/CLKARDCLK
Min Period        n/a     RAMB18E1/CLKBWRCLK  n/a            2.944         20.000      17.056     RAMB18_X3Y18  design_1_i/conv2d_stream_0/inst/line_buf_0_U/ram_reg/CLKBWRCLK
Min Period        n/a     RAMB18E1/CLKARDCLK  n/a            2.944         20.000      17.056     RAMB18_X2Y18  design_1_i/conv2d_stream_0/inst/line_buf_1_U/ram_reg/CLKARDCLK
Low Pulse Width   Slow    RAMD32/CLK          n/a            1.250         10.000      8.750      SLICE_X26Y33  design_1_i/axi_dma_0/U0/I_PRMRY_DATAMOVER/GEN_S2MM_FULL.I_S2MM_FULL_WRAPPER/GEN_ENABLE_INDET_BTT_SF.I_INDET_BTT/I_XD_FIFO/NON_BLK_MEM.I_SYNC_FIFOGEN_FIFO/xpm_fifo_instance.xpm_fifo_sync_inst/xpm_fifo_base_inst/gen_sdpram.xpm_memory_base_inst/gen_wr_a.gen_word_narrow.mem_reg_0_15_0_5/RAMA/CLK
Low Pulse Width   Fast    RAMD32/CLK          n/a            1.250         10.000      8.750      SLICE_X26Y33  design_1_i/axi_dma_0/U0/I_PRMRY_DATAMOVER/GEN_S2MM_FULL.I_S2MM_FULL_WRAPPER/GEN_ENABLE_INDET_BTT_SF.I_INDET_BTT/I_XD_FIFO/NON_BLK_MEM.I_SYNC_FIFOGEN_FIFO/xpm_fifo_instance.xpm_fifo_sync_inst/xpm_fifo_base_inst/gen_sdpram.xpm_memory_base_inst/gen_wr_a.gen_word_narrow.mem_reg_0_15_0_5/RAMA/CLK
Low Pulse Width   Slow    RAMD32/CLK          n/a            1.250         10.000      8.750      SLICE_X26Y33  design_1_i/axi_dma_0/U0/I_PRMRY_DATAMOVER/GEN_S2MM_FULL.I_S2MM_FULL_WRAPPER/GEN_ENABLE_INDET_BTT_SF.I_INDET_BTT/I_XD_FIFO/NON_BLK_MEM.I_SYNC_FIFOGEN_FIFO/xpm_fifo_instance.xpm_fifo_sync_inst/xpm_fifo_base_inst/gen_sdpram.xpm_memory_base_inst/gen_wr_a.gen_word_narrow.mem_reg_0_15_0_5/RAMA_D1/CLK
Low Pulse Width   Fast    RAMD32/CLK          n/a            1.250         10.000      8.750      SLICE_X26Y33  design_1_i/axi_dma_0/U0/I_PRMRY_DATAMOVER/GEN_S2MM_FULL.I_S2MM_FULL_WRAPPER/GEN_ENABLE_INDET_BTT_SF.I_INDET_BTT/I_XD_FIFO/NON_BLK_MEM.I_SYNC_FIFOGEN_FIFO/xpm_fifo_instance.xpm_fifo_sync_inst/xpm_fifo_base_inst/gen_sdpram.xpm_memory_base_inst/gen_wr_a.gen_word_narrow.mem_reg_0_15_0_5/RAMA_D1/CLK
Low Pulse Width   Slow    RAMD32/CLK          n/a            1.250         10.000      8.750      SLICE_X26Y33  design_1_i/axi_dma_0/U0/I_PRMRY_DATAMOVER/GEN_S2MM_FULL.I_S2MM_FULL_WRAPPER/GEN_ENABLE_INDET_BTT_SF.I_INDET_BTT/I_XD_FIFO/NON_BLK_MEM.I_SYNC_FIFOGEN_FIFO/xpm_fifo_instance.xpm_fifo_sync_inst/xpm_fifo_base_inst/gen_sdpram.xpm_memory_base_inst/gen_wr_a.gen_word_narrow.mem_reg_0_15_0_5/RAMB/CLK
Low Pulse Width   Fast    RAMD32/CLK          n/a            1.250         10.000      8.750      SLICE_X26Y33  design_1_i/axi_dma_0/U0/I_PRMRY_DATAMOVER/GEN_S2MM_FULL.I_S2MM_FULL_WRAPPER/GEN_ENABLE_INDET_BTT_SF.I_INDET_BTT/I_XD_FIFO/NON_BLK_MEM.I_SYNC_FIFOGEN_FIFO/xpm_fifo_instance.xpm_fifo_sync_inst/xpm_fifo_base_inst/gen_sdpram.xpm_memory_base_inst/gen_wr_a.gen_word_narrow.mem_reg_0_15_0_5/RAMB/CLK
Low Pulse Width   Slow    RAMD32/CLK          n/a            1.250         10.000      8.750      SLICE_X26Y33  design_1_i/axi_dma_0/U0/I_PRMRY_DATAMOVER/GEN_S2MM_FULL.I_S2MM_FULL_WRAPPER/GEN_ENABLE_INDET_BTT_SF.I_INDET_BTT/I_XD_FIFO/NON_BLK_MEM.I_SYNC_FIFOGEN_FIFO/xpm_fifo_instance.xpm_fifo_sync_inst/xpm_fifo_base_inst/gen_sdpram.xpm_memory_base_inst/gen_wr_a.gen_word_narrow.mem_reg_0_15_0_5/RAMB_D1/CLK
Low Pulse Width   Fast    RAMD32/CLK          n/a            1.250         10.000      8.750      SLICE_X26Y33  design_1_i/axi_dma_0/U0/I_PRMRY_DATAMOVER/GEN_S2MM_FULL.I_S2MM_FULL_WRAPPER/GEN_ENABLE_INDET_BTT_SF.I_INDET_BTT/I_XD_FIFO/NON_BLK_MEM.I_SYNC_FIFOGEN_FIFO/xpm_fifo_instance.xpm_fifo_sync_inst/xpm_fifo_base_inst/gen_sdpram.xpm_memory_base_inst/gen_wr_a.gen_word_narrow.mem_reg_0_15_0_5/RAMB_D1/CLK
Low Pulse Width   Slow    RAMD32/CLK          n/a            1.250         10.000      8.750      SLICE_X26Y33  design_1_i/axi_dma_0/U0/I_PRMRY_DATAMOVER/GEN_S2MM_FULL.I_S2MM_FULL_WRAPPER/GEN_ENABLE_INDET_BTT_SF.I_INDET_BTT/I_XD_FIFO/NON_BLK_MEM.I_SYNC_FIFOGEN_FIFO/xpm_fifo_instance.xpm_fifo_sync_inst/xpm_fifo_base_inst/gen_sdpram.xpm_memory_base_inst/gen_wr_a.gen_word_narrow.mem_reg_0_15_0_5/RAMC/CLK
Low Pulse Width   Fast    RAMD32/CLK          n/a            1.250         10.000      8.750      SLICE_X26Y33  design_1_i/axi_dma_0/U0/I_PRMRY_DATAMOVER/GEN_S2MM_FULL.I_S2MM_FULL_WRAPPER/GEN_ENABLE_INDET_BTT_SF.I_INDET_BTT/I_XD_FIFO/NON_BLK_MEM.I_SYNC_FIFOGEN_FIFO/xpm_fifo_instance.xpm_fifo_sync_inst/xpm_fifo_base_inst/gen_sdpram.xpm_memory_base_inst/gen_wr_a.gen_word_narrow.mem_reg_0_15_0_5/RAMC/CLK
High Pulse Width  Slow    RAMD32/CLK          n/a            1.250         10.000      8.750      SLICE_X26Y33  design_1_i/axi_dma_0/U0/I_PRMRY_DATAMOVER/GEN_S2MM_FULL.I_S2MM_FULL_WRAPPER/GEN_ENABLE_INDET_BTT_SF.I_INDET_BTT/I_XD_FIFO/NON_BLK_MEM.I_SYNC_FIFOGEN_FIFO/xpm_fifo_instance.xpm_fifo_sync_inst/xpm_fifo_base_inst/gen_sdpram.xpm_memory_base_inst/gen_wr_a.gen_word_narrow.mem_reg_0_15_0_5/RAMA/CLK
High Pulse Width  Fast    RAMD32/CLK          n/a            1.250         10.000      8.750      SLICE_X26Y33  design_1_i/axi_dma_0/U0/I_PRMRY_DATAMOVER/GEN_S2MM_FULL.I_S2MM_FULL_WRAPPER/GEN_ENABLE_INDET_BTT_SF.I_INDET_BTT/I_XD_FIFO/NON_BLK_MEM.I_SYNC_FIFOGEN_FIFO/xpm_fifo_instance.xpm_fifo_sync_inst/xpm_fifo_base_inst/gen_sdpram.xpm_memory_base_inst/gen_wr_a.gen_word_narrow.mem_reg_0_15_0_5/RAMA/CLK
High Pulse Width  Slow    RAMD32/CLK          n/a            1.250         10.000      8.750      SLICE_X26Y33  design_1_i/axi_dma_0/U0/I_PRMRY_DATAMOVER/GEN_S2MM_FULL.I_S2MM_FULL_WRAPPER/GEN_ENABLE_INDET_BTT_SF.I_INDET_BTT/I_XD_FIFO/NON_BLK_MEM.I_SYNC_FIFOGEN_FIFO/xpm_fifo_instance.xpm_fifo_sync_inst/xpm_fifo_base_inst/gen_sdpram.xpm_memory_base_inst/gen_wr_a.gen_word_narrow.mem_reg_0_15_0_5/RAMA_D1/CLK
High Pulse Width  Fast    RAMD32/CLK          n/a            1.250         10.000      8.750      SLICE_X26Y33  design_1_i/axi_dma_0/U0/I_PRMRY_DATAMOVER/GEN_S2MM_FULL.I_S2MM_FULL_WRAPPER/GEN_ENABLE_INDET_BTT_SF.I_INDET_BTT/I_XD_FIFO/NON_BLK_MEM.I_SYNC_FIFOGEN_FIFO/xpm_fifo_instance.xpm_fifo_sync_inst/xpm_fifo_base_inst/gen_sdpram.xpm_memory_base_inst/gen_wr_a.gen_word_narrow.mem_reg_0_15_0_5/RAMA_D1/CLK
High Pulse Width  Slow    RAMD32/CLK          n/a            1.250         10.000      8.750      SLICE_X26Y33  design_1_i/axi_dma_0/U0/I_PRMRY_DATAMOVER/GEN_S2MM_FULL.I_S2MM_FULL_WRAPPER/GEN_ENABLE_INDET_BTT_SF.I_INDET_BTT/I_XD_FIFO/NON_BLK_MEM.I_SYNC_FIFOGEN_FIFO/xpm_fifo_instance.xpm_fifo_sync_inst/xpm_fifo_base_inst/gen_sdpram.xpm_memory_base_inst/gen_wr_a.gen_word_narrow.mem_reg_0_15_0_5/RAMB/CLK
High Pulse Width  Fast    RAMD32/CLK          n/a            1.250         10.000      8.750      SLICE_X26Y33  design_1_i/axi_dma_0/U0/I_PRMRY_DATAMOVER/GEN_S2MM_FULL.I_S2MM_FULL_WRAPPER/GEN_ENABLE_INDET_BTT_SF.I_INDET_BTT/I_XD_FIFO/NON_BLK_MEM.I_SYNC_FIFOGEN_FIFO/xpm_fifo_instance.xpm_fifo_sync_inst/xpm_fifo_base_inst/gen_sdpram.xpm_memory_base_inst/gen_wr_a.gen_word_narrow.mem_reg_0_15_0_5/RAMB/CLK
High Pulse Width  Slow    RAMD32/CLK          n/a            1.250         10.000      8.750      SLICE_X26Y33  design_1_i/axi_dma_0/U0/I_PRMRY_DATAMOVER/GEN_S2MM_FULL.I_S2MM_FULL_WRAPPER/GEN_ENABLE_INDET_BTT_SF.I_INDET_BTT/I_XD_FIFO/NON_BLK_MEM.I_SYNC_FIFOGEN_FIFO/xpm_fifo_instance.xpm_fifo_sync_inst/xpm_fifo_base_inst/gen_sdpram.xpm_memory_base_inst/gen_wr_a.gen_word_narrow.mem_reg_0_15_0_5/RAMB_D1/CLK
High Pulse Width  Fast    RAMD32/CLK          n/a            1.250         10.000      8.750      SLICE_X26Y33  design_1_i/axi_dma_0/U0/I_PRMRY_DATAMOVER/GEN_S2MM_FULL.I_S2MM_FULL_WRAPPER/GEN_ENABLE_INDET_BTT_SF.I_INDET_BTT/I_XD_FIFO/NON_BLK_MEM.I_SYNC_FIFOGEN_FIFO/xpm_fifo_instance.xpm_fifo_sync_inst/xpm_fifo_base_inst/gen_sdpram.xpm_memory_base_inst/gen_wr_a.gen_word_narrow.mem_reg_0_15_0_5/RAMB_D1/CLK
High Pulse Width  Slow    RAMD32/CLK          n/a            1.250         10.000      8.750      SLICE_X26Y33  design_1_i/axi_dma_0/U0/I_PRMRY_DATAMOVER/GEN_S2MM_FULL.I_S2MM_FULL_WRAPPER/GEN_ENABLE_INDET_BTT_SF.I_INDET_BTT/I_XD_FIFO/NON_BLK_MEM.I_SYNC_FIFOGEN_FIFO/xpm_fifo_instance.xpm_fifo_sync_inst/xpm_fifo_base_inst/gen_sdpram.xpm_memory_base_inst/gen_wr_a.gen_word_narrow.mem_reg_0_15_0_5/RAMC/CLK
High Pulse Width  Fast    RAMD32/CLK          n/a            1.250         10.000      8.750      SLICE_X26Y33  design_1_i/axi_dma_0/U0/I_PRMRY_DATAMOVER/GEN_S2MM_FULL.I_S2MM_FULL_WRAPPER/GEN_ENABLE_INDET_BTT_SF.I_INDET_BTT/I_XD_FIFO/NON_BLK_MEM.I_SYNC_FIFOGEN_FIFO/xpm_fifo_instance.xpm_fifo_sync_inst/xpm_fifo_base_inst/gen_sdpram.xpm_memory_base_inst/gen_wr_a.gen_word_narrow.mem_reg_0_15_0_5/RAMC/CLK



---------------------------------------------------------------------------------------------------
Path Group:  **async_default**
From Clock:  clk_fpga_0
  To Clock:  clk_fpga_0

Setup :            0  Failing Endpoints,  Worst Slack       16.240ns,  Total Violation        0.000ns
Hold  :            0  Failing Endpoints,  Worst Slack        0.646ns,  Total Violation        0.000ns
---------------------------------------------------------------------------------------------------


Max Delay Paths
--------------------------------------------------------------------------------------
Slack (MET) :             16.240ns  (required time - arrival time)
  Source:                 design_1_i/axi_mem_intercon/m00_couplers/auto_pc/inst/gen_axi4_axi3.axi3_conv_inst/USE_READ.USE_SPLIT_R.read_addr_inst/USE_R_CHANNEL.cmd_queue/inst/fifo_gen_inst/inst_fifo_gen/gconvfifo.rf/grf.rf/rstblk/ngwrdrst.grst.g7serrst.gnsckt_wrst.rst_wr_reg2_inst/arststages_ff_reg[1]/C
                            (rising edge-triggered cell FDPE clocked by clk_fpga_0  {rise@0.000ns fall@10.000ns period=20.000ns})
  Destination:            design_1_i/axi_mem_intercon/m00_couplers/auto_pc/inst/gen_axi4_axi3.axi3_conv_inst/USE_READ.USE_SPLIT_R.read_addr_inst/USE_R_CHANNEL.cmd_queue/inst/fifo_gen_inst/inst_fifo_gen/gconvfifo.rf/grf.rf/gntv_or_sync_fifo.gl0.rd/gr1.gr1_int.rfwft/gpregsm1.curr_fwft_state_reg[0]/CLR
                            (recovery check against rising-edge clock clk_fpga_0  {rise@0.000ns fall@10.000ns period=20.000ns})
  Path Group:             **async_default**
  Path Type:              Recovery (Max at Slow Process Corner)
  Requirement:            20.000ns  (clk_fpga_0 rise@20.000ns - clk_fpga_0 rise@0.000ns)
  Data Path Delay:        2.910ns  (logic 0.773ns (26.560%)  route 2.137ns (73.440%))
  Logic Levels:           1  (LUT3=1)
  Clock Path Skew:        -0.142ns (DCD - SCD + CPR)
    Destination Clock Delay (DCD):    2.760ns = ( 22.760 - 20.000 ) 
    Source Clock Delay      (SCD):    3.132ns
    Clock Pessimism Removal (CPR):    0.230ns
  Clock Uncertainty:      0.302ns  ((TSJ^2 + TIJ^2)^1/2 + DJ) / 2 + PE
    Total System Jitter     (TSJ):    0.071ns
    Total Input Jitter      (TIJ):    0.600ns
    Discrete Jitter          (DJ):    0.000ns
    Phase Error              (PE):    0.000ns

    Location             Delay type                Incr(ns)  Path(ns)    Netlist Resource(s)
  -------------------------------------------------------------------    -------------------
                         (clock clk_fpga_0 rise edge)
                                                      0.000     0.000 r  
    PS7_X0Y0             PS7                          0.000     0.000 r  design_1_i/processing_system7_0/inst/PS7_i/FCLKCLK[0]
                         net (fo=1, routed)           1.193     1.193    design_1_i/processing_system7_0/inst/FCLK_CLK_unbuffered[0]
    BUFGCTRL_X0Y16       BUFG (Prop_bufg_I_O)         0.101     1.294 r  design_1_i/processing_system7_0/inst/buffer_fclk_clk_0.FCLK_CLK_0_BUFG/O
                         net (fo=18046, routed)       1.838     3.132    design_1_i/axi_mem_intercon/m00_couplers/auto_pc/inst/gen_axi4_axi3.axi3_conv_inst/USE_READ.USE_SPLIT_R.read_addr_inst/USE_R_CHANNEL.cmd_queue/inst/fifo_gen_inst/inst_fifo_gen/gconvfifo.rf/grf.rf/rstblk/ngwrdrst.grst.g7serrst.gnsckt_wrst.rst_wr_reg2_inst/dest_clk
    SLICE_X6Y48          FDPE                                         r  design_1_i/axi_mem_intercon/m00_couplers/auto_pc/inst/gen_axi4_axi3.axi3_conv_inst/USE_READ.USE_SPLIT_R.read_addr_inst/USE_R_CHANNEL.cmd_queue/inst/fifo_gen_inst/inst_fifo_gen/gconvfifo.rf/grf.rf/rstblk/ngwrdrst.grst.g7serrst.gnsckt_wrst.rst_wr_reg2_inst/arststages_ff_reg[1]/C
  -------------------------------------------------------------------    -------------------
    SLICE_X6Y48          FDPE (Prop_fdpe_C_Q)         0.478     3.610 f  design_1_i/axi_mem_intercon/m00_couplers/auto_pc/inst/gen_axi4_axi3.axi3_conv_inst/USE_READ.USE_SPLIT_R.read_addr_inst/USE_R_CHANNEL.cmd_queue/inst/fifo_gen_inst/inst_fifo_gen/gconvfifo.rf/grf.rf/rstblk/ngwrdrst.grst.g7serrst.gnsckt_wrst.rst_wr_reg2_inst/arststages_ff_reg[1]/Q
                         net (fo=2, routed)           0.675     4.285    design_1_i/axi_mem_intercon/m00_couplers/auto_pc/inst/gen_axi4_axi3.axi3_conv_inst/USE_READ.USE_SPLIT_R.read_addr_inst/USE_R_CHANNEL.cmd_queue/inst/fifo_gen_inst/inst_fifo_gen/gconvfifo.rf/grf.rf/rstblk/rst_wr_reg2
    SLICE_X7Y48          LUT3 (Prop_lut3_I2_O)        0.295     4.580 f  design_1_i/axi_mem_intercon/m00_couplers/auto_pc/inst/gen_axi4_axi3.axi3_conv_inst/USE_READ.USE_SPLIT_R.read_addr_inst/USE_R_CHANNEL.cmd_queue/inst/fifo_gen_inst/inst_fifo_gen/gconvfifo.rf/grf.rf/rstblk/gpregsm1.curr_fwft_state[1]_i_2/O
                         net (fo=33, routed)          1.462     6.042    design_1_i/axi_mem_intercon/m00_couplers/auto_pc/inst/gen_axi4_axi3.axi3_conv_inst/USE_READ.USE_SPLIT_R.read_addr_inst/USE_R_CHANNEL.cmd_queue/inst/fifo_gen_inst/inst_fifo_gen/gconvfifo.rf/grf.rf/gntv_or_sync_fifo.gl0.rd/gr1.gr1_int.rfwft/gpregsm1.user_valid_reg_0
    SLICE_X13Y48         FDCE                                         f  design_1_i/axi_mem_intercon/m00_couplers/auto_pc/inst/gen_axi4_axi3.axi3_conv_inst/USE_READ.USE_SPLIT_R.read_addr_inst/USE_R_CHANNEL.cmd_queue/inst/fifo_gen_inst/inst_fifo_gen/gconvfifo.rf/grf.rf/gntv_or_sync_fifo.gl0.rd/gr1.gr1_int.rfwft/gpregsm1.curr_fwft_state_reg[0]/CLR
  -------------------------------------------------------------------    -------------------

                         (clock clk_fpga_0 rise edge)
                                                     20.000    20.000 r  
    PS7_X0Y0             PS7                          0.000    20.000 r  design_1_i/processing_system7_0/inst/PS7_i/FCLKCLK[0]
                         net (fo=1, routed)           1.088    21.088    design_1_i/processing_system7_0/inst/FCLK_CLK_unbuffered[0]
    BUFGCTRL_X0Y16       BUFG (Prop_bufg_I_O)         0.091    21.179 r  design_1_i/processing_system7_0/inst/buffer_fclk_clk_0.FCLK_CLK_0_BUFG/O
                         net (fo=18046, routed)       1.581    22.760    design_1_i/axi_mem_intercon/m00_couplers/auto_pc/inst/gen_axi4_axi3.axi3_conv_inst/USE_READ.USE_SPLIT_R.read_addr_inst/USE_R_CHANNEL.cmd_queue/inst/fifo_gen_inst/inst_fifo_gen/gconvfifo.rf/grf.rf/gntv_or_sync_fifo.gl0.rd/gr1.gr1_int.rfwft/clk
    SLICE_X13Y48         FDCE                                         r  design_1_i/axi_mem_intercon/m00_couplers/auto_pc/inst/gen_axi4_axi3.axi3_conv_inst/USE_READ.USE_SPLIT_R.read_addr_inst/USE_R_CHANNEL.cmd_queue/inst/fifo_gen_inst/inst_fifo_gen/gconvfifo.rf/grf.rf/gntv_or_sync_fifo.gl0.rd/gr1.gr1_int.rfwft/gpregsm1.curr_fwft_state_reg[0]/C
                         clock pessimism              0.230    22.990    
                         clock uncertainty           -0.302    22.688    
    SLICE_X13Y48         FDCE (Recov_fdce_C_CLR)     -0.405    22.283    design_1_i/axi_mem_intercon/m00_couplers/auto_pc/inst/gen_axi4_axi3.axi3_conv_inst/USE_READ.USE_SPLIT_R.read_addr_inst/USE_R_CHANNEL.cmd_queue/inst/fifo_gen_inst/inst_fifo_gen/gconvfifo.rf/grf.rf/gntv_or_sync_fifo.gl0.rd/gr1.gr1_int.rfwft/gpregsm1.curr_fwft_state_reg[0]
  -------------------------------------------------------------------
                         required time                         22.283    
                         arrival time                          -6.042    
  -------------------------------------------------------------------
                         slack                                 16.240    

Slack (MET) :             16.240ns  (required time - arrival time)
  Source:                 design_1_i/axi_mem_intercon/m00_couplers/auto_pc/inst/gen_axi4_axi3.axi3_conv_inst/USE_READ.USE_SPLIT_R.read_addr_inst/USE_R_CHANNEL.cmd_queue/inst/fifo_gen_inst/inst_fifo_gen/gconvfifo.rf/grf.rf/rstblk/ngwrdrst.grst.g7serrst.gnsckt_wrst.rst_wr_reg2_inst/arststages_ff_reg[1]/C
                            (rising edge-triggered cell FDPE clocked by clk_fpga_0  {rise@0.000ns fall@10.000ns period=20.000ns})
  Destination:            design_1_i/axi_mem_intercon/m00_couplers/auto_pc/inst/gen_axi4_axi3.axi3_conv_inst/USE_READ.USE_SPLIT_R.read_addr_inst/USE_R_CHANNEL.cmd_queue/inst/fifo_gen_inst/inst_fifo_gen/gconvfifo.rf/grf.rf/gntv_or_sync_fifo.gl0.rd/gr1.gr1_int.rfwft/gpregsm1.curr_fwft_state_reg[1]/CLR
                            (recovery check against rising-edge clock clk_fpga_0  {rise@0.000ns fall@10.000ns period=20.000ns})
  Path Group:             **async_default**
  Path Type:              Recovery (Max at Slow Process Corner)
  Requirement:            20.000ns  (clk_fpga_0 rise@20.000ns - clk_fpga_0 rise@0.000ns)
  Data Path Delay:        2.910ns  (logic 0.773ns (26.560%)  route 2.137ns (73.440%))
  Logic Levels:           1  (LUT3=1)
  Clock Path Skew:        -0.142ns (DCD - SCD + CPR)
    Destination Clock Delay (DCD):    2.760ns = ( 22.760 - 20.000 ) 
    Source Clock Delay      (SCD):    3.132ns
    Clock Pessimism Removal (CPR):    0.230ns
  Clock Uncertainty:      0.302ns  ((TSJ^2 + TIJ^2)^1/2 + DJ) / 2 + PE
    Total System Jitter     (TSJ):    0.071ns
    Total Input Jitter      (TIJ):    0.600ns
    Discrete Jitter          (DJ):    0.000ns
    Phase Error              (PE):    0.000ns

    Location             Delay type                Incr(ns)  Path(ns)    Netlist Resource(s)
  -------------------------------------------------------------------    -------------------
                         (clock clk_fpga_0 rise edge)
                                                      0.000     0.000 r  
    PS7_X0Y0             PS7                          0.000     0.000 r  design_1_i/processing_system7_0/inst/PS7_i/FCLKCLK[0]
                         net (fo=1, routed)           1.193     1.193    design_1_i/processing_system7_0/inst/FCLK_CLK_unbuffered[0]
    BUFGCTRL_X0Y16       BUFG (Prop_bufg_I_O)         0.101     1.294 r  design_1_i/processing_system7_0/inst/buffer_fclk_clk_0.FCLK_CLK_0_BUFG/O
                         net (fo=18046, routed)       1.838     3.132    design_1_i/axi_mem_intercon/m00_couplers/auto_pc/inst/gen_axi4_axi3.axi3_conv_inst/USE_READ.USE_SPLIT_R.read_addr_inst/USE_R_CHANNEL.cmd_queue/inst/fifo_gen_inst/inst_fifo_gen/gconvfifo.rf/grf.rf/rstblk/ngwrdrst.grst.g7serrst.gnsckt_wrst.rst_wr_reg2_inst/dest_clk
    SLICE_X6Y48          FDPE                                         r  design_1_i/axi_mem_intercon/m00_couplers/auto_pc/inst/gen_axi4_axi3.axi3_conv_inst/USE_READ.USE_SPLIT_R.read_addr_inst/USE_R_CHANNEL.cmd_queue/inst/fifo_gen_inst/inst_fifo_gen/gconvfifo.rf/grf.rf/rstblk/ngwrdrst.grst.g7serrst.gnsckt_wrst.rst_wr_reg2_inst/arststages_ff_reg[1]/C
  -------------------------------------------------------------------    -------------------
    SLICE_X6Y48          FDPE (Prop_fdpe_C_Q)         0.478     3.610 f  design_1_i/axi_mem_intercon/m00_couplers/auto_pc/inst/gen_axi4_axi3.axi3_conv_inst/USE_READ.USE_SPLIT_R.read_addr_inst/USE_R_CHANNEL.cmd_queue/inst/fifo_gen_inst/inst_fifo_gen/gconvfifo.rf/grf.rf/rstblk/ngwrdrst.grst.g7serrst.gnsckt_wrst.rst_wr_reg2_inst/arststages_ff_reg[1]/Q
                         net (fo=2, routed)           0.675     4.285    design_1_i/axi_mem_intercon/m00_couplers/auto_pc/inst/gen_axi4_axi3.axi3_conv_inst/USE_READ.USE_SPLIT_R.read_addr_inst/USE_R_CHANNEL.cmd_queue/inst/fifo_gen_inst/inst_fifo_gen/gconvfifo.rf/grf.rf/rstblk/rst_wr_reg2
    SLICE_X7Y48          LUT3 (Prop_lut3_I2_O)        0.295     4.580 f  design_1_i/axi_mem_intercon/m00_couplers/auto_pc/inst/gen_axi4_axi3.axi3_conv_inst/USE_READ.USE_SPLIT_R.read_addr_inst/USE_R_CHANNEL.cmd_queue/inst/fifo_gen_inst/inst_fifo_gen/gconvfifo.rf/grf.rf/rstblk/gpregsm1.curr_fwft_state[1]_i_2/O
                         net (fo=33, routed)          1.462     6.042    design_1_i/axi_mem_intercon/m00_couplers/auto_pc/inst/gen_axi4_axi3.axi3_conv_inst/USE_READ.USE_SPLIT_R.read_addr_inst/USE_R_CHANNEL.cmd_queue/inst/fifo_gen_inst/inst_fifo_gen/gconvfifo.rf/grf.rf/gntv_or_sync_fifo.gl0.rd/gr1.gr1_int.rfwft/gpregsm1.user_valid_reg_0
    SLICE_X13Y48         FDCE                                         f  design_1_i/axi_mem_intercon/m00_couplers/auto_pc/inst/gen_axi4_axi3.axi3_conv_inst/USE_READ.USE_SPLIT_R.read_addr_inst/USE_R_CHANNEL.cmd_queue/inst/fifo_gen_inst/inst_fifo_gen/gconvfifo.rf/grf.rf/gntv_or_sync_fifo.gl0.rd/gr1.gr1_int.rfwft/gpregsm1.curr_fwft_state_reg[1]/CLR
  -------------------------------------------------------------------    -------------------

                         (clock clk_fpga_0 rise edge)
                                                     20.000    20.000 r  
    PS7_X0Y0             PS7                          0.000    20.000 r  design_1_i/processing_system7_0/inst/PS7_i/FCLKCLK[0]
                         net (fo=1, routed)           1.088    21.088    design_1_i/processing_system7_0/inst/FCLK_CLK_unbuffered[0]
    BUFGCTRL_X0Y16       BUFG (Prop_bufg_I_O)         0.091    21.179 r  design_1_i/processing_system7_0/inst/buffer_fclk_clk_0.FCLK_CLK_0_BUFG/O
                         net (fo=18046, routed)       1.581    22.760    design_1_i/axi_mem_intercon/m00_couplers/auto_pc/inst/gen_axi4_axi3.axi3_conv_inst/USE_READ.USE_SPLIT_R.read_addr_inst/USE_R_CHANNEL.cmd_queue/inst/fifo_gen_inst/inst_fifo_gen/gconvfifo.rf/grf.rf/gntv_or_sync_fifo.gl0.rd/gr1.gr1_int.rfwft/clk
    SLICE_X13Y48         FDCE                                         r  design_1_i/axi_mem_intercon/m00_couplers/auto_pc/inst/gen_axi4_axi3.axi3_conv_inst/USE_READ.USE_SPLIT_R.read_addr_inst/USE_R_CHANNEL.cmd_queue/inst/fifo_gen_inst/inst_fifo_gen/gconvfifo.rf/grf.rf/gntv_or_sync_fifo.gl0.rd/gr1.gr1_int.rfwft/gpregsm1.curr_fwft_state_reg[1]/C
                         clock pessimism              0.230    22.990    
                         clock uncertainty           -0.302    22.688    
    SLICE_X13Y48         FDCE (Recov_fdce_C_CLR)     -0.405    22.283    design_1_i/axi_mem_intercon/m00_couplers/auto_pc/inst/gen_axi4_axi3.axi3_conv_inst/USE_READ.USE_SPLIT_R.read_addr_inst/USE_R_CHANNEL.cmd_queue/inst/fifo_gen_inst/inst_fifo_gen/gconvfifo.rf/grf.rf/gntv_or_sync_fifo.gl0.rd/gr1.gr1_int.rfwft/gpregsm1.curr_fwft_state_reg[1]
  -------------------------------------------------------------------
                         required time                         22.283    
                         arrival time                          -6.042    
  -------------------------------------------------------------------
                         slack                                 16.240    

Slack (MET) :             16.240ns  (required time - arrival time)
  Source:                 design_1_i/axi_mem_intercon/m00_couplers/auto_pc/inst/gen_axi4_axi3.axi3_conv_inst/USE_READ.USE_SPLIT_R.read_addr_inst/USE_R_CHANNEL.cmd_queue/inst/fifo_gen_inst/inst_fifo_gen/gconvfifo.rf/grf.rf/rstblk/ngwrdrst.grst.g7serrst.gnsckt_wrst.rst_wr_reg2_inst/arststages_ff_reg[1]/C
                            (rising edge-triggered cell FDPE clocked by clk_fpga_0  {rise@0.000ns fall@10.000ns period=20.000ns})
  Destination:            design_1_i/axi_mem_intercon/m00_couplers/auto_pc/inst/gen_axi4_axi3.axi3_conv_inst/USE_READ.USE_SPLIT_R.read_addr_inst/USE_R_CHANNEL.cmd_queue/inst/fifo_gen_inst/inst_fifo_gen/gconvfifo.rf/grf.rf/gntv_or_sync_fifo.gl0.wr/gwss.wsts/ram_full_fb_i_reg/CLR
                            (recovery check against rising-edge clock clk_fpga_0  {rise@0.000ns fall@10.000ns period=20.000ns})
  Path Group:             **async_default**
  Path Type:              Recovery (Max at Slow Process Corner)
  Requirement:            20.000ns  (clk_fpga_0 rise@20.000ns - clk_fpga_0 rise@0.000ns)
  Data Path Delay:        2.910ns  (logic 0.773ns (26.560%)  route 2.137ns (73.440%))
  Logic Levels:           1  (LUT3=1)
  Clock Path Skew:        -0.142ns (DCD - SCD + CPR)
    Destination Clock Delay (DCD):    2.760ns = ( 22.760 - 20.000 ) 
    Source Clock Delay      (SCD):    3.132ns
    Clock Pessimism Removal (CPR):    0.230ns
  Clock Uncertainty:      0.302ns  ((TSJ^2 + TIJ^2)^1/2 + DJ) / 2 + PE
    Total System Jitter     (TSJ):    0.071ns
    Total Input Jitter      (TIJ):    0.600ns
    Discrete Jitter          (DJ):    0.000ns
    Phase Error              (PE):    0.000ns

    Location             Delay type                Incr(ns)  Path(ns)    Netlist Resource(s)
  -------------------------------------------------------------------    -------------------
                         (clock clk_fpga_0 rise edge)
                                                      0.000     0.000 r  
    PS7_X0Y0             PS7                          0.000     0.000 r  design_1_i/processing_system7_0/inst/PS7_i/FCLKCLK[0]
                         net (fo=1, routed)           1.193     1.193    design_1_i/processing_system7_0/inst/FCLK_CLK_unbuffered[0]
    BUFGCTRL_X0Y16       BUFG (Prop_bufg_I_O)         0.101     1.294 r  design_1_i/processing_system7_0/inst/buffer_fclk_clk_0.FCLK_CLK_0_BUFG/O
                         net (fo=18046, routed)       1.838     3.132    design_1_i/axi_mem_intercon/m00_couplers/auto_pc/inst/gen_axi4_axi3.axi3_conv_inst/USE_READ.USE_SPLIT_R.read_addr_inst/USE_R_CHANNEL.cmd_queue/inst/fifo_gen_inst/inst_fifo_gen/gconvfifo.rf/grf.rf/rstblk/ngwrdrst.grst.g7serrst.gnsckt_wrst.rst_wr_reg2_inst/dest_clk
    SLICE_X6Y48          FDPE                                         r  design_1_i/axi_mem_intercon/m00_couplers/auto_pc/inst/gen_axi4_axi3.axi3_conv_inst/USE_READ.USE_SPLIT_R.read_addr_inst/USE_R_CHANNEL.cmd_queue/inst/fifo_gen_inst/inst_fifo_gen/gconvfifo.rf/grf.rf/rstblk/ngwrdrst.grst.g7serrst.gnsckt_wrst.rst_wr_reg2_inst/arststages_ff_reg[1]/C
  -------------------------------------------------------------------    -------------------
    SLICE_X6Y48          FDPE (Prop_fdpe_C_Q)         0.478     3.610 f  design_1_i/axi_mem_intercon/m00_couplers/auto_pc/inst/gen_axi4_axi3.axi3_conv_inst/USE_READ.USE_SPLIT_R.read_addr_inst/USE_R_CHANNEL.cmd_queue/inst/fifo_gen_inst/inst_fifo_gen/gconvfifo.rf/grf.rf/rstblk/ngwrdrst.grst.g7serrst.gnsckt_wrst.rst_wr_reg2_inst/arststages_ff_reg[1]/Q
                         net (fo=2, routed)           0.675     4.285    design_1_i/axi_mem_intercon/m00_couplers/auto_pc/inst/gen_axi4_axi3.axi3_conv_inst/USE_READ.USE_SPLIT_R.read_addr_inst/USE_R_CHANNEL.cmd_queue/inst/fifo_gen_inst/inst_fifo_gen/gconvfifo.rf/grf.rf/rstblk/rst_wr_reg2
    SLICE_X7Y48          LUT3 (Prop_lut3_I2_O)        0.295     4.580 f  design_1_i/axi_mem_intercon/m00_couplers/auto_pc/inst/gen_axi4_axi3.axi3_conv_inst/USE_READ.USE_SPLIT_R.read_addr_inst/USE_R_CHANNEL.cmd_queue/inst/fifo_gen_inst/inst_fifo_gen/gconvfifo.rf/grf.rf/rstblk/gpregsm1.curr_fwft_state[1]_i_2/O
                         net (fo=33, routed)          1.462     6.042    design_1_i/axi_mem_intercon/m00_couplers/auto_pc/inst/gen_axi4_axi3.axi3_conv_inst/USE_READ.USE_SPLIT_R.read_addr_inst/USE_R_CHANNEL.cmd_queue/inst/fifo_gen_inst/inst_fifo_gen/gconvfifo.rf/grf.rf/gntv_or_sync_fifo.gl0.wr/gwss.wsts/ram_full_i_reg_0
    SLICE_X13Y48         FDCE                                         f  design_1_i/axi_mem_intercon/m00_couplers/auto_pc/inst/gen_axi4_axi3.axi3_conv_inst/USE_READ.USE_SPLIT_R.read_addr_inst/USE_R_CHANNEL.cmd_queue/inst/fifo_gen_inst/inst_fifo_gen/gconvfifo.rf/grf.rf/gntv_or_sync_fifo.gl0.wr/gwss.wsts/ram_full_fb_i_reg/CLR
  -------------------------------------------------------------------    -------------------

                         (clock clk_fpga_0 rise edge)
                                                     20.000    20.000 r  
    PS7_X0Y0             PS7                          0.000    20.000 r  design_1_i/processing_system7_0/inst/PS7_i/FCLKCLK[0]
                         net (fo=1, routed)           1.088    21.088    design_1_i/processing_system7_0/inst/FCLK_CLK_unbuffered[0]
    BUFGCTRL_X0Y16       BUFG (Prop_bufg_I_O)         0.091    21.179 r  design_1_i/processing_system7_0/inst/buffer_fclk_clk_0.FCLK_CLK_0_BUFG/O
                         net (fo=18046, routed)       1.581    22.760    design_1_i/axi_mem_intercon/m00_couplers/auto_pc/inst/gen_axi4_axi3.axi3_conv_inst/USE_READ.USE_SPLIT_R.read_addr_inst/USE_R_CHANNEL.cmd_queue/inst/fifo_gen_inst/inst_fifo_gen/gconvfifo.rf/grf.rf/gntv_or_sync_fifo.gl0.wr/gwss.wsts/clk
    SLICE_X13Y48         FDCE                                         r  design_1_i/axi_mem_intercon/m00_couplers/auto_pc/inst/gen_axi4_axi3.axi3_conv_inst/USE_READ.USE_SPLIT_R.read_addr_inst/USE_R_CHANNEL.cmd_queue/inst/fifo_gen_inst/inst_fifo_gen/gconvfifo.rf/grf.rf/gntv_or_sync_fifo.gl0.wr/gwss.wsts/ram_full_fb_i_reg/C
                         clock pessimism              0.230    22.990    
                         clock uncertainty           -0.302    22.688    
    SLICE_X13Y48         FDCE (Recov_fdce_C_CLR)     -0.405    22.283    design_1_i/axi_mem_intercon/m00_couplers/auto_pc/inst/gen_axi4_axi3.axi3_conv_inst/USE_READ.USE_SPLIT_R.read_addr_inst/USE_R_CHANNEL.cmd_queue/inst/fifo_gen_inst/inst_fifo_gen/gconvfifo.rf/grf.rf/gntv_or_sync_fifo.gl0.wr/gwss.wsts/ram_full_fb_i_reg
  -------------------------------------------------------------------
                         required time                         22.283    
                         arrival time                          -6.042    
  -------------------------------------------------------------------
                         slack                                 16.240    

Slack (MET) :             16.240ns  (required time - arrival time)
  Source:                 design_1_i/axi_mem_intercon/m00_couplers/auto_pc/inst/gen_axi4_axi3.axi3_conv_inst/USE_READ.USE_SPLIT_R.read_addr_inst/USE_R_CHANNEL.cmd_queue/inst/fifo_gen_inst/inst_fifo_gen/gconvfifo.rf/grf.rf/rstblk/ngwrdrst.grst.g7serrst.gnsckt_wrst.rst_wr_reg2_inst/arststages_ff_reg[1]/C
                            (rising edge-triggered cell FDPE clocked by clk_fpga_0  {rise@0.000ns fall@10.000ns period=20.000ns})
  Destination:            design_1_i/axi_mem_intercon/m00_couplers/auto_pc/inst/gen_axi4_axi3.axi3_conv_inst/USE_READ.USE_SPLIT_R.read_addr_inst/USE_R_CHANNEL.cmd_queue/inst/fifo_gen_inst/inst_fifo_gen/gconvfifo.rf/grf.rf/gntv_or_sync_fifo.gl0.wr/gwss.wsts/ram_full_i_reg/CLR
                            (recovery check against rising-edge clock clk_fpga_0  {rise@0.000ns fall@10.000ns period=20.000ns})
  Path Group:             **async_default**
  Path Type:              Recovery (Max at Slow Process Corner)
  Requirement:            20.000ns  (clk_fpga_0 rise@20.000ns - clk_fpga_0 rise@0.000ns)
  Data Path Delay:        2.910ns  (logic 0.773ns (26.560%)  route 2.137ns (73.440%))
  Logic Levels:           1  (LUT3=1)
  Clock Path Skew:        -0.142ns (DCD - SCD + CPR)
    Destination Clock Delay (DCD):    2.760ns = ( 22.760 - 20.000 ) 
    Source Clock Delay      (SCD):    3.132ns
    Clock Pessimism Removal (CPR):    0.230ns
  Clock Uncertainty:      0.302ns  ((TSJ^2 + TIJ^2)^1/2 + DJ) / 2 + PE
    Total System Jitter     (TSJ):    0.071ns
    Total Input Jitter      (TIJ):    0.600ns
    Discrete Jitter          (DJ):    0.000ns
    Phase Error              (PE):    0.000ns

    Location             Delay type                Incr(ns)  Path(ns)    Netlist Resource(s)
  -------------------------------------------------------------------    -------------------
                         (clock clk_fpga_0 rise edge)
                                                      0.000     0.000 r  
    PS7_X0Y0             PS7                          0.000     0.000 r  design_1_i/processing_system7_0/inst/PS7_i/FCLKCLK[0]
                         net (fo=1, routed)           1.193     1.193    design_1_i/processing_system7_0/inst/FCLK_CLK_unbuffered[0]
    BUFGCTRL_X0Y16       BUFG (Prop_bufg_I_O)         0.101     1.294 r  design_1_i/processing_system7_0/inst/buffer_fclk_clk_0.FCLK_CLK_0_BUFG/O
                         net (fo=18046, routed)       1.838     3.132    design_1_i/axi_mem_intercon/m00_couplers/auto_pc/inst/gen_axi4_axi3.axi3_conv_inst/USE_READ.USE_SPLIT_R.read_addr_inst/USE_R_CHANNEL.cmd_queue/inst/fifo_gen_inst/inst_fifo_gen/gconvfifo.rf/grf.rf/rstblk/ngwrdrst.grst.g7serrst.gnsckt_wrst.rst_wr_reg2_inst/dest_clk
    SLICE_X6Y48          FDPE                                         r  design_1_i/axi_mem_intercon/m00_couplers/auto_pc/inst/gen_axi4_axi3.axi3_conv_inst/USE_READ.USE_SPLIT_R.read_addr_inst/USE_R_CHANNEL.cmd_queue/inst/fifo_gen_inst/inst_fifo_gen/gconvfifo.rf/grf.rf/rstblk/ngwrdrst.grst.g7serrst.gnsckt_wrst.rst_wr_reg2_inst/arststages_ff_reg[1]/C
  -------------------------------------------------------------------    -------------------
    SLICE_X6Y48          FDPE (Prop_fdpe_C_Q)         0.478     3.610 f  design_1_i/axi_mem_intercon/m00_couplers/auto_pc/inst/gen_axi4_axi3.axi3_conv_inst/USE_READ.USE_SPLIT_R.read_addr_inst/USE_R_CHANNEL.cmd_queue/inst/fifo_gen_inst/inst_fifo_gen/gconvfifo.rf/grf.rf/rstblk/ngwrdrst.grst.g7serrst.gnsckt_wrst.rst_wr_reg2_inst/arststages_ff_reg[1]/Q
                         net (fo=2, routed)           0.675     4.285    design_1_i/axi_mem_intercon/m00_couplers/auto_pc/inst/gen_axi4_axi3.axi3_conv_inst/USE_READ.USE_SPLIT_R.read_addr_inst/USE_R_CHANNEL.cmd_queue/inst/fifo_gen_inst/inst_fifo_gen/gconvfifo.rf/grf.rf/rstblk/rst_wr_reg2
    SLICE_X7Y48          LUT3 (Prop_lut3_I2_O)        0.295     4.580 f  design_1_i/axi_mem_intercon/m00_couplers/auto_pc/inst/gen_axi4_axi3.axi3_conv_inst/USE_READ.USE_SPLIT_R.read_addr_inst/USE_R_CHANNEL.cmd_queue/inst/fifo_gen_inst/inst_fifo_gen/gconvfifo.rf/grf.rf/rstblk/gpregsm1.curr_fwft_state[1]_i_2/O
                         net (fo=33, routed)          1.462     6.042    design_1_i/axi_mem_intercon/m00_couplers/auto_pc/inst/gen_axi4_axi3.axi3_conv_inst/USE_READ.USE_SPLIT_R.read_addr_inst/USE_R_CHANNEL.cmd_queue/inst/fifo_gen_inst/inst_fifo_gen/gconvfifo.rf/grf.rf/gntv_or_sync_fifo.gl0.wr/gwss.wsts/ram_full_i_reg_0
    SLICE_X13Y48         FDCE                                         f  design_1_i/axi_mem_intercon/m00_couplers/auto_pc/inst/gen_axi4_axi3.axi3_conv_inst/USE_READ.USE_SPLIT_R.read_addr_inst/USE_R_CHANNEL.cmd_queue/inst/fifo_gen_inst/inst_fifo_gen/gconvfifo.rf/grf.rf/gntv_or_sync_fifo.gl0.wr/gwss.wsts/ram_full_i_reg/CLR
  -------------------------------------------------------------------    -------------------

                         (clock clk_fpga_0 rise edge)
                                                     20.000    20.000 r  
    PS7_X0Y0             PS7                          0.000    20.000 r  design_1_i/processing_system7_0/inst/PS7_i/FCLKCLK[0]
                         net (fo=1, routed)           1.088    21.088    design_1_i/processing_system7_0/inst/FCLK_CLK_unbuffered[0]
    BUFGCTRL_X0Y16       BUFG (Prop_bufg_I_O)         0.091    21.179 r  design_1_i/processing_system7_0/inst/buffer_fclk_clk_0.FCLK_CLK_0_BUFG/O
                         net (fo=18046, routed)       1.581    22.760    design_1_i/axi_mem_intercon/m00_couplers/auto_pc/inst/gen_axi4_axi3.axi3_conv_inst/USE_READ.USE_SPLIT_R.read_addr_inst/USE_R_CHANNEL.cmd_queue/inst/fifo_gen_inst/inst_fifo_gen/gconvfifo.rf/grf.rf/gntv_or_sync_fifo.gl0.wr/gwss.wsts/clk
    SLICE_X13Y48         FDCE                                         r  design_1_i/axi_mem_intercon/m00_couplers/auto_pc/inst/gen_axi4_axi3.axi3_conv_inst/USE_READ.USE_SPLIT_R.read_addr_inst/USE_R_CHANNEL.cmd_queue/inst/fifo_gen_inst/inst_fifo_gen/gconvfifo.rf/grf.rf/gntv_or_sync_fifo.gl0.wr/gwss.wsts/ram_full_i_reg/C
                         clock pessimism              0.230    22.990    
                         clock uncertainty           -0.302    22.688    
    SLICE_X13Y48         FDCE (Recov_fdce_C_CLR)     -0.405    22.283    design_1_i/axi_mem_intercon/m00_couplers/auto_pc/inst/gen_axi4_axi3.axi3_conv_inst/USE_READ.USE_SPLIT_R.read_addr_inst/USE_R_CHANNEL.cmd_queue/inst/fifo_gen_inst/inst_fifo_gen/gconvfifo.rf/grf.rf/gntv_or_sync_fifo.gl0.wr/gwss.wsts/ram_full_i_reg
  -------------------------------------------------------------------
                         required time                         22.283    
                         arrival time                          -6.042    
  -------------------------------------------------------------------
                         slack                                 16.240    

Slack (MET) :             16.286ns  (required time - arrival time)
  Source:                 design_1_i/axi_mem_intercon/m00_couplers/auto_pc/inst/gen_axi4_axi3.axi3_conv_inst/USE_READ.USE_SPLIT_R.read_addr_inst/USE_R_CHANNEL.cmd_queue/inst/fifo_gen_inst/inst_fifo_gen/gconvfifo.rf/grf.rf/rstblk/ngwrdrst.grst.g7serrst.gnsckt_wrst.rst_wr_reg2_inst/arststages_ff_reg[1]/C
                            (rising edge-triggered cell FDPE clocked by clk_fpga_0  {rise@0.000ns fall@10.000ns period=20.000ns})
  Destination:            design_1_i/axi_mem_intercon/m00_couplers/auto_pc/inst/gen_axi4_axi3.axi3_conv_inst/USE_READ.USE_SPLIT_R.read_addr_inst/USE_R_CHANNEL.cmd_queue/inst/fifo_gen_inst/inst_fifo_gen/gconvfifo.rf/grf.rf/gntv_or_sync_fifo.gl0.rd/gr1.gr1_int.rfwft/empty_fwft_fb_o_i_reg/PRE
                            (recovery check against rising-edge clock clk_fpga_0  {rise@0.000ns fall@10.000ns period=20.000ns})
  Path Group:             **async_default**
  Path Type:              Recovery (Max at Slow Process Corner)
  Requirement:            20.000ns  (clk_fpga_0 rise@20.000ns - clk_fpga_0 rise@0.000ns)
  Data Path Delay:        2.910ns  (logic 0.773ns (26.560%)  route 2.137ns (73.440%))
  Logic Levels:           1  (LUT3=1)
  Clock Path Skew:        -0.142ns (DCD - SCD + CPR)
    Destination Clock Delay (DCD):    2.760ns = ( 22.760 - 20.000 ) 
    Source Clock Delay      (SCD):    3.132ns
    Clock Pessimism Removal (CPR):    0.230ns
  Clock Uncertainty:      0.302ns  ((TSJ^2 + TIJ^2)^1/2 + DJ) / 2 + PE
    Total System Jitter     (TSJ):    0.071ns
    Total Input Jitter      (TIJ):    0.600ns
    Discrete Jitter          (DJ):    0.000ns
    Phase Error              (PE):    0.000ns

    Location             Delay type                Incr(ns)  Path(ns)    Netlist Resource(s)
  -------------------------------------------------------------------    -------------------
                         (clock clk_fpga_0 rise edge)
                                                      0.000     0.000 r  
    PS7_X0Y0             PS7                          0.000     0.000 r  design_1_i/processing_system7_0/inst/PS7_i/FCLKCLK[0]
                         net (fo=1, routed)           1.193     1.193    design_1_i/processing_system7_0/inst/FCLK_CLK_unbuffered[0]
    BUFGCTRL_X0Y16       BUFG (Prop_bufg_I_O)         0.101     1.294 r  design_1_i/processing_system7_0/inst/buffer_fclk_clk_0.FCLK_CLK_0_BUFG/O
                         net (fo=18046, routed)       1.838     3.132    design_1_i/axi_mem_intercon/m00_couplers/auto_pc/inst/gen_axi4_axi3.axi3_conv_inst/USE_READ.USE_SPLIT_R.read_addr_inst/USE_R_CHANNEL.cmd_queue/inst/fifo_gen_inst/inst_fifo_gen/gconvfifo.rf/grf.rf/rstblk/ngwrdrst.grst.g7serrst.gnsckt_wrst.rst_wr_reg2_inst/dest_clk
    SLICE_X6Y48          FDPE                                         r  design_1_i/axi_mem_intercon/m00_couplers/auto_pc/inst/gen_axi4_axi3.axi3_conv_inst/USE_READ.USE_SPLIT_R.read_addr_inst/USE_R_CHANNEL.cmd_queue/inst/fifo_gen_inst/inst_fifo_gen/gconvfifo.rf/grf.rf/rstblk/ngwrdrst.grst.g7serrst.gnsckt_wrst.rst_wr_reg2_inst/arststages_ff_reg[1]/C
  -------------------------------------------------------------------    -------------------
    SLICE_X6Y48          FDPE (Prop_fdpe_C_Q)         0.478     3.610 f  design_1_i/axi_mem_intercon/m00_couplers/auto_pc/inst/gen_axi4_axi3.axi3_conv_inst/USE_READ.USE_SPLIT_R.read_addr_inst/USE_R_CHANNEL.cmd_queue/inst/fifo_gen_inst/inst_fifo_gen/gconvfifo.rf/grf.rf/rstblk/ngwrdrst.grst.g7serrst.gnsckt_wrst.rst_wr_reg2_inst/arststages_ff_reg[1]/Q
                         net (fo=2, routed)           0.675     4.285    design_1_i/axi_mem_intercon/m00_couplers/auto_pc/inst/gen_axi4_axi3.axi3_conv_inst/USE_READ.USE_SPLIT_R.read_addr_inst/USE_R_CHANNEL.cmd_queue/inst/fifo_gen_inst/inst_fifo_gen/gconvfifo.rf/grf.rf/rstblk/rst_wr_reg2
    SLICE_X7Y48          LUT3 (Prop_lut3_I2_O)        0.295     4.580 f  design_1_i/axi_mem_intercon/m00_couplers/auto_pc/inst/gen_axi4_axi3.axi3_conv_inst/USE_READ.USE_SPLIT_R.read_addr_inst/USE_R_CHANNEL.cmd_queue/inst/fifo_gen_inst/inst_fifo_gen/gconvfifo.rf/grf.rf/rstblk/gpregsm1.curr_fwft_state[1]_i_2/O
                         net (fo=33, routed)          1.462     6.042    design_1_i/axi_mem_intercon/m00_couplers/auto_pc/inst/gen_axi4_axi3.axi3_conv_inst/USE_READ.USE_SPLIT_R.read_addr_inst/USE_R_CHANNEL.cmd_queue/inst/fifo_gen_inst/inst_fifo_gen/gconvfifo.rf/grf.rf/gntv_or_sync_fifo.gl0.rd/gr1.gr1_int.rfwft/gpregsm1.user_valid_reg_0
    SLICE_X13Y48         FDPE                                         f  design_1_i/axi_mem_intercon/m00_couplers/auto_pc/inst/gen_axi4_axi3.axi3_conv_inst/USE_READ.USE_SPLIT_R.read_addr_inst/USE_R_CHANNEL.cmd_queue/inst/fifo_gen_inst/inst_fifo_gen/gconvfifo.rf/grf.rf/gntv_or_sync_fifo.gl0.rd/gr1.gr1_int.rfwft/empty_fwft_fb_o_i_reg/PRE
  -------------------------------------------------------------------    -------------------

                         (clock clk_fpga_0 rise edge)
                                                     20.000    20.000 r  
    PS7_X0Y0             PS7                          0.000    20.000 r  design_1_i/processing_system7_0/inst/PS7_i/FCLKCLK[0]
                         net (fo=1, routed)           1.088    21.088    design_1_i/processing_system7_0/inst/FCLK_CLK_unbuffered[0]
    BUFGCTRL_X0Y16       BUFG (Prop_bufg_I_O)         0.091    21.179 r  design_1_i/processing_system7_0/inst/buffer_fclk_clk_0.FCLK_CLK_0_BUFG/O
                         net (fo=18046, routed)       1.581    22.760    design_1_i/axi_mem_intercon/m00_couplers/auto_pc/inst/gen_axi4_axi3.axi3_conv_inst/USE_READ.USE_SPLIT_R.read_addr_inst/USE_R_CHANNEL.cmd_queue/inst/fifo_gen_inst/inst_fifo_gen/gconvfifo.rf/grf.rf/gntv_or_sync_fifo.gl0.rd/gr1.gr1_int.rfwft/clk
    SLICE_X13Y48         FDPE                                         r  design_1_i/axi_mem_intercon/m00_couplers/auto_pc/inst/gen_axi4_axi3.axi3_conv_inst/USE_READ.USE_SPLIT_R.read_addr_inst/USE_R_CHANNEL.cmd_queue/inst/fifo_gen_inst/inst_fifo_gen/gconvfifo.rf/grf.rf/gntv_or_sync_fifo.gl0.rd/gr1.gr1_int.rfwft/empty_fwft_fb_o_i_reg/C
                         clock pessimism              0.230    22.990    
                         clock uncertainty           -0.302    22.688    
    SLICE_X13Y48         FDPE (Recov_fdpe_C_PRE)     -0.359    22.329    design_1_i/axi_mem_intercon/m00_couplers/auto_pc/inst/gen_axi4_axi3.axi3_conv_inst/USE_READ.USE_SPLIT_R.read_addr_inst/USE_R_CHANNEL.cmd_queue/inst/fifo_gen_inst/inst_fifo_gen/gconvfifo.rf/grf.rf/gntv_or_sync_fifo.gl0.rd/gr1.gr1_int.rfwft/empty_fwft_fb_o_i_reg
  -------------------------------------------------------------------
                         required time                         22.329    
                         arrival time                          -6.042    
  -------------------------------------------------------------------
                         slack                                 16.286    

Slack (MET) :             16.371ns  (required time - arrival time)
  Source:                 design_1_i/axi_mem_intercon/m00_couplers/auto_pc/inst/gen_axi4_axi3.axi3_conv_inst/USE_READ.USE_SPLIT_R.read_addr_inst/USE_R_CHANNEL.cmd_queue/inst/fifo_gen_inst/inst_fifo_gen/gconvfifo.rf/grf.rf/rstblk/ngwrdrst.grst.g7serrst.gnsckt_wrst.rst_wr_reg2_inst/arststages_ff_reg[1]/C
                            (rising edge-triggered cell FDPE clocked by clk_fpga_0  {rise@0.000ns fall@10.000ns period=20.000ns})
  Destination:            design_1_i/axi_mem_intercon/m00_couplers/auto_pc/inst/gen_axi4_axi3.axi3_conv_inst/USE_READ.USE_SPLIT_R.read_addr_inst/USE_R_CHANNEL.cmd_queue/inst/fifo_gen_inst/inst_fifo_gen/gconvfifo.rf/grf.rf/gntv_or_sync_fifo.gl0.rd/gr1.gr1_int.rfwft/gpregsm1.user_valid_reg/CLR
                            (recovery check against rising-edge clock clk_fpga_0  {rise@0.000ns fall@10.000ns period=20.000ns})
  Path Group:             **async_default**
  Path Type:              Recovery (Max at Slow Process Corner)
  Requirement:            20.000ns  (clk_fpga_0 rise@20.000ns - clk_fpga_0 rise@0.000ns)
  Data Path Delay:        2.780ns  (logic 0.773ns (27.802%)  route 2.007ns (72.198%))
  Logic Levels:           1  (LUT3=1)
  Clock Path Skew:        -0.142ns (DCD - SCD + CPR)
    Destination Clock Delay (DCD):    2.760ns = ( 22.760 - 20.000 ) 
    Source Clock Delay      (SCD):    3.132ns
    Clock Pessimism Removal (CPR):    0.230ns
  Clock Uncertainty:      0.302ns  ((TSJ^2 + TIJ^2)^1/2 + DJ) / 2 + PE
    Total System Jitter     (TSJ):    0.071ns
    Total Input Jitter      (TIJ):    0.600ns
    Discrete Jitter          (DJ):    0.000ns
    Phase Error              (PE):    0.000ns

    Location             Delay type                Incr(ns)  Path(ns)    Netlist Resource(s)
  -------------------------------------------------------------------    -------------------
                         (clock clk_fpga_0 rise edge)
                                                      0.000     0.000 r  
    PS7_X0Y0             PS7                          0.000     0.000 r  design_1_i/processing_system7_0/inst/PS7_i/FCLKCLK[0]
                         net (fo=1, routed)           1.193     1.193    design_1_i/processing_system7_0/inst/FCLK_CLK_unbuffered[0]
    BUFGCTRL_X0Y16       BUFG (Prop_bufg_I_O)         0.101     1.294 r  design_1_i/processing_system7_0/inst/buffer_fclk_clk_0.FCLK_CLK_0_BUFG/O
                         net (fo=18046, routed)       1.838     3.132    design_1_i/axi_mem_intercon/m00_couplers/auto_pc/inst/gen_axi4_axi3.axi3_conv_inst/USE_READ.USE_SPLIT_R.read_addr_inst/USE_R_CHANNEL.cmd_queue/inst/fifo_gen_inst/inst_fifo_gen/gconvfifo.rf/grf.rf/rstblk/ngwrdrst.grst.g7serrst.gnsckt_wrst.rst_wr_reg2_inst/dest_clk
    SLICE_X6Y48          FDPE                                         r  design_1_i/axi_mem_intercon/m00_couplers/auto_pc/inst/gen_axi4_axi3.axi3_conv_inst/USE_READ.USE_SPLIT_R.read_addr_inst/USE_R_CHANNEL.cmd_queue/inst/fifo_gen_inst/inst_fifo_gen/gconvfifo.rf/grf.rf/rstblk/ngwrdrst.grst.g7serrst.gnsckt_wrst.rst_wr_reg2_inst/arststages_ff_reg[1]/C
  -------------------------------------------------------------------    -------------------
    SLICE_X6Y48          FDPE (Prop_fdpe_C_Q)         0.478     3.610 f  design_1_i/axi_mem_intercon/m00_couplers/auto_pc/inst/gen_axi4_axi3.axi3_conv_inst/USE_READ.USE_SPLIT_R.read_addr_inst/USE_R_CHANNEL.cmd_queue/inst/fifo_gen_inst/inst_fifo_gen/gconvfifo.rf/grf.rf/rstblk/ngwrdrst.grst.g7serrst.gnsckt_wrst.rst_wr_reg2_inst/arststages_ff_reg[1]/Q
                         net (fo=2, routed)           0.675     4.285    design_1_i/axi_mem_intercon/m00_couplers/auto_pc/inst/gen_axi4_axi3.axi3_conv_inst/USE_READ.USE_SPLIT_R.read_addr_inst/USE_R_CHANNEL.cmd_queue/inst/fifo_gen_inst/inst_fifo_gen/gconvfifo.rf/grf.rf/rstblk/rst_wr_reg2
    SLICE_X7Y48          LUT3 (Prop_lut3_I2_O)        0.295     4.580 f  design_1_i/axi_mem_intercon/m00_couplers/auto_pc/inst/gen_axi4_axi3.axi3_conv_inst/USE_READ.USE_SPLIT_R.read_addr_inst/USE_R_CHANNEL.cmd_queue/inst/fifo_gen_inst/inst_fifo_gen/gconvfifo.rf/grf.rf/rstblk/gpregsm1.curr_fwft_state[1]_i_2/O
                         net (fo=33, routed)          1.332     5.912    design_1_i/axi_mem_intercon/m00_couplers/auto_pc/inst/gen_axi4_axi3.axi3_conv_inst/USE_READ.USE_SPLIT_R.read_addr_inst/USE_R_CHANNEL.cmd_queue/inst/fifo_gen_inst/inst_fifo_gen/gconvfifo.rf/grf.rf/gntv_or_sync_fifo.gl0.rd/gr1.gr1_int.rfwft/gpregsm1.user_valid_reg_0
    SLICE_X13Y49         FDCE                                         f  design_1_i/axi_mem_intercon/m00_couplers/auto_pc/inst/gen_axi4_axi3.axi3_conv_inst/USE_READ.USE_SPLIT_R.read_addr_inst/USE_R_CHANNEL.cmd_queue/inst/fifo_gen_inst/inst_fifo_gen/gconvfifo.rf/grf.rf/gntv_or_sync_fifo.gl0.rd/gr1.gr1_int.rfwft/gpregsm1.user_valid_reg/CLR
  -------------------------------------------------------------------    -------------------

                         (clock clk_fpga_0 rise edge)
                                                     20.000    20.000 r  
    PS7_X0Y0             PS7                          0.000    20.000 r  design_1_i/processing_system7_0/inst/PS7_i/FCLKCLK[0]
                         net (fo=1, routed)           1.088    21.088    design_1_i/processing_system7_0/inst/FCLK_CLK_unbuffered[0]
    BUFGCTRL_X0Y16       BUFG (Prop_bufg_I_O)         0.091    21.179 r  design_1_i/processing_system7_0/inst/buffer_fclk_clk_0.FCLK_CLK_0_BUFG/O
                         net (fo=18046, routed)       1.581    22.760    design_1_i/axi_mem_intercon/m00_couplers/auto_pc/inst/gen_axi4_axi3.axi3_conv_inst/USE_READ.USE_SPLIT_R.read_addr_inst/USE_R_CHANNEL.cmd_queue/inst/fifo_gen_inst/inst_fifo_gen/gconvfifo.rf/grf.rf/gntv_or_sync_fifo.gl0.rd/gr1.gr1_int.rfwft/clk
    SLICE_X13Y49         FDCE                                         r  design_1_i/axi_mem_intercon/m00_couplers/auto_pc/inst/gen_axi4_axi3.axi3_conv_inst/USE_READ.USE_SPLIT_R.read_addr_inst/USE_R_CHANNEL.cmd_queue/inst/fifo_gen_inst/inst_fifo_gen/gconvfifo.rf/grf.rf/gntv_or_sync_fifo.gl0.rd/gr1.gr1_int.rfwft/gpregsm1.user_valid_reg/C
                         clock pessimism              0.230    22.990    
                         clock uncertainty           -0.302    22.688    
    SLICE_X13Y49         FDCE (Recov_fdce_C_CLR)     -0.405    22.283    design_1_i/axi_mem_intercon/m00_couplers/auto_pc/inst/gen_axi4_axi3.axi3_conv_inst/USE_READ.USE_SPLIT_R.read_addr_inst/USE_R_CHANNEL.cmd_queue/inst/fifo_gen_inst/inst_fifo_gen/gconvfifo.rf/grf.rf/gntv_or_sync_fifo.gl0.rd/gr1.gr1_int.rfwft/gpregsm1.user_valid_reg
  -------------------------------------------------------------------
                         required time                         22.283    
                         arrival time                          -5.912    
  -------------------------------------------------------------------
                         slack                                 16.371    

Slack (MET) :             16.417ns  (required time - arrival time)
  Source:                 design_1_i/axi_mem_intercon/m00_couplers/auto_pc/inst/gen_axi4_axi3.axi3_conv_inst/USE_READ.USE_SPLIT_R.read_addr_inst/USE_R_CHANNEL.cmd_queue/inst/fifo_gen_inst/inst_fifo_gen/gconvfifo.rf/grf.rf/rstblk/ngwrdrst.grst.g7serrst.gnsckt_wrst.rst_wr_reg2_inst/arststages_ff_reg[1]/C
                            (rising edge-triggered cell FDPE clocked by clk_fpga_0  {rise@0.000ns fall@10.000ns period=20.000ns})
  Destination:            design_1_i/axi_mem_intercon/m00_couplers/auto_pc/inst/gen_axi4_axi3.axi3_conv_inst/USE_READ.USE_SPLIT_R.read_addr_inst/USE_R_CHANNEL.cmd_queue/inst/fifo_gen_inst/inst_fifo_gen/gconvfifo.rf/grf.rf/gntv_or_sync_fifo.gl0.rd/gr1.gr1_int.rfwft/aempty_fwft_fb_i_reg/PRE
                            (recovery check against rising-edge clock clk_fpga_0  {rise@0.000ns fall@10.000ns period=20.000ns})
  Path Group:             **async_default**
  Path Type:              Recovery (Max at Slow Process Corner)
  Requirement:            20.000ns  (clk_fpga_0 rise@20.000ns - clk_fpga_0 rise@0.000ns)
  Data Path Delay:        2.780ns  (logic 0.773ns (27.802%)  route 2.007ns (72.198%))
  Logic Levels:           1  (LUT3=1)
  Clock Path Skew:        -0.142ns (DCD - SCD + CPR)
    Destination Clock Delay (DCD):    2.760ns = ( 22.760 - 20.000 ) 
    Source Clock Delay      (SCD):    3.132ns
    Clock Pessimism Removal (CPR):    0.230ns
  Clock Uncertainty:      0.302ns  ((TSJ^2 + TIJ^2)^1/2 + DJ) / 2 + PE
    Total System Jitter     (TSJ):    0.071ns
    Total Input Jitter      (TIJ):    0.600ns
    Discrete Jitter          (DJ):    0.000ns
    Phase Error              (PE):    0.000ns

    Location             Delay type                Incr(ns)  Path(ns)    Netlist Resource(s)
  -------------------------------------------------------------------    -------------------
                         (clock clk_fpga_0 rise edge)
                                                      0.000     0.000 r  
    PS7_X0Y0             PS7                          0.000     0.000 r  design_1_i/processing_system7_0/inst/PS7_i/FCLKCLK[0]
                         net (fo=1, routed)           1.193     1.193    design_1_i/processing_system7_0/inst/FCLK_CLK_unbuffered[0]
    BUFGCTRL_X0Y16       BUFG (Prop_bufg_I_O)         0.101     1.294 r  design_1_i/processing_system7_0/inst/buffer_fclk_clk_0.FCLK_CLK_0_BUFG/O
                         net (fo=18046, routed)       1.838     3.132    design_1_i/axi_mem_intercon/m00_couplers/auto_pc/inst/gen_axi4_axi3.axi3_conv_inst/USE_READ.USE_SPLIT_R.read_addr_inst/USE_R_CHANNEL.cmd_queue/inst/fifo_gen_inst/inst_fifo_gen/gconvfifo.rf/grf.rf/rstblk/ngwrdrst.grst.g7serrst.gnsckt_wrst.rst_wr_reg2_inst/dest_clk
    SLICE_X6Y48          FDPE                                         r  design_1_i/axi_mem_intercon/m00_couplers/auto_pc/inst/gen_axi4_axi3.axi3_conv_inst/USE_READ.USE_SPLIT_R.read_addr_inst/USE_R_CHANNEL.cmd_queue/inst/fifo_gen_inst/inst_fifo_gen/gconvfifo.rf/grf.rf/rstblk/ngwrdrst.grst.g7serrst.gnsckt_wrst.rst_wr_reg2_inst/arststages_ff_reg[1]/C
  -------------------------------------------------------------------    -------------------
    SLICE_X6Y48          FDPE (Prop_fdpe_C_Q)         0.478     3.610 f  design_1_i/axi_mem_intercon/m00_couplers/auto_pc/inst/gen_axi4_axi3.axi3_conv_inst/USE_READ.USE_SPLIT_R.read_addr_inst/USE_R_CHANNEL.cmd_queue/inst/fifo_gen_inst/inst_fifo_gen/gconvfifo.rf/grf.rf/rstblk/ngwrdrst.grst.g7serrst.gnsckt_wrst.rst_wr_reg2_inst/arststages_ff_reg[1]/Q
                         net (fo=2, routed)           0.675     4.285    design_1_i/axi_mem_intercon/m00_couplers/auto_pc/inst/gen_axi4_axi3.axi3_conv_inst/USE_READ.USE_SPLIT_R.read_addr_inst/USE_R_CHANNEL.cmd_queue/inst/fifo_gen_inst/inst_fifo_gen/gconvfifo.rf/grf.rf/rstblk/rst_wr_reg2
    SLICE_X7Y48          LUT3 (Prop_lut3_I2_O)        0.295     4.580 f  design_1_i/axi_mem_intercon/m00_couplers/auto_pc/inst/gen_axi4_axi3.axi3_conv_inst/USE_READ.USE_SPLIT_R.read_addr_inst/USE_R_CHANNEL.cmd_queue/inst/fifo_gen_inst/inst_fifo_gen/gconvfifo.rf/grf.rf/rstblk/gpregsm1.curr_fwft_state[1]_i_2/O
                         net (fo=33, routed)          1.332     5.912    design_1_i/axi_mem_intercon/m00_couplers/auto_pc/inst/gen_axi4_axi3.axi3_conv_inst/USE_READ.USE_SPLIT_R.read_addr_inst/USE_R_CHANNEL.cmd_queue/inst/fifo_gen_inst/inst_fifo_gen/gconvfifo.rf/grf.rf/gntv_or_sync_fifo.gl0.rd/gr1.gr1_int.rfwft/gpregsm1.user_valid_reg_0
    SLICE_X13Y49         FDPE                                         f  design_1_i/axi_mem_intercon/m00_couplers/auto_pc/inst/gen_axi4_axi3.axi3_conv_inst/USE_READ.USE_SPLIT_R.read_addr_inst/USE_R_CHANNEL.cmd_queue/inst/fifo_gen_inst/inst_fifo_gen/gconvfifo.rf/grf.rf/gntv_or_sync_fifo.gl0.rd/gr1.gr1_int.rfwft/aempty_fwft_fb_i_reg/PRE
  -------------------------------------------------------------------    -------------------

                         (clock clk_fpga_0 rise edge)
                                                     20.000    20.000 r  
    PS7_X0Y0             PS7                          0.000    20.000 r  design_1_i/processing_system7_0/inst/PS7_i/FCLKCLK[0]
                         net (fo=1, routed)           1.088    21.088    design_1_i/processing_system7_0/inst/FCLK_CLK_unbuffered[0]
    BUFGCTRL_X0Y16       BUFG (Prop_bufg_I_O)         0.091    21.179 r  design_1_i/processing_system7_0/inst/buffer_fclk_clk_0.FCLK_CLK_0_BUFG/O
                         net (fo=18046, routed)       1.581    22.760    design_1_i/axi_mem_intercon/m00_couplers/auto_pc/inst/gen_axi4_axi3.axi3_conv_inst/USE_READ.USE_SPLIT_R.read_addr_inst/USE_R_CHANNEL.cmd_queue/inst/fifo_gen_inst/inst_fifo_gen/gconvfifo.rf/grf.rf/gntv_or_sync_fifo.gl0.rd/gr1.gr1_int.rfwft/clk
    SLICE_X13Y49         FDPE                                         r  design_1_i/axi_mem_intercon/m00_couplers/auto_pc/inst/gen_axi4_axi3.axi3_conv_inst/USE_READ.USE_SPLIT_R.read_addr_inst/USE_R_CHANNEL.cmd_queue/inst/fifo_gen_inst/inst_fifo_gen/gconvfifo.rf/grf.rf/gntv_or_sync_fifo.gl0.rd/gr1.gr1_int.rfwft/aempty_fwft_fb_i_reg/C
                         clock pessimism              0.230    22.990    
                         clock uncertainty           -0.302    22.688    
    SLICE_X13Y49         FDPE (Recov_fdpe_C_PRE)     -0.359    22.329    design_1_i/axi_mem_intercon/m00_couplers/auto_pc/inst/gen_axi4_axi3.axi3_conv_inst/USE_READ.USE_SPLIT_R.read_addr_inst/USE_R_CHANNEL.cmd_queue/inst/fifo_gen_inst/inst_fifo_gen/gconvfifo.rf/grf.rf/gntv_or_sync_fifo.gl0.rd/gr1.gr1_int.rfwft/aempty_fwft_fb_i_reg
  -------------------------------------------------------------------
                         required time                         22.329    
                         arrival time                          -5.912    
  -------------------------------------------------------------------
                         slack                                 16.417    

Slack (MET) :             16.417ns  (required time - arrival time)
  Source:                 design_1_i/axi_mem_intercon/m00_couplers/auto_pc/inst/gen_axi4_axi3.axi3_conv_inst/USE_READ.USE_SPLIT_R.read_addr_inst/USE_R_CHANNEL.cmd_queue/inst/fifo_gen_inst/inst_fifo_gen/gconvfifo.rf/grf.rf/rstblk/ngwrdrst.grst.g7serrst.gnsckt_wrst.rst_wr_reg2_inst/arststages_ff_reg[1]/C
                            (rising edge-triggered cell FDPE clocked by clk_fpga_0  {rise@0.000ns fall@10.000ns period=20.000ns})
  Destination:            design_1_i/axi_mem_intercon/m00_couplers/auto_pc/inst/gen_axi4_axi3.axi3_conv_inst/USE_READ.USE_SPLIT_R.read_addr_inst/USE_R_CHANNEL.cmd_queue/inst/fifo_gen_inst/inst_fifo_gen/gconvfifo.rf/grf.rf/gntv_or_sync_fifo.gl0.rd/gr1.gr1_int.rfwft/aempty_fwft_i_reg/PRE
                            (recovery check against rising-edge clock clk_fpga_0  {rise@0.000ns fall@10.000ns period=20.000ns})
  Path Group:             **async_default**
  Path Type:              Recovery (Max at Slow Process Corner)
  Requirement:            20.000ns  (clk_fpga_0 rise@20.000ns - clk_fpga_0 rise@0.000ns)
  Data Path Delay:        2.780ns  (logic 0.773ns (27.802%)  route 2.007ns (72.198%))
  Logic Levels:           1  (LUT3=1)
  Clock Path Skew:        -0.142ns (DCD - SCD + CPR)
    Destination Clock Delay (DCD):    2.760ns = ( 22.760 - 20.000 ) 
    Source Clock Delay      (SCD):    3.132ns
    Clock Pessimism Removal (CPR):    0.230ns
  Clock Uncertainty:      0.302ns  ((TSJ^2 + TIJ^2)^1/2 + DJ) / 2 + PE
    Total System Jitter     (TSJ):    0.071ns
    Total Input Jitter      (TIJ):    0.600ns
    Discrete Jitter          (DJ):    0.000ns
    Phase Error              (PE):    0.000ns

    Location             Delay type                Incr(ns)  Path(ns)    Netlist Resource(s)
  -------------------------------------------------------------------    -------------------
                         (clock clk_fpga_0 rise edge)
                                                      0.000     0.000 r  
    PS7_X0Y0             PS7                          0.000     0.000 r  design_1_i/processing_system7_0/inst/PS7_i/FCLKCLK[0]
                         net (fo=1, routed)           1.193     1.193    design_1_i/processing_system7_0/inst/FCLK_CLK_unbuffered[0]
    BUFGCTRL_X0Y16       BUFG (Prop_bufg_I_O)         0.101     1.294 r  design_1_i/processing_system7_0/inst/buffer_fclk_clk_0.FCLK_CLK_0_BUFG/O
                         net (fo=18046, routed)       1.838     3.132    design_1_i/axi_mem_intercon/m00_couplers/auto_pc/inst/gen_axi4_axi3.axi3_conv_inst/USE_READ.USE_SPLIT_R.read_addr_inst/USE_R_CHANNEL.cmd_queue/inst/fifo_gen_inst/inst_fifo_gen/gconvfifo.rf/grf.rf/rstblk/ngwrdrst.grst.g7serrst.gnsckt_wrst.rst_wr_reg2_inst/dest_clk
    SLICE_X6Y48          FDPE                                         r  design_1_i/axi_mem_intercon/m00_couplers/auto_pc/inst/gen_axi4_axi3.axi3_conv_inst/USE_READ.USE_SPLIT_R.read_addr_inst/USE_R_CHANNEL.cmd_queue/inst/fifo_gen_inst/inst_fifo_gen/gconvfifo.rf/grf.rf/rstblk/ngwrdrst.grst.g7serrst.gnsckt_wrst.rst_wr_reg2_inst/arststages_ff_reg[1]/C
  -------------------------------------------------------------------    -------------------
    SLICE_X6Y48          FDPE (Prop_fdpe_C_Q)         0.478     3.610 f  design_1_i/axi_mem_intercon/m00_couplers/auto_pc/inst/gen_axi4_axi3.axi3_conv_inst/USE_READ.USE_SPLIT_R.read_addr_inst/USE_R_CHANNEL.cmd_queue/inst/fifo_gen_inst/inst_fifo_gen/gconvfifo.rf/grf.rf/rstblk/ngwrdrst.grst.g7serrst.gnsckt_wrst.rst_wr_reg2_inst/arststages_ff_reg[1]/Q
                         net (fo=2, routed)           0.675     4.285    design_1_i/axi_mem_intercon/m00_couplers/auto_pc/inst/gen_axi4_axi3.axi3_conv_inst/USE_READ.USE_SPLIT_R.read_addr_inst/USE_R_CHANNEL.cmd_queue/inst/fifo_gen_inst/inst_fifo_gen/gconvfifo.rf/grf.rf/rstblk/rst_wr_reg2
    SLICE_X7Y48          LUT3 (Prop_lut3_I2_O)        0.295     4.580 f  design_1_i/axi_mem_intercon/m00_couplers/auto_pc/inst/gen_axi4_axi3.axi3_conv_inst/USE_READ.USE_SPLIT_R.read_addr_inst/USE_R_CHANNEL.cmd_queue/inst/fifo_gen_inst/inst_fifo_gen/gconvfifo.rf/grf.rf/rstblk/gpregsm1.curr_fwft_state[1]_i_2/O
                         net (fo=33, routed)          1.332     5.912    design_1_i/axi_mem_intercon/m00_couplers/auto_pc/inst/gen_axi4_axi3.axi3_conv_inst/USE_READ.USE_SPLIT_R.read_addr_inst/USE_R_CHANNEL.cmd_queue/inst/fifo_gen_inst/inst_fifo_gen/gconvfifo.rf/grf.rf/gntv_or_sync_fifo.gl0.rd/gr1.gr1_int.rfwft/gpregsm1.user_valid_reg_0
    SLICE_X13Y49         FDPE                                         f  design_1_i/axi_mem_intercon/m00_couplers/auto_pc/inst/gen_axi4_axi3.axi3_conv_inst/USE_READ.USE_SPLIT_R.read_addr_inst/USE_R_CHANNEL.cmd_queue/inst/fifo_gen_inst/inst_fifo_gen/gconvfifo.rf/grf.rf/gntv_or_sync_fifo.gl0.rd/gr1.gr1_int.rfwft/aempty_fwft_i_reg/PRE
  -------------------------------------------------------------------    -------------------

                         (clock clk_fpga_0 rise edge)
                                                     20.000    20.000 r  
    PS7_X0Y0             PS7                          0.000    20.000 r  design_1_i/processing_system7_0/inst/PS7_i/FCLKCLK[0]
                         net (fo=1, routed)           1.088    21.088    design_1_i/processing_system7_0/inst/FCLK_CLK_unbuffered[0]
    BUFGCTRL_X0Y16       BUFG (Prop_bufg_I_O)         0.091    21.179 r  design_1_i/processing_system7_0/inst/buffer_fclk_clk_0.FCLK_CLK_0_BUFG/O
                         net (fo=18046, routed)       1.581    22.760    design_1_i/axi_mem_intercon/m00_couplers/auto_pc/inst/gen_axi4_axi3.axi3_conv_inst/USE_READ.USE_SPLIT_R.read_addr_inst/USE_R_CHANNEL.cmd_queue/inst/fifo_gen_inst/inst_fifo_gen/gconvfifo.rf/grf.rf/gntv_or_sync_fifo.gl0.rd/gr1.gr1_int.rfwft/clk
    SLICE_X13Y49         FDPE                                         r  design_1_i/axi_mem_intercon/m00_couplers/auto_pc/inst/gen_axi4_axi3.axi3_conv_inst/USE_READ.USE_SPLIT_R.read_addr_inst/USE_R_CHANNEL.cmd_queue/inst/fifo_gen_inst/inst_fifo_gen/gconvfifo.rf/grf.rf/gntv_or_sync_fifo.gl0.rd/gr1.gr1_int.rfwft/aempty_fwft_i_reg/C
                         clock pessimism              0.230    22.990    
                         clock uncertainty           -0.302    22.688    
    SLICE_X13Y49         FDPE (Recov_fdpe_C_PRE)     -0.359    22.329    design_1_i/axi_mem_intercon/m00_couplers/auto_pc/inst/gen_axi4_axi3.axi3_conv_inst/USE_READ.USE_SPLIT_R.read_addr_inst/USE_R_CHANNEL.cmd_queue/inst/fifo_gen_inst/inst_fifo_gen/gconvfifo.rf/grf.rf/gntv_or_sync_fifo.gl0.rd/gr1.gr1_int.rfwft/aempty_fwft_i_reg
  -------------------------------------------------------------------
                         required time                         22.329    
                         arrival time                          -5.912    
  -------------------------------------------------------------------
                         slack                                 16.417    

Slack (MET) :             16.417ns  (required time - arrival time)
  Source:                 design_1_i/axi_mem_intercon/m00_couplers/auto_pc/inst/gen_axi4_axi3.axi3_conv_inst/USE_READ.USE_SPLIT_R.read_addr_inst/USE_R_CHANNEL.cmd_queue/inst/fifo_gen_inst/inst_fifo_gen/gconvfifo.rf/grf.rf/rstblk/ngwrdrst.grst.g7serrst.gnsckt_wrst.rst_wr_reg2_inst/arststages_ff_reg[1]/C
                            (rising edge-triggered cell FDPE clocked by clk_fpga_0  {rise@0.000ns fall@10.000ns period=20.000ns})
  Destination:            design_1_i/axi_mem_intercon/m00_couplers/auto_pc/inst/gen_axi4_axi3.axi3_conv_inst/USE_READ.USE_SPLIT_R.read_addr_inst/USE_R_CHANNEL.cmd_queue/inst/fifo_gen_inst/inst_fifo_gen/gconvfifo.rf/grf.rf/gntv_or_sync_fifo.gl0.rd/gr1.gr1_int.rfwft/empty_fwft_fb_i_reg/PRE
                            (recovery check against rising-edge clock clk_fpga_0  {rise@0.000ns fall@10.000ns period=20.000ns})
  Path Group:             **async_default**
  Path Type:              Recovery (Max at Slow Process Corner)
  Requirement:            20.000ns  (clk_fpga_0 rise@20.000ns - clk_fpga_0 rise@0.000ns)
  Data Path Delay:        2.780ns  (logic 0.773ns (27.802%)  route 2.007ns (72.198%))
  Logic Levels:           1  (LUT3=1)
  Clock Path Skew:        -0.142ns (DCD - SCD + CPR)
    Destination Clock Delay (DCD):    2.760ns = ( 22.760 - 20.000 ) 
    Source Clock Delay      (SCD):    3.132ns
    Clock Pessimism Removal (CPR):    0.230ns
  Clock Uncertainty:      0.302ns  ((TSJ^2 + TIJ^2)^1/2 + DJ) / 2 + PE
    Total System Jitter     (TSJ):    0.071ns
    Total Input Jitter      (TIJ):    0.600ns
    Discrete Jitter          (DJ):    0.000ns
    Phase Error              (PE):    0.000ns

    Location             Delay type                Incr(ns)  Path(ns)    Netlist Resource(s)
  -------------------------------------------------------------------    -------------------
                         (clock clk_fpga_0 rise edge)
                                                      0.000     0.000 r  
    PS7_X0Y0             PS7                          0.000     0.000 r  design_1_i/processing_system7_0/inst/PS7_i/FCLKCLK[0]
                         net (fo=1, routed)           1.193     1.193    design_1_i/processing_system7_0/inst/FCLK_CLK_unbuffered[0]
    BUFGCTRL_X0Y16       BUFG (Prop_bufg_I_O)         0.101     1.294 r  design_1_i/processing_system7_0/inst/buffer_fclk_clk_0.FCLK_CLK_0_BUFG/O
                         net (fo=18046, routed)       1.838     3.132    design_1_i/axi_mem_intercon/m00_couplers/auto_pc/inst/gen_axi4_axi3.axi3_conv_inst/USE_READ.USE_SPLIT_R.read_addr_inst/USE_R_CHANNEL.cmd_queue/inst/fifo_gen_inst/inst_fifo_gen/gconvfifo.rf/grf.rf/rstblk/ngwrdrst.grst.g7serrst.gnsckt_wrst.rst_wr_reg2_inst/dest_clk
    SLICE_X6Y48          FDPE                                         r  design_1_i/axi_mem_intercon/m00_couplers/auto_pc/inst/gen_axi4_axi3.axi3_conv_inst/USE_READ.USE_SPLIT_R.read_addr_inst/USE_R_CHANNEL.cmd_queue/inst/fifo_gen_inst/inst_fifo_gen/gconvfifo.rf/grf.rf/rstblk/ngwrdrst.grst.g7serrst.gnsckt_wrst.rst_wr_reg2_inst/arststages_ff_reg[1]/C
  -------------------------------------------------------------------    -------------------
    SLICE_X6Y48          FDPE (Prop_fdpe_C_Q)         0.478     3.610 f  design_1_i/axi_mem_intercon/m00_couplers/auto_pc/inst/gen_axi4_axi3.axi3_conv_inst/USE_READ.USE_SPLIT_R.read_addr_inst/USE_R_CHANNEL.cmd_queue/inst/fifo_gen_inst/inst_fifo_gen/gconvfifo.rf/grf.rf/rstblk/ngwrdrst.grst.g7serrst.gnsckt_wrst.rst_wr_reg2_inst/arststages_ff_reg[1]/Q
                         net (fo=2, routed)           0.675     4.285    design_1_i/axi_mem_intercon/m00_couplers/auto_pc/inst/gen_axi4_axi3.axi3_conv_inst/USE_READ.USE_SPLIT_R.read_addr_inst/USE_R_CHANNEL.cmd_queue/inst/fifo_gen_inst/inst_fifo_gen/gconvfifo.rf/grf.rf/rstblk/rst_wr_reg2
    SLICE_X7Y48          LUT3 (Prop_lut3_I2_O)        0.295     4.580 f  design_1_i/axi_mem_intercon/m00_couplers/auto_pc/inst/gen_axi4_axi3.axi3_conv_inst/USE_READ.USE_SPLIT_R.read_addr_inst/USE_R_CHANNEL.cmd_queue/inst/fifo_gen_inst/inst_fifo_gen/gconvfifo.rf/grf.rf/rstblk/gpregsm1.curr_fwft_state[1]_i_2/O
                         net (fo=33, routed)          1.332     5.912    design_1_i/axi_mem_intercon/m00_couplers/auto_pc/inst/gen_axi4_axi3.axi3_conv_inst/USE_READ.USE_SPLIT_R.read_addr_inst/USE_R_CHANNEL.cmd_queue/inst/fifo_gen_inst/inst_fifo_gen/gconvfifo.rf/grf.rf/gntv_or_sync_fifo.gl0.rd/gr1.gr1_int.rfwft/gpregsm1.user_valid_reg_0
    SLICE_X13Y49         FDPE                                         f  design_1_i/axi_mem_intercon/m00_couplers/auto_pc/inst/gen_axi4_axi3.axi3_conv_inst/USE_READ.USE_SPLIT_R.read_addr_inst/USE_R_CHANNEL.cmd_queue/inst/fifo_gen_inst/inst_fifo_gen/gconvfifo.rf/grf.rf/gntv_or_sync_fifo.gl0.rd/gr1.gr1_int.rfwft/empty_fwft_fb_i_reg/PRE
  -------------------------------------------------------------------    -------------------

                         (clock clk_fpga_0 rise edge)
                                                     20.000    20.000 r  
    PS7_X0Y0             PS7                          0.000    20.000 r  design_1_i/processing_system7_0/inst/PS7_i/FCLKCLK[0]
                         net (fo=1, routed)           1.088    21.088    design_1_i/processing_system7_0/inst/FCLK_CLK_unbuffered[0]
    BUFGCTRL_X0Y16       BUFG (Prop_bufg_I_O)         0.091    21.179 r  design_1_i/processing_system7_0/inst/buffer_fclk_clk_0.FCLK_CLK_0_BUFG/O
                         net (fo=18046, routed)       1.581    22.760    design_1_i/axi_mem_intercon/m00_couplers/auto_pc/inst/gen_axi4_axi3.axi3_conv_inst/USE_READ.USE_SPLIT_R.read_addr_inst/USE_R_CHANNEL.cmd_queue/inst/fifo_gen_inst/inst_fifo_gen/gconvfifo.rf/grf.rf/gntv_or_sync_fifo.gl0.rd/gr1.gr1_int.rfwft/clk
    SLICE_X13Y49         FDPE                                         r  design_1_i/axi_mem_intercon/m00_couplers/auto_pc/inst/gen_axi4_axi3.axi3_conv_inst/USE_READ.USE_SPLIT_R.read_addr_inst/USE_R_CHANNEL.cmd_queue/inst/fifo_gen_inst/inst_fifo_gen/gconvfifo.rf/grf.rf/gntv_or_sync_fifo.gl0.rd/gr1.gr1_int.rfwft/empty_fwft_fb_i_reg/C
                         clock pessimism              0.230    22.990    
                         clock uncertainty           -0.302    22.688    
    SLICE_X13Y49         FDPE (Recov_fdpe_C_PRE)     -0.359    22.329    design_1_i/axi_mem_intercon/m00_couplers/auto_pc/inst/gen_axi4_axi3.axi3_conv_inst/USE_READ.USE_SPLIT_R.read_addr_inst/USE_R_CHANNEL.cmd_queue/inst/fifo_gen_inst/inst_fifo_gen/gconvfifo.rf/grf.rf/gntv_or_sync_fifo.gl0.rd/gr1.gr1_int.rfwft/empty_fwft_fb_i_reg
  -------------------------------------------------------------------
                         required time                         22.329    
                         arrival time                          -5.912    
  -------------------------------------------------------------------
                         slack                                 16.417    

Slack (MET) :             16.417ns  (required time - arrival time)
  Source:                 design_1_i/axi_mem_intercon/m00_couplers/auto_pc/inst/gen_axi4_axi3.axi3_conv_inst/USE_READ.USE_SPLIT_R.read_addr_inst/USE_R_CHANNEL.cmd_queue/inst/fifo_gen_inst/inst_fifo_gen/gconvfifo.rf/grf.rf/rstblk/ngwrdrst.grst.g7serrst.gnsckt_wrst.rst_wr_reg2_inst/arststages_ff_reg[1]/C
                            (rising edge-triggered cell FDPE clocked by clk_fpga_0  {rise@0.000ns fall@10.000ns period=20.000ns})
  Destination:            design_1_i/axi_mem_intercon/m00_couplers/auto_pc/inst/gen_axi4_axi3.axi3_conv_inst/USE_READ.USE_SPLIT_R.read_addr_inst/USE_R_CHANNEL.cmd_queue/inst/fifo_gen_inst/inst_fifo_gen/gconvfifo.rf/grf.rf/gntv_or_sync_fifo.gl0.rd/gr1.gr1_int.rfwft/empty_fwft_i_reg/PRE
                            (recovery check against rising-edge clock clk_fpga_0  {rise@0.000ns fall@10.000ns period=20.000ns})
  Path Group:             **async_default**
  Path Type:              Recovery (Max at Slow Process Corner)
  Requirement:            20.000ns  (clk_fpga_0 rise@20.000ns - clk_fpga_0 rise@0.000ns)
  Data Path Delay:        2.780ns  (logic 0.773ns (27.802%)  route 2.007ns (72.198%))
  Logic Levels:           1  (LUT3=1)
  Clock Path Skew:        -0.142ns (DCD - SCD + CPR)
    Destination Clock Delay (DCD):    2.760ns = ( 22.760 - 20.000 ) 
    Source Clock Delay      (SCD):    3.132ns
    Clock Pessimism Removal (CPR):    0.230ns
  Clock Uncertainty:      0.302ns  ((TSJ^2 + TIJ^2)^1/2 + DJ) / 2 + PE
    Total System Jitter     (TSJ):    0.071ns
    Total Input Jitter      (TIJ):    0.600ns
    Discrete Jitter          (DJ):    0.000ns
    Phase Error              (PE):    0.000ns

    Location             Delay type                Incr(ns)  Path(ns)    Netlist Resource(s)
  -------------------------------------------------------------------    -------------------
                         (clock clk_fpga_0 rise edge)
                                                      0.000     0.000 r  
    PS7_X0Y0             PS7                          0.000     0.000 r  design_1_i/processing_system7_0/inst/PS7_i/FCLKCLK[0]
                         net (fo=1, routed)           1.193     1.193    design_1_i/processing_system7_0/inst/FCLK_CLK_unbuffered[0]
    BUFGCTRL_X0Y16       BUFG (Prop_bufg_I_O)         0.101     1.294 r  design_1_i/processing_system7_0/inst/buffer_fclk_clk_0.FCLK_CLK_0_BUFG/O
                         net (fo=18046, routed)       1.838     3.132    design_1_i/axi_mem_intercon/m00_couplers/auto_pc/inst/gen_axi4_axi3.axi3_conv_inst/USE_READ.USE_SPLIT_R.read_addr_inst/USE_R_CHANNEL.cmd_queue/inst/fifo_gen_inst/inst_fifo_gen/gconvfifo.rf/grf.rf/rstblk/ngwrdrst.grst.g7serrst.gnsckt_wrst.rst_wr_reg2_inst/dest_clk
    SLICE_X6Y48          FDPE                                         r  design_1_i/axi_mem_intercon/m00_couplers/auto_pc/inst/gen_axi4_axi3.axi3_conv_inst/USE_READ.USE_SPLIT_R.read_addr_inst/USE_R_CHANNEL.cmd_queue/inst/fifo_gen_inst/inst_fifo_gen/gconvfifo.rf/grf.rf/rstblk/ngwrdrst.grst.g7serrst.gnsckt_wrst.rst_wr_reg2_inst/arststages_ff_reg[1]/C
  -------------------------------------------------------------------    -------------------
    SLICE_X6Y48          FDPE (Prop_fdpe_C_Q)         0.478     3.610 f  design_1_i/axi_mem_intercon/m00_couplers/auto_pc/inst/gen_axi4_axi3.axi3_conv_inst/USE_READ.USE_SPLIT_R.read_addr_inst/USE_R_CHANNEL.cmd_queue/inst/fifo_gen_inst/inst_fifo_gen/gconvfifo.rf/grf.rf/rstblk/ngwrdrst.grst.g7serrst.gnsckt_wrst.rst_wr_reg2_inst/arststages_ff_reg[1]/Q
                         net (fo=2, routed)           0.675     4.285    design_1_i/axi_mem_intercon/m00_couplers/auto_pc/inst/gen_axi4_axi3.axi3_conv_inst/USE_READ.USE_SPLIT_R.read_addr_inst/USE_R_CHANNEL.cmd_queue/inst/fifo_gen_inst/inst_fifo_gen/gconvfifo.rf/grf.rf/rstblk/rst_wr_reg2
    SLICE_X7Y48          LUT3 (Prop_lut3_I2_O)        0.295     4.580 f  design_1_i/axi_mem_intercon/m00_couplers/auto_pc/inst/gen_axi4_axi3.axi3_conv_inst/USE_READ.USE_SPLIT_R.read_addr_inst/USE_R_CHANNEL.cmd_queue/inst/fifo_gen_inst/inst_fifo_gen/gconvfifo.rf/grf.rf/rstblk/gpregsm1.curr_fwft_state[1]_i_2/O
                         net (fo=33, routed)          1.332     5.912    design_1_i/axi_mem_intercon/m00_couplers/auto_pc/inst/gen_axi4_axi3.axi3_conv_inst/USE_READ.USE_SPLIT_R.read_addr_inst/USE_R_CHANNEL.cmd_queue/inst/fifo_gen_inst/inst_fifo_gen/gconvfifo.rf/grf.rf/gntv_or_sync_fifo.gl0.rd/gr1.gr1_int.rfwft/gpregsm1.user_valid_reg_0
    SLICE_X13Y49         FDPE                                         f  design_1_i/axi_mem_intercon/m00_couplers/auto_pc/inst/gen_axi4_axi3.axi3_conv_inst/USE_READ.USE_SPLIT_R.read_addr_inst/USE_R_CHANNEL.cmd_queue/inst/fifo_gen_inst/inst_fifo_gen/gconvfifo.rf/grf.rf/gntv_or_sync_fifo.gl0.rd/gr1.gr1_int.rfwft/empty_fwft_i_reg/PRE
  -------------------------------------------------------------------    -------------------

                         (clock clk_fpga_0 rise edge)
                                                     20.000    20.000 r  
    PS7_X0Y0             PS7                          0.000    20.000 r  design_1_i/processing_system7_0/inst/PS7_i/FCLKCLK[0]
                         net (fo=1, routed)           1.088    21.088    design_1_i/processing_system7_0/inst/FCLK_CLK_unbuffered[0]
    BUFGCTRL_X0Y16       BUFG (Prop_bufg_I_O)         0.091    21.179 r  design_1_i/processing_system7_0/inst/buffer_fclk_clk_0.FCLK_CLK_0_BUFG/O
                         net (fo=18046, routed)       1.581    22.760    design_1_i/axi_mem_intercon/m00_couplers/auto_pc/inst/gen_axi4_axi3.axi3_conv_inst/USE_READ.USE_SPLIT_R.read_addr_inst/USE_R_CHANNEL.cmd_queue/inst/fifo_gen_inst/inst_fifo_gen/gconvfifo.rf/grf.rf/gntv_or_sync_fifo.gl0.rd/gr1.gr1_int.rfwft/clk
    SLICE_X13Y49         FDPE                                         r  design_1_i/axi_mem_intercon/m00_couplers/auto_pc/inst/gen_axi4_axi3.axi3_conv_inst/USE_READ.USE_SPLIT_R.read_addr_inst/USE_R_CHANNEL.cmd_queue/inst/fifo_gen_inst/inst_fifo_gen/gconvfifo.rf/grf.rf/gntv_or_sync_fifo.gl0.rd/gr1.gr1_int.rfwft/empty_fwft_i_reg/C
                         clock pessimism              0.230    22.990    
                         clock uncertainty           -0.302    22.688    
    SLICE_X13Y49         FDPE (Recov_fdpe_C_PRE)     -0.359    22.329    design_1_i/axi_mem_intercon/m00_couplers/auto_pc/inst/gen_axi4_axi3.axi3_conv_inst/USE_READ.USE_SPLIT_R.read_addr_inst/USE_R_CHANNEL.cmd_queue/inst/fifo_gen_inst/inst_fifo_gen/gconvfifo.rf/grf.rf/gntv_or_sync_fifo.gl0.rd/gr1.gr1_int.rfwft/empty_fwft_i_reg
  -------------------------------------------------------------------
                         required time                         22.329    
                         arrival time                          -5.912    
  -------------------------------------------------------------------
                         slack                                 16.417    





Min Delay Paths
--------------------------------------------------------------------------------------
Slack (MET) :             0.646ns  (arrival time - required time)
  Source:                 design_1_i/axi_mem_intercon/m00_couplers/auto_pc/inst/gen_axi4_axi3.axi3_conv_inst/USE_WRITE.write_addr_inst/USE_BURSTS.cmd_queue/inst/fifo_gen_inst/inst_fifo_gen/gconvfifo.rf/grf.rf/rstblk/ngwrdrst.grst.g7serrst.gnsckt_wrst.gcc_rst.sckt_wr_rst_cc_reg[1]/C
                            (rising edge-triggered cell FDRE clocked by clk_fpga_0  {rise@0.000ns fall@10.000ns period=20.000ns})
  Destination:            design_1_i/axi_mem_intercon/m00_couplers/auto_pc/inst/gen_axi4_axi3.axi3_conv_inst/USE_WRITE.write_addr_inst/USE_BURSTS.cmd_queue/inst/fifo_gen_inst/inst_fifo_gen/gconvfifo.rf/grf.rf/gntv_or_sync_fifo.gl0.rd/rpntr/gc0.count_d1_reg[2]/CLR
                            (removal check against rising-edge clock clk_fpga_0  {rise@0.000ns fall@10.000ns period=20.000ns})
  Path Group:             **async_default**
  Path Type:              Removal (Min at Fast Process Corner)
  Requirement:            0.000ns  (clk_fpga_0 rise@0.000ns - clk_fpga_0 rise@0.000ns)
  Data Path Delay:        0.595ns  (logic 0.209ns (35.151%)  route 0.386ns (64.849%))
  Logic Levels:           1  (LUT3=1)
  Clock Path Skew:        0.016ns (DCD - SCD - CPR)
    Destination Clock Delay (DCD):    1.262ns
    Source Clock Delay      (SCD):    0.962ns
    Clock Pessimism Removal (CPR):    0.284ns

    Location             Delay type                Incr(ns)  Path(ns)    Netlist Resource(s)
  -------------------------------------------------------------------    -------------------
                         (clock clk_fpga_0 rise edge)
                                                      0.000     0.000 r  
    PS7_X0Y0             PS7                          0.000     0.000 r  design_1_i/processing_system7_0/inst/PS7_i/FCLKCLK[0]
                         net (fo=1, routed)           0.310     0.310    design_1_i/processing_system7_0/inst/FCLK_CLK_unbuffered[0]
    BUFGCTRL_X0Y16       BUFG (Prop_bufg_I_O)         0.026     0.336 r  design_1_i/processing_system7_0/inst/buffer_fclk_clk_0.FCLK_CLK_0_BUFG/O
                         net (fo=18046, routed)       0.626     0.962    design_1_i/axi_mem_intercon/m00_couplers/auto_pc/inst/gen_axi4_axi3.axi3_conv_inst/USE_WRITE.write_addr_inst/USE_BURSTS.cmd_queue/inst/fifo_gen_inst/inst_fifo_gen/gconvfifo.rf/grf.rf/rstblk/clk
    SLICE_X0Y49          FDRE                                         r  design_1_i/axi_mem_intercon/m00_couplers/auto_pc/inst/gen_axi4_axi3.axi3_conv_inst/USE_WRITE.write_addr_inst/USE_BURSTS.cmd_queue/inst/fifo_gen_inst/inst_fifo_gen/gconvfifo.rf/grf.rf/rstblk/ngwrdrst.grst.g7serrst.gnsckt_wrst.gcc_rst.sckt_wr_rst_cc_reg[1]/C
  -------------------------------------------------------------------    -------------------
    SLICE_X0Y49          FDRE (Prop_fdre_C_Q)         0.164     1.126 f  design_1_i/axi_mem_intercon/m00_couplers/auto_pc/inst/gen_axi4_axi3.axi3_conv_inst/USE_WRITE.write_addr_inst/USE_BURSTS.cmd_queue/inst/fifo_gen_inst/inst_fifo_gen/gconvfifo.rf/grf.rf/rstblk/ngwrdrst.grst.g7serrst.gnsckt_wrst.gcc_rst.sckt_wr_rst_cc_reg[1]/Q
                         net (fo=2, routed)           0.232     1.358    design_1_i/axi_mem_intercon/m00_couplers/auto_pc/inst/gen_axi4_axi3.axi3_conv_inst/USE_WRITE.write_addr_inst/USE_BURSTS.cmd_queue/inst/fifo_gen_inst/inst_fifo_gen/gconvfifo.rf/grf.rf/rstblk/sckt_wr_rst_cc[1]
    SLICE_X0Y49          LUT3 (Prop_lut3_I0_O)        0.045     1.403 f  design_1_i/axi_mem_intercon/m00_couplers/auto_pc/inst/gen_axi4_axi3.axi3_conv_inst/USE_WRITE.write_addr_inst/USE_BURSTS.cmd_queue/inst/fifo_gen_inst/inst_fifo_gen/gconvfifo.rf/grf.rf/rstblk/gpregsm1.curr_fwft_state[1]_i_2/O
                         net (fo=32, routed)          0.153     1.556    design_1_i/axi_mem_intercon/m00_couplers/auto_pc/inst/gen_axi4_axi3.axi3_conv_inst/USE_WRITE.write_addr_inst/USE_BURSTS.cmd_queue/inst/fifo_gen_inst/inst_fifo_gen/gconvfifo.rf/grf.rf/gntv_or_sync_fifo.gl0.rd/rpntr/gc0.count_d1_reg[4]_1
    SLICE_X2Y49          FDCE                                         f  design_1_i/axi_mem_intercon/m00_couplers/auto_pc/inst/gen_axi4_axi3.axi3_conv_inst/USE_WRITE.write_addr_inst/USE_BURSTS.cmd_queue/inst/fifo_gen_inst/inst_fifo_gen/gconvfifo.rf/grf.rf/gntv_or_sync_fifo.gl0.rd/rpntr/gc0.count_d1_reg[2]/CLR
  -------------------------------------------------------------------    -------------------

                         (clock clk_fpga_0 rise edge)
                                                      0.000     0.000 r  
    PS7_X0Y0             PS7                          0.000     0.000 r  design_1_i/processing_system7_0/inst/PS7_i/FCLKCLK[0]
                         net (fo=1, routed)           0.337     0.337    design_1_i/processing_system7_0/inst/FCLK_CLK_unbuffered[0]
    BUFGCTRL_X0Y16       BUFG (Prop_bufg_I_O)         0.029     0.366 r  design_1_i/processing_system7_0/inst/buffer_fclk_clk_0.FCLK_CLK_0_BUFG/O
                         net (fo=18046, routed)       0.896     1.262    design_1_i/axi_mem_intercon/m00_couplers/auto_pc/inst/gen_axi4_axi3.axi3_conv_inst/USE_WRITE.write_addr_inst/USE_BURSTS.cmd_queue/inst/fifo_gen_inst/inst_fifo_gen/gconvfifo.rf/grf.rf/gntv_or_sync_fifo.gl0.rd/rpntr/clk
    SLICE_X2Y49          FDCE                                         r  design_1_i/axi_mem_intercon/m00_couplers/auto_pc/inst/gen_axi4_axi3.axi3_conv_inst/USE_WRITE.write_addr_inst/USE_BURSTS.cmd_queue/inst/fifo_gen_inst/inst_fifo_gen/gconvfifo.rf/grf.rf/gntv_or_sync_fifo.gl0.rd/rpntr/gc0.count_d1_reg[2]/C
                         clock pessimism             -0.284     0.978    
    SLICE_X2Y49          FDCE (Remov_fdce_C_CLR)     -0.067     0.911    design_1_i/axi_mem_intercon/m00_couplers/auto_pc/inst/gen_axi4_axi3.axi3_conv_inst/USE_WRITE.write_addr_inst/USE_BURSTS.cmd_queue/inst/fifo_gen_inst/inst_fifo_gen/gconvfifo.rf/grf.rf/gntv_or_sync_fifo.gl0.rd/rpntr/gc0.count_d1_reg[2]
  -------------------------------------------------------------------
                         required time                         -0.911    
                         arrival time                           1.556    
  -------------------------------------------------------------------
                         slack                                  0.646    

Slack (MET) :             0.646ns  (arrival time - required time)
  Source:                 design_1_i/axi_mem_intercon/m00_couplers/auto_pc/inst/gen_axi4_axi3.axi3_conv_inst/USE_WRITE.write_addr_inst/USE_BURSTS.cmd_queue/inst/fifo_gen_inst/inst_fifo_gen/gconvfifo.rf/grf.rf/rstblk/ngwrdrst.grst.g7serrst.gnsckt_wrst.gcc_rst.sckt_wr_rst_cc_reg[1]/C
                            (rising edge-triggered cell FDRE clocked by clk_fpga_0  {rise@0.000ns fall@10.000ns period=20.000ns})
  Destination:            design_1_i/axi_mem_intercon/m00_couplers/auto_pc/inst/gen_axi4_axi3.axi3_conv_inst/USE_WRITE.write_addr_inst/USE_BURSTS.cmd_queue/inst/fifo_gen_inst/inst_fifo_gen/gconvfifo.rf/grf.rf/gntv_or_sync_fifo.gl0.rd/rpntr/gc0.count_d1_reg[3]/CLR
                            (removal check against rising-edge clock clk_fpga_0  {rise@0.000ns fall@10.000ns period=20.000ns})
  Path Group:             **async_default**
  Path Type:              Removal (Min at Fast Process Corner)
  Requirement:            0.000ns  (clk_fpga_0 rise@0.000ns - clk_fpga_0 rise@0.000ns)
  Data Path Delay:        0.595ns  (logic 0.209ns (35.151%)  route 0.386ns (64.849%))
  Logic Levels:           1  (LUT3=1)
  Clock Path Skew:        0.016ns (DCD - SCD - CPR)
    Destination Clock Delay (DCD):    1.262ns
    Source Clock Delay      (SCD):    0.962ns
    Clock Pessimism Removal (CPR):    0.284ns

    Location             Delay type                Incr(ns)  Path(ns)    Netlist Resource(s)
  -------------------------------------------------------------------    -------------------
                         (clock clk_fpga_0 rise edge)
                                                      0.000     0.000 r  
    PS7_X0Y0             PS7                          0.000     0.000 r  design_1_i/processing_system7_0/inst/PS7_i/FCLKCLK[0]
                         net (fo=1, routed)           0.310     0.310    design_1_i/processing_system7_0/inst/FCLK_CLK_unbuffered[0]
    BUFGCTRL_X0Y16       BUFG (Prop_bufg_I_O)         0.026     0.336 r  design_1_i/processing_system7_0/inst/buffer_fclk_clk_0.FCLK_CLK_0_BUFG/O
                         net (fo=18046, routed)       0.626     0.962    design_1_i/axi_mem_intercon/m00_couplers/auto_pc/inst/gen_axi4_axi3.axi3_conv_inst/USE_WRITE.write_addr_inst/USE_BURSTS.cmd_queue/inst/fifo_gen_inst/inst_fifo_gen/gconvfifo.rf/grf.rf/rstblk/clk
    SLICE_X0Y49          FDRE                                         r  design_1_i/axi_mem_intercon/m00_couplers/auto_pc/inst/gen_axi4_axi3.axi3_conv_inst/USE_WRITE.write_addr_inst/USE_BURSTS.cmd_queue/inst/fifo_gen_inst/inst_fifo_gen/gconvfifo.rf/grf.rf/rstblk/ngwrdrst.grst.g7serrst.gnsckt_wrst.gcc_rst.sckt_wr_rst_cc_reg[1]/C
  -------------------------------------------------------------------    -------------------
    SLICE_X0Y49          FDRE (Prop_fdre_C_Q)         0.164     1.126 f  design_1_i/axi_mem_intercon/m00_couplers/auto_pc/inst/gen_axi4_axi3.axi3_conv_inst/USE_WRITE.write_addr_inst/USE_BURSTS.cmd_queue/inst/fifo_gen_inst/inst_fifo_gen/gconvfifo.rf/grf.rf/rstblk/ngwrdrst.grst.g7serrst.gnsckt_wrst.gcc_rst.sckt_wr_rst_cc_reg[1]/Q
                         net (fo=2, routed)           0.232     1.358    design_1_i/axi_mem_intercon/m00_couplers/auto_pc/inst/gen_axi4_axi3.axi3_conv_inst/USE_WRITE.write_addr_inst/USE_BURSTS.cmd_queue/inst/fifo_gen_inst/inst_fifo_gen/gconvfifo.rf/grf.rf/rstblk/sckt_wr_rst_cc[1]
    SLICE_X0Y49          LUT3 (Prop_lut3_I0_O)        0.045     1.403 f  design_1_i/axi_mem_intercon/m00_couplers/auto_pc/inst/gen_axi4_axi3.axi3_conv_inst/USE_WRITE.write_addr_inst/USE_BURSTS.cmd_queue/inst/fifo_gen_inst/inst_fifo_gen/gconvfifo.rf/grf.rf/rstblk/gpregsm1.curr_fwft_state[1]_i_2/O
                         net (fo=32, routed)          0.153     1.556    design_1_i/axi_mem_intercon/m00_couplers/auto_pc/inst/gen_axi4_axi3.axi3_conv_inst/USE_WRITE.write_addr_inst/USE_BURSTS.cmd_queue/inst/fifo_gen_inst/inst_fifo_gen/gconvfifo.rf/grf.rf/gntv_or_sync_fifo.gl0.rd/rpntr/gc0.count_d1_reg[4]_1
    SLICE_X2Y49          FDCE                                         f  design_1_i/axi_mem_intercon/m00_couplers/auto_pc/inst/gen_axi4_axi3.axi3_conv_inst/USE_WRITE.write_addr_inst/USE_BURSTS.cmd_queue/inst/fifo_gen_inst/inst_fifo_gen/gconvfifo.rf/grf.rf/gntv_or_sync_fifo.gl0.rd/rpntr/gc0.count_d1_reg[3]/CLR
  -------------------------------------------------------------------    -------------------

                         (clock clk_fpga_0 rise edge)
                                                      0.000     0.000 r  
    PS7_X0Y0             PS7                          0.000     0.000 r  design_1_i/processing_system7_0/inst/PS7_i/FCLKCLK[0]
                         net (fo=1, routed)           0.337     0.337    design_1_i/processing_system7_0/inst/FCLK_CLK_unbuffered[0]
    BUFGCTRL_X0Y16       BUFG (Prop_bufg_I_O)         0.029     0.366 r  design_1_i/processing_system7_0/inst/buffer_fclk_clk_0.FCLK_CLK_0_BUFG/O
                         net (fo=18046, routed)       0.896     1.262    design_1_i/axi_mem_intercon/m00_couplers/auto_pc/inst/gen_axi4_axi3.axi3_conv_inst/USE_WRITE.write_addr_inst/USE_BURSTS.cmd_queue/inst/fifo_gen_inst/inst_fifo_gen/gconvfifo.rf/grf.rf/gntv_or_sync_fifo.gl0.rd/rpntr/clk
    SLICE_X2Y49          FDCE                                         r  design_1_i/axi_mem_intercon/m00_couplers/auto_pc/inst/gen_axi4_axi3.axi3_conv_inst/USE_WRITE.write_addr_inst/USE_BURSTS.cmd_queue/inst/fifo_gen_inst/inst_fifo_gen/gconvfifo.rf/grf.rf/gntv_or_sync_fifo.gl0.rd/rpntr/gc0.count_d1_reg[3]/C
                         clock pessimism             -0.284     0.978    
    SLICE_X2Y49          FDCE (Remov_fdce_C_CLR)     -0.067     0.911    design_1_i/axi_mem_intercon/m00_couplers/auto_pc/inst/gen_axi4_axi3.axi3_conv_inst/USE_WRITE.write_addr_inst/USE_BURSTS.cmd_queue/inst/fifo_gen_inst/inst_fifo_gen/gconvfifo.rf/grf.rf/gntv_or_sync_fifo.gl0.rd/rpntr/gc0.count_d1_reg[3]
  -------------------------------------------------------------------
                         required time                         -0.911    
                         arrival time                           1.556    
  -------------------------------------------------------------------
                         slack                                  0.646    

Slack (MET) :             0.646ns  (arrival time - required time)
  Source:                 design_1_i/axi_mem_intercon/m00_couplers/auto_pc/inst/gen_axi4_axi3.axi3_conv_inst/USE_WRITE.write_addr_inst/USE_BURSTS.cmd_queue/inst/fifo_gen_inst/inst_fifo_gen/gconvfifo.rf/grf.rf/rstblk/ngwrdrst.grst.g7serrst.gnsckt_wrst.gcc_rst.sckt_wr_rst_cc_reg[1]/C
                            (rising edge-triggered cell FDRE clocked by clk_fpga_0  {rise@0.000ns fall@10.000ns period=20.000ns})
  Destination:            design_1_i/axi_mem_intercon/m00_couplers/auto_pc/inst/gen_axi4_axi3.axi3_conv_inst/USE_WRITE.write_addr_inst/USE_BURSTS.cmd_queue/inst/fifo_gen_inst/inst_fifo_gen/gconvfifo.rf/grf.rf/gntv_or_sync_fifo.gl0.rd/rpntr/gc0.count_d1_reg[4]/CLR
                            (removal check against rising-edge clock clk_fpga_0  {rise@0.000ns fall@10.000ns period=20.000ns})
  Path Group:             **async_default**
  Path Type:              Removal (Min at Fast Process Corner)
  Requirement:            0.000ns  (clk_fpga_0 rise@0.000ns - clk_fpga_0 rise@0.000ns)
  Data Path Delay:        0.595ns  (logic 0.209ns (35.151%)  route 0.386ns (64.849%))
  Logic Levels:           1  (LUT3=1)
  Clock Path Skew:        0.016ns (DCD - SCD - CPR)
    Destination Clock Delay (DCD):    1.262ns
    Source Clock Delay      (SCD):    0.962ns
    Clock Pessimism Removal (CPR):    0.284ns

    Location             Delay type                Incr(ns)  Path(ns)    Netlist Resource(s)
  -------------------------------------------------------------------    -------------------
                         (clock clk_fpga_0 rise edge)
                                                      0.000     0.000 r  
    PS7_X0Y0             PS7                          0.000     0.000 r  design_1_i/processing_system7_0/inst/PS7_i/FCLKCLK[0]
                         net (fo=1, routed)           0.310     0.310    design_1_i/processing_system7_0/inst/FCLK_CLK_unbuffered[0]
    BUFGCTRL_X0Y16       BUFG (Prop_bufg_I_O)         0.026     0.336 r  design_1_i/processing_system7_0/inst/buffer_fclk_clk_0.FCLK_CLK_0_BUFG/O
                         net (fo=18046, routed)       0.626     0.962    design_1_i/axi_mem_intercon/m00_couplers/auto_pc/inst/gen_axi4_axi3.axi3_conv_inst/USE_WRITE.write_addr_inst/USE_BURSTS.cmd_queue/inst/fifo_gen_inst/inst_fifo_gen/gconvfifo.rf/grf.rf/rstblk/clk
    SLICE_X0Y49          FDRE                                         r  design_1_i/axi_mem_intercon/m00_couplers/auto_pc/inst/gen_axi4_axi3.axi3_conv_inst/USE_WRITE.write_addr_inst/USE_BURSTS.cmd_queue/inst/fifo_gen_inst/inst_fifo_gen/gconvfifo.rf/grf.rf/rstblk/ngwrdrst.grst.g7serrst.gnsckt_wrst.gcc_rst.sckt_wr_rst_cc_reg[1]/C
  -------------------------------------------------------------------    -------------------
    SLICE_X0Y49          FDRE (Prop_fdre_C_Q)         0.164     1.126 f  design_1_i/axi_mem_intercon/m00_couplers/auto_pc/inst/gen_axi4_axi3.axi3_conv_inst/USE_WRITE.write_addr_inst/USE_BURSTS.cmd_queue/inst/fifo_gen_inst/inst_fifo_gen/gconvfifo.rf/grf.rf/rstblk/ngwrdrst.grst.g7serrst.gnsckt_wrst.gcc_rst.sckt_wr_rst_cc_reg[1]/Q
                         net (fo=2, routed)           0.232     1.358    design_1_i/axi_mem_intercon/m00_couplers/auto_pc/inst/gen_axi4_axi3.axi3_conv_inst/USE_WRITE.write_addr_inst/USE_BURSTS.cmd_queue/inst/fifo_gen_inst/inst_fifo_gen/gconvfifo.rf/grf.rf/rstblk/sckt_wr_rst_cc[1]
    SLICE_X0Y49          LUT3 (Prop_lut3_I0_O)        0.045     1.403 f  design_1_i/axi_mem_intercon/m00_couplers/auto_pc/inst/gen_axi4_axi3.axi3_conv_inst/USE_WRITE.write_addr_inst/USE_BURSTS.cmd_queue/inst/fifo_gen_inst/inst_fifo_gen/gconvfifo.rf/grf.rf/rstblk/gpregsm1.curr_fwft_state[1]_i_2/O
                         net (fo=32, routed)          0.153     1.556    design_1_i/axi_mem_intercon/m00_couplers/auto_pc/inst/gen_axi4_axi3.axi3_conv_inst/USE_WRITE.write_addr_inst/USE_BURSTS.cmd_queue/inst/fifo_gen_inst/inst_fifo_gen/gconvfifo.rf/grf.rf/gntv_or_sync_fifo.gl0.rd/rpntr/gc0.count_d1_reg[4]_1
    SLICE_X2Y49          FDCE                                         f  design_1_i/axi_mem_intercon/m00_couplers/auto_pc/inst/gen_axi4_axi3.axi3_conv_inst/USE_WRITE.write_addr_inst/USE_BURSTS.cmd_queue/inst/fifo_gen_inst/inst_fifo_gen/gconvfifo.rf/grf.rf/gntv_or_sync_fifo.gl0.rd/rpntr/gc0.count_d1_reg[4]/CLR
  -------------------------------------------------------------------    -------------------

                         (clock clk_fpga_0 rise edge)
                                                      0.000     0.000 r  
    PS7_X0Y0             PS7                          0.000     0.000 r  design_1_i/processing_system7_0/inst/PS7_i/FCLKCLK[0]
                         net (fo=1, routed)           0.337     0.337    design_1_i/processing_system7_0/inst/FCLK_CLK_unbuffered[0]
    BUFGCTRL_X0Y16       BUFG (Prop_bufg_I_O)         0.029     0.366 r  design_1_i/processing_system7_0/inst/buffer_fclk_clk_0.FCLK_CLK_0_BUFG/O
                         net (fo=18046, routed)       0.896     1.262    design_1_i/axi_mem_intercon/m00_couplers/auto_pc/inst/gen_axi4_axi3.axi3_conv_inst/USE_WRITE.write_addr_inst/USE_BURSTS.cmd_queue/inst/fifo_gen_inst/inst_fifo_gen/gconvfifo.rf/grf.rf/gntv_or_sync_fifo.gl0.rd/rpntr/clk
    SLICE_X2Y49          FDCE                                         r  design_1_i/axi_mem_intercon/m00_couplers/auto_pc/inst/gen_axi4_axi3.axi3_conv_inst/USE_WRITE.write_addr_inst/USE_BURSTS.cmd_queue/inst/fifo_gen_inst/inst_fifo_gen/gconvfifo.rf/grf.rf/gntv_or_sync_fifo.gl0.rd/rpntr/gc0.count_d1_reg[4]/C
                         clock pessimism             -0.284     0.978    
    SLICE_X2Y49          FDCE (Remov_fdce_C_CLR)     -0.067     0.911    design_1_i/axi_mem_intercon/m00_couplers/auto_pc/inst/gen_axi4_axi3.axi3_conv_inst/USE_WRITE.write_addr_inst/USE_BURSTS.cmd_queue/inst/fifo_gen_inst/inst_fifo_gen/gconvfifo.rf/grf.rf/gntv_or_sync_fifo.gl0.rd/rpntr/gc0.count_d1_reg[4]
  -------------------------------------------------------------------
                         required time                         -0.911    
                         arrival time                           1.556    
  -------------------------------------------------------------------
                         slack                                  0.646    

Slack (MET) :             0.646ns  (arrival time - required time)
  Source:                 design_1_i/axi_mem_intercon/m00_couplers/auto_pc/inst/gen_axi4_axi3.axi3_conv_inst/USE_WRITE.write_addr_inst/USE_BURSTS.cmd_queue/inst/fifo_gen_inst/inst_fifo_gen/gconvfifo.rf/grf.rf/rstblk/ngwrdrst.grst.g7serrst.gnsckt_wrst.gcc_rst.sckt_wr_rst_cc_reg[1]/C
                            (rising edge-triggered cell FDRE clocked by clk_fpga_0  {rise@0.000ns fall@10.000ns period=20.000ns})
  Destination:            design_1_i/axi_mem_intercon/m00_couplers/auto_pc/inst/gen_axi4_axi3.axi3_conv_inst/USE_WRITE.write_addr_inst/USE_BURSTS.cmd_queue/inst/fifo_gen_inst/inst_fifo_gen/gconvfifo.rf/grf.rf/gntv_or_sync_fifo.gl0.rd/rpntr/gc0.count_reg[3]/CLR
                            (removal check against rising-edge clock clk_fpga_0  {rise@0.000ns fall@10.000ns period=20.000ns})
  Path Group:             **async_default**
  Path Type:              Removal (Min at Fast Process Corner)
  Requirement:            0.000ns  (clk_fpga_0 rise@0.000ns - clk_fpga_0 rise@0.000ns)
  Data Path Delay:        0.595ns  (logic 0.209ns (35.151%)  route 0.386ns (64.849%))
  Logic Levels:           1  (LUT3=1)
  Clock Path Skew:        0.016ns (DCD - SCD - CPR)
    Destination Clock Delay (DCD):    1.262ns
    Source Clock Delay      (SCD):    0.962ns
    Clock Pessimism Removal (CPR):    0.284ns

    Location             Delay type                Incr(ns)  Path(ns)    Netlist Resource(s)
  -------------------------------------------------------------------    -------------------
                         (clock clk_fpga_0 rise edge)
                                                      0.000     0.000 r  
    PS7_X0Y0             PS7                          0.000     0.000 r  design_1_i/processing_system7_0/inst/PS7_i/FCLKCLK[0]
                         net (fo=1, routed)           0.310     0.310    design_1_i/processing_system7_0/inst/FCLK_CLK_unbuffered[0]
    BUFGCTRL_X0Y16       BUFG (Prop_bufg_I_O)         0.026     0.336 r  design_1_i/processing_system7_0/inst/buffer_fclk_clk_0.FCLK_CLK_0_BUFG/O
                         net (fo=18046, routed)       0.626     0.962    design_1_i/axi_mem_intercon/m00_couplers/auto_pc/inst/gen_axi4_axi3.axi3_conv_inst/USE_WRITE.write_addr_inst/USE_BURSTS.cmd_queue/inst/fifo_gen_inst/inst_fifo_gen/gconvfifo.rf/grf.rf/rstblk/clk
    SLICE_X0Y49          FDRE                                         r  design_1_i/axi_mem_intercon/m00_couplers/auto_pc/inst/gen_axi4_axi3.axi3_conv_inst/USE_WRITE.write_addr_inst/USE_BURSTS.cmd_queue/inst/fifo_gen_inst/inst_fifo_gen/gconvfifo.rf/grf.rf/rstblk/ngwrdrst.grst.g7serrst.gnsckt_wrst.gcc_rst.sckt_wr_rst_cc_reg[1]/C
  -------------------------------------------------------------------    -------------------
    SLICE_X0Y49          FDRE (Prop_fdre_C_Q)         0.164     1.126 f  design_1_i/axi_mem_intercon/m00_couplers/auto_pc/inst/gen_axi4_axi3.axi3_conv_inst/USE_WRITE.write_addr_inst/USE_BURSTS.cmd_queue/inst/fifo_gen_inst/inst_fifo_gen/gconvfifo.rf/grf.rf/rstblk/ngwrdrst.grst.g7serrst.gnsckt_wrst.gcc_rst.sckt_wr_rst_cc_reg[1]/Q
                         net (fo=2, routed)           0.232     1.358    design_1_i/axi_mem_intercon/m00_couplers/auto_pc/inst/gen_axi4_axi3.axi3_conv_inst/USE_WRITE.write_addr_inst/USE_BURSTS.cmd_queue/inst/fifo_gen_inst/inst_fifo_gen/gconvfifo.rf/grf.rf/rstblk/sckt_wr_rst_cc[1]
    SLICE_X0Y49          LUT3 (Prop_lut3_I0_O)        0.045     1.403 f  design_1_i/axi_mem_intercon/m00_couplers/auto_pc/inst/gen_axi4_axi3.axi3_conv_inst/USE_WRITE.write_addr_inst/USE_BURSTS.cmd_queue/inst/fifo_gen_inst/inst_fifo_gen/gconvfifo.rf/grf.rf/rstblk/gpregsm1.curr_fwft_state[1]_i_2/O
                         net (fo=32, routed)          0.153     1.556    design_1_i/axi_mem_intercon/m00_couplers/auto_pc/inst/gen_axi4_axi3.axi3_conv_inst/USE_WRITE.write_addr_inst/USE_BURSTS.cmd_queue/inst/fifo_gen_inst/inst_fifo_gen/gconvfifo.rf/grf.rf/gntv_or_sync_fifo.gl0.rd/rpntr/gc0.count_d1_reg[4]_1
    SLICE_X2Y49          FDCE                                         f  design_1_i/axi_mem_intercon/m00_couplers/auto_pc/inst/gen_axi4_axi3.axi3_conv_inst/USE_WRITE.write_addr_inst/USE_BURSTS.cmd_queue/inst/fifo_gen_inst/inst_fifo_gen/gconvfifo.rf/grf.rf/gntv_or_sync_fifo.gl0.rd/rpntr/gc0.count_reg[3]/CLR
  -------------------------------------------------------------------    -------------------

                         (clock clk_fpga_0 rise edge)
                                                      0.000     0.000 r  
    PS7_X0Y0             PS7                          0.000     0.000 r  design_1_i/processing_system7_0/inst/PS7_i/FCLKCLK[0]
                         net (fo=1, routed)           0.337     0.337    design_1_i/processing_system7_0/inst/FCLK_CLK_unbuffered[0]
    BUFGCTRL_X0Y16       BUFG (Prop_bufg_I_O)         0.029     0.366 r  design_1_i/processing_system7_0/inst/buffer_fclk_clk_0.FCLK_CLK_0_BUFG/O
                         net (fo=18046, routed)       0.896     1.262    design_1_i/axi_mem_intercon/m00_couplers/auto_pc/inst/gen_axi4_axi3.axi3_conv_inst/USE_WRITE.write_addr_inst/USE_BURSTS.cmd_queue/inst/fifo_gen_inst/inst_fifo_gen/gconvfifo.rf/grf.rf/gntv_or_sync_fifo.gl0.rd/rpntr/clk
    SLICE_X2Y49          FDCE                                         r  design_1_i/axi_mem_intercon/m00_couplers/auto_pc/inst/gen_axi4_axi3.axi3_conv_inst/USE_WRITE.write_addr_inst/USE_BURSTS.cmd_queue/inst/fifo_gen_inst/inst_fifo_gen/gconvfifo.rf/grf.rf/gntv_or_sync_fifo.gl0.rd/rpntr/gc0.count_reg[3]/C
                         clock pessimism             -0.284     0.978    
    SLICE_X2Y49          FDCE (Remov_fdce_C_CLR)     -0.067     0.911    design_1_i/axi_mem_intercon/m00_couplers/auto_pc/inst/gen_axi4_axi3.axi3_conv_inst/USE_WRITE.write_addr_inst/USE_BURSTS.cmd_queue/inst/fifo_gen_inst/inst_fifo_gen/gconvfifo.rf/grf.rf/gntv_or_sync_fifo.gl0.rd/rpntr/gc0.count_reg[3]
  -------------------------------------------------------------------
                         required time                         -0.911    
                         arrival time                           1.556    
  -------------------------------------------------------------------
                         slack                                  0.646    

Slack (MET) :             0.646ns  (arrival time - required time)
  Source:                 design_1_i/axi_mem_intercon/m00_couplers/auto_pc/inst/gen_axi4_axi3.axi3_conv_inst/USE_WRITE.write_addr_inst/USE_BURSTS.cmd_queue/inst/fifo_gen_inst/inst_fifo_gen/gconvfifo.rf/grf.rf/rstblk/ngwrdrst.grst.g7serrst.gnsckt_wrst.gcc_rst.sckt_wr_rst_cc_reg[1]/C
                            (rising edge-triggered cell FDRE clocked by clk_fpga_0  {rise@0.000ns fall@10.000ns period=20.000ns})
  Destination:            design_1_i/axi_mem_intercon/m00_couplers/auto_pc/inst/gen_axi4_axi3.axi3_conv_inst/USE_WRITE.write_addr_inst/USE_BURSTS.cmd_queue/inst/fifo_gen_inst/inst_fifo_gen/gconvfifo.rf/grf.rf/gntv_or_sync_fifo.gl0.rd/rpntr/gc0.count_reg[4]/CLR
                            (removal check against rising-edge clock clk_fpga_0  {rise@0.000ns fall@10.000ns period=20.000ns})
  Path Group:             **async_default**
  Path Type:              Removal (Min at Fast Process Corner)
  Requirement:            0.000ns  (clk_fpga_0 rise@0.000ns - clk_fpga_0 rise@0.000ns)
  Data Path Delay:        0.595ns  (logic 0.209ns (35.151%)  route 0.386ns (64.849%))
  Logic Levels:           1  (LUT3=1)
  Clock Path Skew:        0.016ns (DCD - SCD - CPR)
    Destination Clock Delay (DCD):    1.262ns
    Source Clock Delay      (SCD):    0.962ns
    Clock Pessimism Removal (CPR):    0.284ns

    Location             Delay type                Incr(ns)  Path(ns)    Netlist Resource(s)
  -------------------------------------------------------------------    -------------------
                         (clock clk_fpga_0 rise edge)
                                                      0.000     0.000 r  
    PS7_X0Y0             PS7                          0.000     0.000 r  design_1_i/processing_system7_0/inst/PS7_i/FCLKCLK[0]
                         net (fo=1, routed)           0.310     0.310    design_1_i/processing_system7_0/inst/FCLK_CLK_unbuffered[0]
    BUFGCTRL_X0Y16       BUFG (Prop_bufg_I_O)         0.026     0.336 r  design_1_i/processing_system7_0/inst/buffer_fclk_clk_0.FCLK_CLK_0_BUFG/O
                         net (fo=18046, routed)       0.626     0.962    design_1_i/axi_mem_intercon/m00_couplers/auto_pc/inst/gen_axi4_axi3.axi3_conv_inst/USE_WRITE.write_addr_inst/USE_BURSTS.cmd_queue/inst/fifo_gen_inst/inst_fifo_gen/gconvfifo.rf/grf.rf/rstblk/clk
    SLICE_X0Y49          FDRE                                         r  design_1_i/axi_mem_intercon/m00_couplers/auto_pc/inst/gen_axi4_axi3.axi3_conv_inst/USE_WRITE.write_addr_inst/USE_BURSTS.cmd_queue/inst/fifo_gen_inst/inst_fifo_gen/gconvfifo.rf/grf.rf/rstblk/ngwrdrst.grst.g7serrst.gnsckt_wrst.gcc_rst.sckt_wr_rst_cc_reg[1]/C
  -------------------------------------------------------------------    -------------------
    SLICE_X0Y49          FDRE (Prop_fdre_C_Q)         0.164     1.126 f  design_1_i/axi_mem_intercon/m00_couplers/auto_pc/inst/gen_axi4_axi3.axi3_conv_inst/USE_WRITE.write_addr_inst/USE_BURSTS.cmd_queue/inst/fifo_gen_inst/inst_fifo_gen/gconvfifo.rf/grf.rf/rstblk/ngwrdrst.grst.g7serrst.gnsckt_wrst.gcc_rst.sckt_wr_rst_cc_reg[1]/Q
                         net (fo=2, routed)           0.232     1.358    design_1_i/axi_mem_intercon/m00_couplers/auto_pc/inst/gen_axi4_axi3.axi3_conv_inst/USE_WRITE.write_addr_inst/USE_BURSTS.cmd_queue/inst/fifo_gen_inst/inst_fifo_gen/gconvfifo.rf/grf.rf/rstblk/sckt_wr_rst_cc[1]
    SLICE_X0Y49          LUT3 (Prop_lut3_I0_O)        0.045     1.403 f  design_1_i/axi_mem_intercon/m00_couplers/auto_pc/inst/gen_axi4_axi3.axi3_conv_inst/USE_WRITE.write_addr_inst/USE_BURSTS.cmd_queue/inst/fifo_gen_inst/inst_fifo_gen/gconvfifo.rf/grf.rf/rstblk/gpregsm1.curr_fwft_state[1]_i_2/O
                         net (fo=32, routed)          0.153     1.556    design_1_i/axi_mem_intercon/m00_couplers/auto_pc/inst/gen_axi4_axi3.axi3_conv_inst/USE_WRITE.write_addr_inst/USE_BURSTS.cmd_queue/inst/fifo_gen_inst/inst_fifo_gen/gconvfifo.rf/grf.rf/gntv_or_sync_fifo.gl0.rd/rpntr/gc0.count_d1_reg[4]_1
    SLICE_X2Y49          FDCE                                         f  design_1_i/axi_mem_intercon/m00_couplers/auto_pc/inst/gen_axi4_axi3.axi3_conv_inst/USE_WRITE.write_addr_inst/USE_BURSTS.cmd_queue/inst/fifo_gen_inst/inst_fifo_gen/gconvfifo.rf/grf.rf/gntv_or_sync_fifo.gl0.rd/rpntr/gc0.count_reg[4]/CLR
  -------------------------------------------------------------------    -------------------

                         (clock clk_fpga_0 rise edge)
                                                      0.000     0.000 r  
    PS7_X0Y0             PS7                          0.000     0.000 r  design_1_i/processing_system7_0/inst/PS7_i/FCLKCLK[0]
                         net (fo=1, routed)           0.337     0.337    design_1_i/processing_system7_0/inst/FCLK_CLK_unbuffered[0]
    BUFGCTRL_X0Y16       BUFG (Prop_bufg_I_O)         0.029     0.366 r  design_1_i/processing_system7_0/inst/buffer_fclk_clk_0.FCLK_CLK_0_BUFG/O
                         net (fo=18046, routed)       0.896     1.262    design_1_i/axi_mem_intercon/m00_couplers/auto_pc/inst/gen_axi4_axi3.axi3_conv_inst/USE_WRITE.write_addr_inst/USE_BURSTS.cmd_queue/inst/fifo_gen_inst/inst_fifo_gen/gconvfifo.rf/grf.rf/gntv_or_sync_fifo.gl0.rd/rpntr/clk
    SLICE_X2Y49          FDCE                                         r  design_1_i/axi_mem_intercon/m00_couplers/auto_pc/inst/gen_axi4_axi3.axi3_conv_inst/USE_WRITE.write_addr_inst/USE_BURSTS.cmd_queue/inst/fifo_gen_inst/inst_fifo_gen/gconvfifo.rf/grf.rf/gntv_or_sync_fifo.gl0.rd/rpntr/gc0.count_reg[4]/C
                         clock pessimism             -0.284     0.978    
    SLICE_X2Y49          FDCE (Remov_fdce_C_CLR)     -0.067     0.911    design_1_i/axi_mem_intercon/m00_couplers/auto_pc/inst/gen_axi4_axi3.axi3_conv_inst/USE_WRITE.write_addr_inst/USE_BURSTS.cmd_queue/inst/fifo_gen_inst/inst_fifo_gen/gconvfifo.rf/grf.rf/gntv_or_sync_fifo.gl0.rd/rpntr/gc0.count_reg[4]
  -------------------------------------------------------------------
                         required time                         -0.911    
                         arrival time                           1.556    
  -------------------------------------------------------------------
                         slack                                  0.646    

Slack (MET) :             0.651ns  (arrival time - required time)
  Source:                 design_1_i/axi_mem_intercon/m00_couplers/auto_pc/inst/gen_axi4_axi3.axi3_conv_inst/USE_WRITE.write_addr_inst/USE_B_CHANNEL.cmd_b_queue/inst/fifo_gen_inst/inst_fifo_gen/gconvfifo.rf/grf.rf/rstblk/ngwrdrst.grst.g7serrst.gnsckt_wrst.gcc_rst.sckt_wr_rst_cc_reg[0]/C
                            (rising edge-triggered cell FDRE clocked by clk_fpga_0  {rise@0.000ns fall@10.000ns period=20.000ns})
  Destination:            design_1_i/axi_mem_intercon/m00_couplers/auto_pc/inst/gen_axi4_axi3.axi3_conv_inst/USE_WRITE.write_addr_inst/USE_B_CHANNEL.cmd_b_queue/inst/fifo_gen_inst/inst_fifo_gen/gconvfifo.rf/grf.rf/gntv_or_sync_fifo.gl0.rd/rpntr/gc0.count_d1_reg[0]/CLR
                            (removal check against rising-edge clock clk_fpga_0  {rise@0.000ns fall@10.000ns period=20.000ns})
  Path Group:             **async_default**
  Path Type:              Removal (Min at Fast Process Corner)
  Requirement:            0.000ns  (clk_fpga_0 rise@0.000ns - clk_fpga_0 rise@0.000ns)
  Data Path Delay:        0.599ns  (logic 0.186ns (31.049%)  route 0.413ns (68.951%))
  Logic Levels:           1  (LUT3=1)
  Clock Path Skew:        0.015ns (DCD - SCD - CPR)
    Destination Clock Delay (DCD):    1.261ns
    Source Clock Delay      (SCD):    0.962ns
    Clock Pessimism Removal (CPR):    0.284ns

    Location             Delay type                Incr(ns)  Path(ns)    Netlist Resource(s)
  -------------------------------------------------------------------    -------------------
                         (clock clk_fpga_0 rise edge)
                                                      0.000     0.000 r  
    PS7_X0Y0             PS7                          0.000     0.000 r  design_1_i/processing_system7_0/inst/PS7_i/FCLKCLK[0]
                         net (fo=1, routed)           0.310     0.310    design_1_i/processing_system7_0/inst/FCLK_CLK_unbuffered[0]
    BUFGCTRL_X0Y16       BUFG (Prop_bufg_I_O)         0.026     0.336 r  design_1_i/processing_system7_0/inst/buffer_fclk_clk_0.FCLK_CLK_0_BUFG/O
                         net (fo=18046, routed)       0.626     0.962    design_1_i/axi_mem_intercon/m00_couplers/auto_pc/inst/gen_axi4_axi3.axi3_conv_inst/USE_WRITE.write_addr_inst/USE_B_CHANNEL.cmd_b_queue/inst/fifo_gen_inst/inst_fifo_gen/gconvfifo.rf/grf.rf/rstblk/clk
    SLICE_X1Y47          FDRE                                         r  design_1_i/axi_mem_intercon/m00_couplers/auto_pc/inst/gen_axi4_axi3.axi3_conv_inst/USE_WRITE.write_addr_inst/USE_B_CHANNEL.cmd_b_queue/inst/fifo_gen_inst/inst_fifo_gen/gconvfifo.rf/grf.rf/rstblk/ngwrdrst.grst.g7serrst.gnsckt_wrst.gcc_rst.sckt_wr_rst_cc_reg[0]/C
  -------------------------------------------------------------------    -------------------
    SLICE_X1Y47          FDRE (Prop_fdre_C_Q)         0.141     1.103 f  design_1_i/axi_mem_intercon/m00_couplers/auto_pc/inst/gen_axi4_axi3.axi3_conv_inst/USE_WRITE.write_addr_inst/USE_B_CHANNEL.cmd_b_queue/inst/fifo_gen_inst/inst_fifo_gen/gconvfifo.rf/grf.rf/rstblk/ngwrdrst.grst.g7serrst.gnsckt_wrst.gcc_rst.sckt_wr_rst_cc_reg[0]/Q
                         net (fo=3, routed)           0.233     1.335    design_1_i/axi_mem_intercon/m00_couplers/auto_pc/inst/gen_axi4_axi3.axi3_conv_inst/USE_WRITE.write_addr_inst/USE_B_CHANNEL.cmd_b_queue/inst/fifo_gen_inst/inst_fifo_gen/gconvfifo.rf/grf.rf/rstblk/sckt_wr_rst_cc[0]
    SLICE_X1Y46          LUT3 (Prop_lut3_I1_O)        0.045     1.380 f  design_1_i/axi_mem_intercon/m00_couplers/auto_pc/inst/gen_axi4_axi3.axi3_conv_inst/USE_WRITE.write_addr_inst/USE_B_CHANNEL.cmd_b_queue/inst/fifo_gen_inst/inst_fifo_gen/gconvfifo.rf/grf.rf/rstblk/gpregsm1.curr_fwft_state[1]_i_2/O
                         net (fo=32, routed)          0.180     1.561    design_1_i/axi_mem_intercon/m00_couplers/auto_pc/inst/gen_axi4_axi3.axi3_conv_inst/USE_WRITE.write_addr_inst/USE_B_CHANNEL.cmd_b_queue/inst/fifo_gen_inst/inst_fifo_gen/gconvfifo.rf/grf.rf/gntv_or_sync_fifo.gl0.rd/rpntr/gc0.count_d1_reg[4]_1
    SLICE_X2Y45          FDCE                                         f  design_1_i/axi_mem_intercon/m00_couplers/auto_pc/inst/gen_axi4_axi3.axi3_conv_inst/USE_WRITE.write_addr_inst/USE_B_CHANNEL.cmd_b_queue/inst/fifo_gen_inst/inst_fifo_gen/gconvfifo.rf/grf.rf/gntv_or_sync_fifo.gl0.rd/rpntr/gc0.count_d1_reg[0]/CLR
  -------------------------------------------------------------------    -------------------

                         (clock clk_fpga_0 rise edge)
                                                      0.000     0.000 r  
    PS7_X0Y0             PS7                          0.000     0.000 r  design_1_i/processing_system7_0/inst/PS7_i/FCLKCLK[0]
                         net (fo=1, routed)           0.337     0.337    design_1_i/processing_system7_0/inst/FCLK_CLK_unbuffered[0]
    BUFGCTRL_X0Y16       BUFG (Prop_bufg_I_O)         0.029     0.366 r  design_1_i/processing_system7_0/inst/buffer_fclk_clk_0.FCLK_CLK_0_BUFG/O
                         net (fo=18046, routed)       0.895     1.261    design_1_i/axi_mem_intercon/m00_couplers/auto_pc/inst/gen_axi4_axi3.axi3_conv_inst/USE_WRITE.write_addr_inst/USE_B_CHANNEL.cmd_b_queue/inst/fifo_gen_inst/inst_fifo_gen/gconvfifo.rf/grf.rf/gntv_or_sync_fifo.gl0.rd/rpntr/clk
    SLICE_X2Y45          FDCE                                         r  design_1_i/axi_mem_intercon/m00_couplers/auto_pc/inst/gen_axi4_axi3.axi3_conv_inst/USE_WRITE.write_addr_inst/USE_B_CHANNEL.cmd_b_queue/inst/fifo_gen_inst/inst_fifo_gen/gconvfifo.rf/grf.rf/gntv_or_sync_fifo.gl0.rd/rpntr/gc0.count_d1_reg[0]/C
                         clock pessimism             -0.284     0.977    
    SLICE_X2Y45          FDCE (Remov_fdce_C_CLR)     -0.067     0.910    design_1_i/axi_mem_intercon/m00_couplers/auto_pc/inst/gen_axi4_axi3.axi3_conv_inst/USE_WRITE.write_addr_inst/USE_B_CHANNEL.cmd_b_queue/inst/fifo_gen_inst/inst_fifo_gen/gconvfifo.rf/grf.rf/gntv_or_sync_fifo.gl0.rd/rpntr/gc0.count_d1_reg[0]
  -------------------------------------------------------------------
                         required time                         -0.910    
                         arrival time                           1.561    
  -------------------------------------------------------------------
                         slack                                  0.651    

Slack (MET) :             0.651ns  (arrival time - required time)
  Source:                 design_1_i/axi_mem_intercon/m00_couplers/auto_pc/inst/gen_axi4_axi3.axi3_conv_inst/USE_WRITE.write_addr_inst/USE_B_CHANNEL.cmd_b_queue/inst/fifo_gen_inst/inst_fifo_gen/gconvfifo.rf/grf.rf/rstblk/ngwrdrst.grst.g7serrst.gnsckt_wrst.gcc_rst.sckt_wr_rst_cc_reg[0]/C
                            (rising edge-triggered cell FDRE clocked by clk_fpga_0  {rise@0.000ns fall@10.000ns period=20.000ns})
  Destination:            design_1_i/axi_mem_intercon/m00_couplers/auto_pc/inst/gen_axi4_axi3.axi3_conv_inst/USE_WRITE.write_addr_inst/USE_B_CHANNEL.cmd_b_queue/inst/fifo_gen_inst/inst_fifo_gen/gconvfifo.rf/grf.rf/gntv_or_sync_fifo.gl0.rd/rpntr/gc0.count_reg[1]/CLR
                            (removal check against rising-edge clock clk_fpga_0  {rise@0.000ns fall@10.000ns period=20.000ns})
  Path Group:             **async_default**
  Path Type:              Removal (Min at Fast Process Corner)
  Requirement:            0.000ns  (clk_fpga_0 rise@0.000ns - clk_fpga_0 rise@0.000ns)
  Data Path Delay:        0.599ns  (logic 0.186ns (31.049%)  route 0.413ns (68.951%))
  Logic Levels:           1  (LUT3=1)
  Clock Path Skew:        0.015ns (DCD - SCD - CPR)
    Destination Clock Delay (DCD):    1.261ns
    Source Clock Delay      (SCD):    0.962ns
    Clock Pessimism Removal (CPR):    0.284ns

    Location             Delay type                Incr(ns)  Path(ns)    Netlist Resource(s)
  -------------------------------------------------------------------    -------------------
                         (clock clk_fpga_0 rise edge)
                                                      0.000     0.000 r  
    PS7_X0Y0             PS7                          0.000     0.000 r  design_1_i/processing_system7_0/inst/PS7_i/FCLKCLK[0]
                         net (fo=1, routed)           0.310     0.310    design_1_i/processing_system7_0/inst/FCLK_CLK_unbuffered[0]
    BUFGCTRL_X0Y16       BUFG (Prop_bufg_I_O)         0.026     0.336 r  design_1_i/processing_system7_0/inst/buffer_fclk_clk_0.FCLK_CLK_0_BUFG/O
                         net (fo=18046, routed)       0.626     0.962    design_1_i/axi_mem_intercon/m00_couplers/auto_pc/inst/gen_axi4_axi3.axi3_conv_inst/USE_WRITE.write_addr_inst/USE_B_CHANNEL.cmd_b_queue/inst/fifo_gen_inst/inst_fifo_gen/gconvfifo.rf/grf.rf/rstblk/clk
    SLICE_X1Y47          FDRE                                         r  design_1_i/axi_mem_intercon/m00_couplers/auto_pc/inst/gen_axi4_axi3.axi3_conv_inst/USE_WRITE.write_addr_inst/USE_B_CHANNEL.cmd_b_queue/inst/fifo_gen_inst/inst_fifo_gen/gconvfifo.rf/grf.rf/rstblk/ngwrdrst.grst.g7serrst.gnsckt_wrst.gcc_rst.sckt_wr_rst_cc_reg[0]/C
  -------------------------------------------------------------------    -------------------
    SLICE_X1Y47          FDRE (Prop_fdre_C_Q)         0.141     1.103 f  design_1_i/axi_mem_intercon/m00_couplers/auto_pc/inst/gen_axi4_axi3.axi3_conv_inst/USE_WRITE.write_addr_inst/USE_B_CHANNEL.cmd_b_queue/inst/fifo_gen_inst/inst_fifo_gen/gconvfifo.rf/grf.rf/rstblk/ngwrdrst.grst.g7serrst.gnsckt_wrst.gcc_rst.sckt_wr_rst_cc_reg[0]/Q
                         net (fo=3, routed)           0.233     1.335    design_1_i/axi_mem_intercon/m00_couplers/auto_pc/inst/gen_axi4_axi3.axi3_conv_inst/USE_WRITE.write_addr_inst/USE_B_CHANNEL.cmd_b_queue/inst/fifo_gen_inst/inst_fifo_gen/gconvfifo.rf/grf.rf/rstblk/sckt_wr_rst_cc[0]
    SLICE_X1Y46          LUT3 (Prop_lut3_I1_O)        0.045     1.380 f  design_1_i/axi_mem_intercon/m00_couplers/auto_pc/inst/gen_axi4_axi3.axi3_conv_inst/USE_WRITE.write_addr_inst/USE_B_CHANNEL.cmd_b_queue/inst/fifo_gen_inst/inst_fifo_gen/gconvfifo.rf/grf.rf/rstblk/gpregsm1.curr_fwft_state[1]_i_2/O
                         net (fo=32, routed)          0.180     1.561    design_1_i/axi_mem_intercon/m00_couplers/auto_pc/inst/gen_axi4_axi3.axi3_conv_inst/USE_WRITE.write_addr_inst/USE_B_CHANNEL.cmd_b_queue/inst/fifo_gen_inst/inst_fifo_gen/gconvfifo.rf/grf.rf/gntv_or_sync_fifo.gl0.rd/rpntr/gc0.count_d1_reg[4]_1
    SLICE_X2Y45          FDCE                                         f  design_1_i/axi_mem_intercon/m00_couplers/auto_pc/inst/gen_axi4_axi3.axi3_conv_inst/USE_WRITE.write_addr_inst/USE_B_CHANNEL.cmd_b_queue/inst/fifo_gen_inst/inst_fifo_gen/gconvfifo.rf/grf.rf/gntv_or_sync_fifo.gl0.rd/rpntr/gc0.count_reg[1]/CLR
  -------------------------------------------------------------------    -------------------

                         (clock clk_fpga_0 rise edge)
                                                      0.000     0.000 r  
    PS7_X0Y0             PS7                          0.000     0.000 r  design_1_i/processing_system7_0/inst/PS7_i/FCLKCLK[0]
                         net (fo=1, routed)           0.337     0.337    design_1_i/processing_system7_0/inst/FCLK_CLK_unbuffered[0]
    BUFGCTRL_X0Y16       BUFG (Prop_bufg_I_O)         0.029     0.366 r  design_1_i/processing_system7_0/inst/buffer_fclk_clk_0.FCLK_CLK_0_BUFG/O
                         net (fo=18046, routed)       0.895     1.261    design_1_i/axi_mem_intercon/m00_couplers/auto_pc/inst/gen_axi4_axi3.axi3_conv_inst/USE_WRITE.write_addr_inst/USE_B_CHANNEL.cmd_b_queue/inst/fifo_gen_inst/inst_fifo_gen/gconvfifo.rf/grf.rf/gntv_or_sync_fifo.gl0.rd/rpntr/clk
    SLICE_X2Y45          FDCE                                         r  design_1_i/axi_mem_intercon/m00_couplers/auto_pc/inst/gen_axi4_axi3.axi3_conv_inst/USE_WRITE.write_addr_inst/USE_B_CHANNEL.cmd_b_queue/inst/fifo_gen_inst/inst_fifo_gen/gconvfifo.rf/grf.rf/gntv_or_sync_fifo.gl0.rd/rpntr/gc0.count_reg[1]/C
                         clock pessimism             -0.284     0.977    
    SLICE_X2Y45          FDCE (Remov_fdce_C_CLR)     -0.067     0.910    design_1_i/axi_mem_intercon/m00_couplers/auto_pc/inst/gen_axi4_axi3.axi3_conv_inst/USE_WRITE.write_addr_inst/USE_B_CHANNEL.cmd_b_queue/inst/fifo_gen_inst/inst_fifo_gen/gconvfifo.rf/grf.rf/gntv_or_sync_fifo.gl0.rd/rpntr/gc0.count_reg[1]
  -------------------------------------------------------------------
                         required time                         -0.910    
                         arrival time                           1.561    
  -------------------------------------------------------------------
                         slack                                  0.651    

Slack (MET) :             0.651ns  (arrival time - required time)
  Source:                 design_1_i/axi_mem_intercon/m00_couplers/auto_pc/inst/gen_axi4_axi3.axi3_conv_inst/USE_WRITE.write_addr_inst/USE_B_CHANNEL.cmd_b_queue/inst/fifo_gen_inst/inst_fifo_gen/gconvfifo.rf/grf.rf/rstblk/ngwrdrst.grst.g7serrst.gnsckt_wrst.gcc_rst.sckt_wr_rst_cc_reg[0]/C
                            (rising edge-triggered cell FDRE clocked by clk_fpga_0  {rise@0.000ns fall@10.000ns period=20.000ns})
  Destination:            design_1_i/axi_mem_intercon/m00_couplers/auto_pc/inst/gen_axi4_axi3.axi3_conv_inst/USE_WRITE.write_addr_inst/USE_B_CHANNEL.cmd_b_queue/inst/fifo_gen_inst/inst_fifo_gen/gconvfifo.rf/grf.rf/gntv_or_sync_fifo.gl0.rd/rpntr/gc0.count_reg[2]/CLR
                            (removal check against rising-edge clock clk_fpga_0  {rise@0.000ns fall@10.000ns period=20.000ns})
  Path Group:             **async_default**
  Path Type:              Removal (Min at Fast Process Corner)
  Requirement:            0.000ns  (clk_fpga_0 rise@0.000ns - clk_fpga_0 rise@0.000ns)
  Data Path Delay:        0.599ns  (logic 0.186ns (31.049%)  route 0.413ns (68.951%))
  Logic Levels:           1  (LUT3=1)
  Clock Path Skew:        0.015ns (DCD - SCD - CPR)
    Destination Clock Delay (DCD):    1.261ns
    Source Clock Delay      (SCD):    0.962ns
    Clock Pessimism Removal (CPR):    0.284ns

    Location             Delay type                Incr(ns)  Path(ns)    Netlist Resource(s)
  -------------------------------------------------------------------    -------------------
                         (clock clk_fpga_0 rise edge)
                                                      0.000     0.000 r  
    PS7_X0Y0             PS7                          0.000     0.000 r  design_1_i/processing_system7_0/inst/PS7_i/FCLKCLK[0]
                         net (fo=1, routed)           0.310     0.310    design_1_i/processing_system7_0/inst/FCLK_CLK_unbuffered[0]
    BUFGCTRL_X0Y16       BUFG (Prop_bufg_I_O)         0.026     0.336 r  design_1_i/processing_system7_0/inst/buffer_fclk_clk_0.FCLK_CLK_0_BUFG/O
                         net (fo=18046, routed)       0.626     0.962    design_1_i/axi_mem_intercon/m00_couplers/auto_pc/inst/gen_axi4_axi3.axi3_conv_inst/USE_WRITE.write_addr_inst/USE_B_CHANNEL.cmd_b_queue/inst/fifo_gen_inst/inst_fifo_gen/gconvfifo.rf/grf.rf/rstblk/clk
    SLICE_X1Y47          FDRE                                         r  design_1_i/axi_mem_intercon/m00_couplers/auto_pc/inst/gen_axi4_axi3.axi3_conv_inst/USE_WRITE.write_addr_inst/USE_B_CHANNEL.cmd_b_queue/inst/fifo_gen_inst/inst_fifo_gen/gconvfifo.rf/grf.rf/rstblk/ngwrdrst.grst.g7serrst.gnsckt_wrst.gcc_rst.sckt_wr_rst_cc_reg[0]/C
  -------------------------------------------------------------------    -------------------
    SLICE_X1Y47          FDRE (Prop_fdre_C_Q)         0.141     1.103 f  design_1_i/axi_mem_intercon/m00_couplers/auto_pc/inst/gen_axi4_axi3.axi3_conv_inst/USE_WRITE.write_addr_inst/USE_B_CHANNEL.cmd_b_queue/inst/fifo_gen_inst/inst_fifo_gen/gconvfifo.rf/grf.rf/rstblk/ngwrdrst.grst.g7serrst.gnsckt_wrst.gcc_rst.sckt_wr_rst_cc_reg[0]/Q
                         net (fo=3, routed)           0.233     1.335    design_1_i/axi_mem_intercon/m00_couplers/auto_pc/inst/gen_axi4_axi3.axi3_conv_inst/USE_WRITE.write_addr_inst/USE_B_CHANNEL.cmd_b_queue/inst/fifo_gen_inst/inst_fifo_gen/gconvfifo.rf/grf.rf/rstblk/sckt_wr_rst_cc[0]
    SLICE_X1Y46          LUT3 (Prop_lut3_I1_O)        0.045     1.380 f  design_1_i/axi_mem_intercon/m00_couplers/auto_pc/inst/gen_axi4_axi3.axi3_conv_inst/USE_WRITE.write_addr_inst/USE_B_CHANNEL.cmd_b_queue/inst/fifo_gen_inst/inst_fifo_gen/gconvfifo.rf/grf.rf/rstblk/gpregsm1.curr_fwft_state[1]_i_2/O
                         net (fo=32, routed)          0.180     1.561    design_1_i/axi_mem_intercon/m00_couplers/auto_pc/inst/gen_axi4_axi3.axi3_conv_inst/USE_WRITE.write_addr_inst/USE_B_CHANNEL.cmd_b_queue/inst/fifo_gen_inst/inst_fifo_gen/gconvfifo.rf/grf.rf/gntv_or_sync_fifo.gl0.rd/rpntr/gc0.count_d1_reg[4]_1
    SLICE_X2Y45          FDCE                                         f  design_1_i/axi_mem_intercon/m00_couplers/auto_pc/inst/gen_axi4_axi3.axi3_conv_inst/USE_WRITE.write_addr_inst/USE_B_CHANNEL.cmd_b_queue/inst/fifo_gen_inst/inst_fifo_gen/gconvfifo.rf/grf.rf/gntv_or_sync_fifo.gl0.rd/rpntr/gc0.count_reg[2]/CLR
  -------------------------------------------------------------------    -------------------

                         (clock clk_fpga_0 rise edge)
                                                      0.000     0.000 r  
    PS7_X0Y0             PS7                          0.000     0.000 r  design_1_i/processing_system7_0/inst/PS7_i/FCLKCLK[0]
                         net (fo=1, routed)           0.337     0.337    design_1_i/processing_system7_0/inst/FCLK_CLK_unbuffered[0]
    BUFGCTRL_X0Y16       BUFG (Prop_bufg_I_O)         0.029     0.366 r  design_1_i/processing_system7_0/inst/buffer_fclk_clk_0.FCLK_CLK_0_BUFG/O
                         net (fo=18046, routed)       0.895     1.261    design_1_i/axi_mem_intercon/m00_couplers/auto_pc/inst/gen_axi4_axi3.axi3_conv_inst/USE_WRITE.write_addr_inst/USE_B_CHANNEL.cmd_b_queue/inst/fifo_gen_inst/inst_fifo_gen/gconvfifo.rf/grf.rf/gntv_or_sync_fifo.gl0.rd/rpntr/clk
    SLICE_X2Y45          FDCE                                         r  design_1_i/axi_mem_intercon/m00_couplers/auto_pc/inst/gen_axi4_axi3.axi3_conv_inst/USE_WRITE.write_addr_inst/USE_B_CHANNEL.cmd_b_queue/inst/fifo_gen_inst/inst_fifo_gen/gconvfifo.rf/grf.rf/gntv_or_sync_fifo.gl0.rd/rpntr/gc0.count_reg[2]/C
                         clock pessimism             -0.284     0.977    
    SLICE_X2Y45          FDCE (Remov_fdce_C_CLR)     -0.067     0.910    design_1_i/axi_mem_intercon/m00_couplers/auto_pc/inst/gen_axi4_axi3.axi3_conv_inst/USE_WRITE.write_addr_inst/USE_B_CHANNEL.cmd_b_queue/inst/fifo_gen_inst/inst_fifo_gen/gconvfifo.rf/grf.rf/gntv_or_sync_fifo.gl0.rd/rpntr/gc0.count_reg[2]
  -------------------------------------------------------------------
                         required time                         -0.910    
                         arrival time                           1.561    
  -------------------------------------------------------------------
                         slack                                  0.651    

Slack (MET) :             0.685ns  (arrival time - required time)
  Source:                 design_1_i/axi_mem_intercon/m00_couplers/auto_pc/inst/gen_axi4_axi3.axi3_conv_inst/USE_WRITE.write_addr_inst/USE_BURSTS.cmd_queue/inst/fifo_gen_inst/inst_fifo_gen/gconvfifo.rf/grf.rf/rstblk/ngwrdrst.grst.g7serrst.gnsckt_wrst.gcc_rst.sckt_wr_rst_cc_reg[1]/C
                            (rising edge-triggered cell FDRE clocked by clk_fpga_0  {rise@0.000ns fall@10.000ns period=20.000ns})
  Destination:            design_1_i/axi_mem_intercon/m00_couplers/auto_pc/inst/gen_axi4_axi3.axi3_conv_inst/USE_WRITE.write_addr_inst/USE_BURSTS.cmd_queue/inst/fifo_gen_inst/inst_fifo_gen/gconvfifo.rf/grf.rf/gntv_or_sync_fifo.gl0.wr/wpntr/gcc0.gc0.count_reg[0]/PRE
                            (removal check against rising-edge clock clk_fpga_0  {rise@0.000ns fall@10.000ns period=20.000ns})
  Path Group:             **async_default**
  Path Type:              Removal (Min at Fast Process Corner)
  Requirement:            0.000ns  (clk_fpga_0 rise@0.000ns - clk_fpga_0 rise@0.000ns)
  Data Path Delay:        0.606ns  (logic 0.209ns (34.513%)  route 0.397ns (65.487%))
  Logic Levels:           1  (LUT3=1)
  Clock Path Skew:        0.016ns (DCD - SCD - CPR)
    Destination Clock Delay (DCD):    1.262ns
    Source Clock Delay      (SCD):    0.962ns
    Clock Pessimism Removal (CPR):    0.284ns

    Location             Delay type                Incr(ns)  Path(ns)    Netlist Resource(s)
  -------------------------------------------------------------------    -------------------
                         (clock clk_fpga_0 rise edge)
                                                      0.000     0.000 r  
    PS7_X0Y0             PS7                          0.000     0.000 r  design_1_i/processing_system7_0/inst/PS7_i/FCLKCLK[0]
                         net (fo=1, routed)           0.310     0.310    design_1_i/processing_system7_0/inst/FCLK_CLK_unbuffered[0]
    BUFGCTRL_X0Y16       BUFG (Prop_bufg_I_O)         0.026     0.336 r  design_1_i/processing_system7_0/inst/buffer_fclk_clk_0.FCLK_CLK_0_BUFG/O
                         net (fo=18046, routed)       0.626     0.962    design_1_i/axi_mem_intercon/m00_couplers/auto_pc/inst/gen_axi4_axi3.axi3_conv_inst/USE_WRITE.write_addr_inst/USE_BURSTS.cmd_queue/inst/fifo_gen_inst/inst_fifo_gen/gconvfifo.rf/grf.rf/rstblk/clk
    SLICE_X0Y49          FDRE                                         r  design_1_i/axi_mem_intercon/m00_couplers/auto_pc/inst/gen_axi4_axi3.axi3_conv_inst/USE_WRITE.write_addr_inst/USE_BURSTS.cmd_queue/inst/fifo_gen_inst/inst_fifo_gen/gconvfifo.rf/grf.rf/rstblk/ngwrdrst.grst.g7serrst.gnsckt_wrst.gcc_rst.sckt_wr_rst_cc_reg[1]/C
  -------------------------------------------------------------------    -------------------
    SLICE_X0Y49          FDRE (Prop_fdre_C_Q)         0.164     1.126 f  design_1_i/axi_mem_intercon/m00_couplers/auto_pc/inst/gen_axi4_axi3.axi3_conv_inst/USE_WRITE.write_addr_inst/USE_BURSTS.cmd_queue/inst/fifo_gen_inst/inst_fifo_gen/gconvfifo.rf/grf.rf/rstblk/ngwrdrst.grst.g7serrst.gnsckt_wrst.gcc_rst.sckt_wr_rst_cc_reg[1]/Q
                         net (fo=2, routed)           0.232     1.358    design_1_i/axi_mem_intercon/m00_couplers/auto_pc/inst/gen_axi4_axi3.axi3_conv_inst/USE_WRITE.write_addr_inst/USE_BURSTS.cmd_queue/inst/fifo_gen_inst/inst_fifo_gen/gconvfifo.rf/grf.rf/rstblk/sckt_wr_rst_cc[1]
    SLICE_X0Y49          LUT3 (Prop_lut3_I0_O)        0.045     1.403 f  design_1_i/axi_mem_intercon/m00_couplers/auto_pc/inst/gen_axi4_axi3.axi3_conv_inst/USE_WRITE.write_addr_inst/USE_BURSTS.cmd_queue/inst/fifo_gen_inst/inst_fifo_gen/gconvfifo.rf/grf.rf/rstblk/gpregsm1.curr_fwft_state[1]_i_2/O
                         net (fo=32, routed)          0.164     1.567    design_1_i/axi_mem_intercon/m00_couplers/auto_pc/inst/gen_axi4_axi3.axi3_conv_inst/USE_WRITE.write_addr_inst/USE_BURSTS.cmd_queue/inst/fifo_gen_inst/inst_fifo_gen/gconvfifo.rf/grf.rf/gntv_or_sync_fifo.gl0.wr/wpntr/AR[0]
    SLICE_X1Y48          FDPE                                         f  design_1_i/axi_mem_intercon/m00_couplers/auto_pc/inst/gen_axi4_axi3.axi3_conv_inst/USE_WRITE.write_addr_inst/USE_BURSTS.cmd_queue/inst/fifo_gen_inst/inst_fifo_gen/gconvfifo.rf/grf.rf/gntv_or_sync_fifo.gl0.wr/wpntr/gcc0.gc0.count_reg[0]/PRE
  -------------------------------------------------------------------    -------------------

                         (clock clk_fpga_0 rise edge)
                                                      0.000     0.000 r  
    PS7_X0Y0             PS7                          0.000     0.000 r  design_1_i/processing_system7_0/inst/PS7_i/FCLKCLK[0]
                         net (fo=1, routed)           0.337     0.337    design_1_i/processing_system7_0/inst/FCLK_CLK_unbuffered[0]
    BUFGCTRL_X0Y16       BUFG (Prop_bufg_I_O)         0.029     0.366 r  design_1_i/processing_system7_0/inst/buffer_fclk_clk_0.FCLK_CLK_0_BUFG/O
                         net (fo=18046, routed)       0.896     1.262    design_1_i/axi_mem_intercon/m00_couplers/auto_pc/inst/gen_axi4_axi3.axi3_conv_inst/USE_WRITE.write_addr_inst/USE_BURSTS.cmd_queue/inst/fifo_gen_inst/inst_fifo_gen/gconvfifo.rf/grf.rf/gntv_or_sync_fifo.gl0.wr/wpntr/clk
    SLICE_X1Y48          FDPE                                         r  design_1_i/axi_mem_intercon/m00_couplers/auto_pc/inst/gen_axi4_axi3.axi3_conv_inst/USE_WRITE.write_addr_inst/USE_BURSTS.cmd_queue/inst/fifo_gen_inst/inst_fifo_gen/gconvfifo.rf/grf.rf/gntv_or_sync_fifo.gl0.wr/wpntr/gcc0.gc0.count_reg[0]/C
                         clock pessimism             -0.284     0.978    
    SLICE_X1Y48          FDPE (Remov_fdpe_C_PRE)     -0.095     0.883    design_1_i/axi_mem_intercon/m00_couplers/auto_pc/inst/gen_axi4_axi3.axi3_conv_inst/USE_WRITE.write_addr_inst/USE_BURSTS.cmd_queue/inst/fifo_gen_inst/inst_fifo_gen/gconvfifo.rf/grf.rf/gntv_or_sync_fifo.gl0.wr/wpntr/gcc0.gc0.count_reg[0]
  -------------------------------------------------------------------
                         required time                         -0.883    
                         arrival time                           1.567    
  -------------------------------------------------------------------
                         slack                                  0.685    

Slack (MET) :             0.706ns  (arrival time - required time)
  Source:                 design_1_i/axi_mem_intercon/m00_couplers/auto_pc/inst/gen_axi4_axi3.axi3_conv_inst/USE_READ.USE_SPLIT_R.read_addr_inst/USE_R_CHANNEL.cmd_queue/inst/fifo_gen_inst/inst_fifo_gen/gconvfifo.rf/grf.rf/rstblk/ngwrdrst.grst.g7serrst.gnsckt_wrst.gcc_rst.sckt_wr_rst_cc_reg[1]/C
                            (rising edge-triggered cell FDRE clocked by clk_fpga_0  {rise@0.000ns fall@10.000ns period=20.000ns})
  Destination:            design_1_i/axi_mem_intercon/m00_couplers/auto_pc/inst/gen_axi4_axi3.axi3_conv_inst/USE_READ.USE_SPLIT_R.read_addr_inst/USE_R_CHANNEL.cmd_queue/inst/fifo_gen_inst/inst_fifo_gen/gconvfifo.rf/grf.rf/gntv_or_sync_fifo.gl0.wr/wpntr/gcc0.gc0.count_d1_reg[0]/CLR
                            (removal check against rising-edge clock clk_fpga_0  {rise@0.000ns fall@10.000ns period=20.000ns})
  Path Group:             **async_default**
  Path Type:              Removal (Min at Fast Process Corner)
  Requirement:            0.000ns  (clk_fpga_0 rise@0.000ns - clk_fpga_0 rise@0.000ns)
  Data Path Delay:        0.621ns  (logic 0.226ns (36.410%)  route 0.395ns (63.590%))
  Logic Levels:           1  (LUT3=1)
  Clock Path Skew:        0.007ns (DCD - SCD - CPR)
    Destination Clock Delay (DCD):    1.232ns
    Source Clock Delay      (SCD):    0.962ns
    Clock Pessimism Removal (CPR):    0.263ns

    Location             Delay type                Incr(ns)  Path(ns)    Netlist Resource(s)
  -------------------------------------------------------------------    -------------------
                         (clock clk_fpga_0 rise edge)
                                                      0.000     0.000 r  
    PS7_X0Y0             PS7                          0.000     0.000 r  design_1_i/processing_system7_0/inst/PS7_i/FCLKCLK[0]
                         net (fo=1, routed)           0.310     0.310    design_1_i/processing_system7_0/inst/FCLK_CLK_unbuffered[0]
    BUFGCTRL_X0Y16       BUFG (Prop_bufg_I_O)         0.026     0.336 r  design_1_i/processing_system7_0/inst/buffer_fclk_clk_0.FCLK_CLK_0_BUFG/O
                         net (fo=18046, routed)       0.626     0.962    design_1_i/axi_mem_intercon/m00_couplers/auto_pc/inst/gen_axi4_axi3.axi3_conv_inst/USE_READ.USE_SPLIT_R.read_addr_inst/USE_R_CHANNEL.cmd_queue/inst/fifo_gen_inst/inst_fifo_gen/gconvfifo.rf/grf.rf/rstblk/clk
    SLICE_X7Y48          FDRE                                         r  design_1_i/axi_mem_intercon/m00_couplers/auto_pc/inst/gen_axi4_axi3.axi3_conv_inst/USE_READ.USE_SPLIT_R.read_addr_inst/USE_R_CHANNEL.cmd_queue/inst/fifo_gen_inst/inst_fifo_gen/gconvfifo.rf/grf.rf/rstblk/ngwrdrst.grst.g7serrst.gnsckt_wrst.gcc_rst.sckt_wr_rst_cc_reg[1]/C
  -------------------------------------------------------------------    -------------------
    SLICE_X7Y48          FDRE (Prop_fdre_C_Q)         0.128     1.090 f  design_1_i/axi_mem_intercon/m00_couplers/auto_pc/inst/gen_axi4_axi3.axi3_conv_inst/USE_READ.USE_SPLIT_R.read_addr_inst/USE_R_CHANNEL.cmd_queue/inst/fifo_gen_inst/inst_fifo_gen/gconvfifo.rf/grf.rf/rstblk/ngwrdrst.grst.g7serrst.gnsckt_wrst.gcc_rst.sckt_wr_rst_cc_reg[1]/Q
                         net (fo=1, routed)           0.086     1.175    design_1_i/axi_mem_intercon/m00_couplers/auto_pc/inst/gen_axi4_axi3.axi3_conv_inst/USE_READ.USE_SPLIT_R.read_addr_inst/USE_R_CHANNEL.cmd_queue/inst/fifo_gen_inst/inst_fifo_gen/gconvfifo.rf/grf.rf/rstblk/sckt_wr_rst_cc[1]
    SLICE_X7Y48          LUT3 (Prop_lut3_I0_O)        0.098     1.273 f  design_1_i/axi_mem_intercon/m00_couplers/auto_pc/inst/gen_axi4_axi3.axi3_conv_inst/USE_READ.USE_SPLIT_R.read_addr_inst/USE_R_CHANNEL.cmd_queue/inst/fifo_gen_inst/inst_fifo_gen/gconvfifo.rf/grf.rf/rstblk/gpregsm1.curr_fwft_state[1]_i_2/O
                         net (fo=33, routed)          0.309     1.582    design_1_i/axi_mem_intercon/m00_couplers/auto_pc/inst/gen_axi4_axi3.axi3_conv_inst/USE_READ.USE_SPLIT_R.read_addr_inst/USE_R_CHANNEL.cmd_queue/inst/fifo_gen_inst/inst_fifo_gen/gconvfifo.rf/grf.rf/gntv_or_sync_fifo.gl0.wr/wpntr/gcc0.gc0.count_d1_reg[0]_0
    SLICE_X9Y49          FDCE                                         f  design_1_i/axi_mem_intercon/m00_couplers/auto_pc/inst/gen_axi4_axi3.axi3_conv_inst/USE_READ.USE_SPLIT_R.read_addr_inst/USE_R_CHANNEL.cmd_queue/inst/fifo_gen_inst/inst_fifo_gen/gconvfifo.rf/grf.rf/gntv_or_sync_fifo.gl0.wr/wpntr/gcc0.gc0.count_d1_reg[0]/CLR
  -------------------------------------------------------------------    -------------------

                         (clock clk_fpga_0 rise edge)
                                                      0.000     0.000 r  
    PS7_X0Y0             PS7                          0.000     0.000 r  design_1_i/processing_system7_0/inst/PS7_i/FCLKCLK[0]
                         net (fo=1, routed)           0.337     0.337    design_1_i/processing_system7_0/inst/FCLK_CLK_unbuffered[0]
    BUFGCTRL_X0Y16       BUFG (Prop_bufg_I_O)         0.029     0.366 r  design_1_i/processing_system7_0/inst/buffer_fclk_clk_0.FCLK_CLK_0_BUFG/O
                         net (fo=18046, routed)       0.866     1.232    design_1_i/axi_mem_intercon/m00_couplers/auto_pc/inst/gen_axi4_axi3.axi3_conv_inst/USE_READ.USE_SPLIT_R.read_addr_inst/USE_R_CHANNEL.cmd_queue/inst/fifo_gen_inst/inst_fifo_gen/gconvfifo.rf/grf.rf/gntv_or_sync_fifo.gl0.wr/wpntr/clk
    SLICE_X9Y49          FDCE                                         r  design_1_i/axi_mem_intercon/m00_couplers/auto_pc/inst/gen_axi4_axi3.axi3_conv_inst/USE_READ.USE_SPLIT_R.read_addr_inst/USE_R_CHANNEL.cmd_queue/inst/fifo_gen_inst/inst_fifo_gen/gconvfifo.rf/grf.rf/gntv_or_sync_fifo.gl0.wr/wpntr/gcc0.gc0.count_d1_reg[0]/C
                         clock pessimism             -0.263     0.969    
    SLICE_X9Y49          FDCE (Remov_fdce_C_CLR)     -0.092     0.877    design_1_i/axi_mem_intercon/m00_couplers/auto_pc/inst/gen_axi4_axi3.axi3_conv_inst/USE_READ.USE_SPLIT_R.read_addr_inst/USE_R_CHANNEL.cmd_queue/inst/fifo_gen_inst/inst_fifo_gen/gconvfifo.rf/grf.rf/gntv_or_sync_fifo.gl0.wr/wpntr/gcc0.gc0.count_d1_reg[0]
  -------------------------------------------------------------------
                         required time                         -0.877    
                         arrival time                           1.582    
  -------------------------------------------------------------------
                         slack                                  0.706    





