Copyright 1986-2021 Xilinx, Inc. All Rights Reserved.
-----------------------------------------------------------------------------------------------------------------------------------------------------------------------------------------------------------------------
| Tool Version : Vivado v.2021.1 (lin64) Build 3247384 Thu Jun 10 19:36:07 MDT 2021
| Date         : Fri May  1 19:36:23 2026
| Host         : ielab079 running 64-bit Ubuntu 22.04.5 LTS
| Command      : report_timing_summary -max_paths 10 -file design_1_wrapper_timing_summary_routed.rpt -pb design_1_wrapper_timing_summary_routed.pb -rpx design_1_wrapper_timing_summary_routed.rpx -warn_on_violation
| Design       : design_1_wrapper
| Device       : 7z020-clg400
| Speed File   : -1  PRODUCTION 1.12 2019-11-22
-----------------------------------------------------------------------------------------------------------------------------------------------------------------------------------------------------------------------

Timing Summary Report

------------------------------------------------------------------------------------------------
| Timer Settings
| --------------
------------------------------------------------------------------------------------------------

  Enable Multi Corner Analysis               :  Yes
  Enable Pessimism Removal                   :  Yes
  Pessimism Removal Resolution               :  Nearest Common Node
  Enable Input Delay Default Clock           :  No
  Enable Preset / Clear Arcs                 :  No
  Disable Flight Delays                      :  No
  Ignore I/O Paths                           :  No
  Timing Early Launch at Borrowing Latches   :  No
  Borrow Time for Max Delay Exceptions       :  Yes
  Merge Timing Exceptions                    :  Yes

  Corner  Analyze    Analyze    
  Name    Max Paths  Min Paths  
  ------  ---------  ---------  
  Slow    Yes        Yes        
  Fast    Yes        Yes        


------------------------------------------------------------------------------------------------
| Report Methodology
| ------------------
------------------------------------------------------------------------------------------------

Rule     Severity  Description                   Violations  
-------  --------  ----------------------------  ----------  
LUTAR-1  Warning   LUT drives async reset alert  3           

Note: This report is based on the most recent report_methodology run and may not be up-to-date. Run report_methodology on the current design for the latest report.



check_timing report

Table of Contents
-----------------
1. checking no_clock (0)
2. checking constant_clock (0)
3. checking pulse_width_clock (0)
4. checking unconstrained_internal_endpoints (0)
5. checking no_input_delay (0)
6. checking no_output_delay (0)
7. checking multiple_clock (0)
8. checking generated_clocks (0)
9. checking loops (0)
10. checking partial_input_delay (0)
11. checking partial_output_delay (0)
12. checking latch_loops (0)

1. checking no_clock (0)
------------------------
 There are 0 register/latch pins with no clock.


2. checking constant_clock (0)
------------------------------
 There are 0 register/latch pins with constant_clock.


3. checking pulse_width_clock (0)
---------------------------------
 There are 0 register/latch pins which need pulse_width check


4. checking unconstrained_internal_endpoints (0)
------------------------------------------------
 There are 0 pins that are not constrained for maximum delay.

 There are 0 pins that are not constrained for maximum delay due to constant clock.


5. checking no_input_delay (0)
------------------------------
 There are 0 input ports with no input delay specified.

 There are 0 input ports with no input delay but user has a false path constraint.


6. checking no_output_delay (0)
-------------------------------
 There are 0 ports with no output delay specified.

 There are 0 ports with no output delay but user has a false path constraint

 There are 0 ports with no output delay but with a timing clock defined on it or propagating through it


7. checking multiple_clock (0)
------------------------------
 There are 0 register/latch pins with multiple clocks.


8. checking generated_clocks (0)
--------------------------------
 There are 0 generated clocks that are not connected to a clock source.


9. checking loops (0)
---------------------
 There are 0 combinational loops in the design.


10. checking partial_input_delay (0)
------------------------------------
 There are 0 input ports with partial input delay specified.


11. checking partial_output_delay (0)
-------------------------------------
 There are 0 ports with partial output delay specified.


12. checking latch_loops (0)
----------------------------
 There are 0 combinational latch loops in the design through latch input



------------------------------------------------------------------------------------------------
| Design Timing Summary
| ---------------------
------------------------------------------------------------------------------------------------

    WNS(ns)      TNS(ns)  TNS Failing Endpoints  TNS Total Endpoints      WHS(ns)      THS(ns)  THS Failing Endpoints  THS Total Endpoints     WPWS(ns)     TPWS(ns)  TPWS Failing Endpoints  TPWS Total Endpoints  
    -------      -------  ---------------------  -------------------      -------      -------  ---------------------  -------------------     --------     --------  ----------------------  --------------------  
      5.339        0.000                      0                22979        0.017        0.000                      0                22979        8.750        0.000                       0                  9570  


All user specified timing constraints are met.


------------------------------------------------------------------------------------------------
| Clock Summary
| -------------
------------------------------------------------------------------------------------------------

Clock       Waveform(ns)       Period(ns)      Frequency(MHz)
-----       ------------       ----------      --------------
clk_fpga_0  {0.000 10.000}     20.000          50.000          


------------------------------------------------------------------------------------------------
| Intra Clock Table
| -----------------
------------------------------------------------------------------------------------------------

Clock             WNS(ns)      TNS(ns)  TNS Failing Endpoints  TNS Total Endpoints      WHS(ns)      THS(ns)  THS Failing Endpoints  THS Total Endpoints     WPWS(ns)     TPWS(ns)  TPWS Failing Endpoints  TPWS Total Endpoints  
-----             -------      -------  ---------------------  -------------------      -------      -------  ---------------------  -------------------     --------     --------  ----------------------  --------------------  
clk_fpga_0          5.339        0.000                      0                22883        0.017        0.000                      0                22883        8.750        0.000                       0                  9570  


------------------------------------------------------------------------------------------------
| Inter Clock Table
| -----------------
------------------------------------------------------------------------------------------------

From Clock    To Clock          WNS(ns)      TNS(ns)  TNS Failing Endpoints  TNS Total Endpoints      WHS(ns)      THS(ns)  THS Failing Endpoints  THS Total Endpoints  
----------    --------          -------      -------  ---------------------  -------------------      -------      -------  ---------------------  -------------------  


------------------------------------------------------------------------------------------------
| Other Path Groups Table
| -----------------------
------------------------------------------------------------------------------------------------

Path Group         From Clock         To Clock               WNS(ns)      TNS(ns)  TNS Failing Endpoints  TNS Total Endpoints      WHS(ns)      THS(ns)  THS Failing Endpoints  THS Total Endpoints  
----------         ----------         --------               -------      -------  ---------------------  -------------------      -------      -------  ---------------------  -------------------  
**async_default**  clk_fpga_0         clk_fpga_0              16.154        0.000                      0                   96        0.353        0.000                      0                   96  


------------------------------------------------------------------------------------------------
| Timing Details
| --------------
------------------------------------------------------------------------------------------------


---------------------------------------------------------------------------------------------------
From Clock:  clk_fpga_0
  To Clock:  clk_fpga_0

Setup :            0  Failing Endpoints,  Worst Slack        5.339ns,  Total Violation        0.000ns
Hold  :            0  Failing Endpoints,  Worst Slack        0.017ns,  Total Violation        0.000ns
PW    :            0  Failing Endpoints,  Worst Slack        8.750ns,  Total Violation        0.000ns
---------------------------------------------------------------------------------------------------


Max Delay Paths
--------------------------------------------------------------------------------------
Slack (MET) :             5.339ns  (required time - arrival time)
  Source:                 design_1_i/conv2d_stream_0/inst/grp_conv2d_stream_Pipeline_VITIS_LOOP_66_5_VITIS_LOOP_67_6_fu_205/fmul_32ns_32ns_32_2_max_dsp_1_U32/din0_buf1_reg[22]/C
                            (rising edge-triggered cell FDRE clocked by clk_fpga_0  {rise@0.000ns fall@10.000ns period=20.000ns})
  Destination:            design_1_i/conv2d_stream_0/inst/grp_conv2d_stream_Pipeline_VITIS_LOOP_66_5_VITIS_LOOP_67_6_fu_205/mul92_1_1_reg_1401_pp0_iter19_reg_reg[4]_srl5/D
                            (rising edge-triggered cell SRL16E clocked by clk_fpga_0  {rise@0.000ns fall@10.000ns period=20.000ns})
  Path Group:             clk_fpga_0
  Path Type:              Setup (Max at Slow Process Corner)
  Requirement:            20.000ns  (clk_fpga_0 rise@20.000ns - clk_fpga_0 rise@0.000ns)
  Data Path Delay:        14.012ns  (logic 8.487ns (60.571%)  route 5.525ns (39.429%))
  Logic Levels:           6  (DSP48E1=3 LUT2=1 LUT3=1 LUT6=1)
  Clock Path Skew:        -0.096ns (DCD - SCD + CPR)
    Destination Clock Delay (DCD):    2.735ns = ( 22.736 - 20.000 ) 
    Source Clock Delay      (SCD):    2.960ns
    Clock Pessimism Removal (CPR):    0.129ns
  Clock Uncertainty:      0.302ns  ((TSJ^2 + TIJ^2)^1/2 + DJ) / 2 + PE
    Total System Jitter     (TSJ):    0.071ns
    Total Input Jitter      (TIJ):    0.600ns
    Discrete Jitter          (DJ):    0.000ns
    Phase Error              (PE):    0.000ns

    Location             Delay type                Incr(ns)  Path(ns)    Netlist Resource(s)
  -------------------------------------------------------------------    -------------------
                         (clock clk_fpga_0 rise edge)
                                                      0.000     0.000 r  
    PS7_X0Y0             PS7                          0.000     0.000 r  design_1_i/processing_system7_0/inst/PS7_i/FCLKCLK[0]
                         net (fo=1, routed)           1.193     1.193    design_1_i/processing_system7_0/inst/FCLK_CLK_unbuffered[0]
    BUFGCTRL_X0Y16       BUFG (Prop_bufg_I_O)         0.101     1.294 r  design_1_i/processing_system7_0/inst/buffer_fclk_clk_0.FCLK_CLK_0_BUFG/O
                         net (fo=9595, routed)        1.666     2.960    design_1_i/conv2d_stream_0/inst/grp_conv2d_stream_Pipeline_VITIS_LOOP_66_5_VITIS_LOOP_67_6_fu_205/fmul_32ns_32ns_32_2_max_dsp_1_U32/ap_clk
    SLICE_X48Y42         FDRE                                         r  design_1_i/conv2d_stream_0/inst/grp_conv2d_stream_Pipeline_VITIS_LOOP_66_5_VITIS_LOOP_67_6_fu_205/fmul_32ns_32ns_32_2_max_dsp_1_U32/din0_buf1_reg[22]/C
  -------------------------------------------------------------------    -------------------
    SLICE_X48Y42         FDRE (Prop_fdre_C_Q)         0.419     3.379 r  design_1_i/conv2d_stream_0/inst/grp_conv2d_stream_Pipeline_VITIS_LOOP_66_5_VITIS_LOOP_67_6_fu_205/fmul_32ns_32ns_32_2_max_dsp_1_U32/din0_buf1_reg[22]/Q
                         net (fo=2, routed)           1.104     4.483    design_1_i/conv2d_stream_0/inst/grp_conv2d_stream_Pipeline_VITIS_LOOP_66_5_VITIS_LOOP_67_6_fu_205/fmul_32ns_32ns_32_2_max_dsp_1_U32/conv2d_stream_fmul_32ns_32ns_32_2_max_dsp_1_ip_u/inst/i_synth/MULT.OP/i_non_prim.MULT/DSP48E1_SPD_SGL_VARIANT.FIX_MULT/DSP1/s_axis_a_tdata[22]
    DSP48_X2Y20          DSP48E1 (Prop_dsp48e1_A[22]_PCOUT[47])
                                                      4.211     8.694 r  design_1_i/conv2d_stream_0/inst/grp_conv2d_stream_Pipeline_VITIS_LOOP_66_5_VITIS_LOOP_67_6_fu_205/fmul_32ns_32ns_32_2_max_dsp_1_U32/conv2d_stream_fmul_32ns_32ns_32_2_max_dsp_1_ip_u/inst/i_synth/MULT.OP/i_non_prim.MULT/DSP48E1_SPD_SGL_VARIANT.FIX_MULT/DSP1/i_no_versal_es1_workaround.DSP/PCOUT[47]
                         net (fo=1, routed)           0.002     8.696    design_1_i/conv2d_stream_0/inst/grp_conv2d_stream_Pipeline_VITIS_LOOP_66_5_VITIS_LOOP_67_6_fu_205/fmul_32ns_32ns_32_2_max_dsp_1_U32/conv2d_stream_fmul_32ns_32ns_32_2_max_dsp_1_ip_u/inst/i_synth/MULT.OP/i_non_prim.MULT/DSP48E1_SPD_SGL_VARIANT.FIX_MULT/DSP2/PCOUT[47]
    DSP48_X2Y21          DSP48E1 (Prop_dsp48e1_PCIN[47]_PCOUT[47])
                                                      1.713    10.409 r  design_1_i/conv2d_stream_0/inst/grp_conv2d_stream_Pipeline_VITIS_LOOP_66_5_VITIS_LOOP_67_6_fu_205/fmul_32ns_32ns_32_2_max_dsp_1_U32/conv2d_stream_fmul_32ns_32ns_32_2_max_dsp_1_ip_u/inst/i_synth/MULT.OP/i_non_prim.MULT/DSP48E1_SPD_SGL_VARIANT.FIX_MULT/DSP2/i_no_versal_es1_workaround.DSP/PCOUT[47]
                         net (fo=1, routed)           0.002    10.411    design_1_i/conv2d_stream_0/inst/grp_conv2d_stream_Pipeline_VITIS_LOOP_66_5_VITIS_LOOP_67_6_fu_205/fmul_32ns_32ns_32_2_max_dsp_1_U32/conv2d_stream_fmul_32ns_32ns_32_2_max_dsp_1_ip_u/inst/i_synth/MULT.OP/i_non_prim.R_AND_R/LAT_OPT.FULL.R_AND_R/DSP48E1_SGL_EXP_IP.OLD_ADD.ADD/RESULT_CASC[47]
    DSP48_X2Y22          DSP48E1 (Prop_dsp48e1_PCIN[47]_P[11])
                                                      1.518    11.929 r  design_1_i/conv2d_stream_0/inst/grp_conv2d_stream_Pipeline_VITIS_LOOP_66_5_VITIS_LOOP_67_6_fu_205/fmul_32ns_32ns_32_2_max_dsp_1_U32/conv2d_stream_fmul_32ns_32ns_32_2_max_dsp_1_ip_u/inst/i_synth/MULT.OP/i_non_prim.R_AND_R/LAT_OPT.FULL.R_AND_R/DSP48E1_SGL_EXP_IP.OLD_ADD.ADD/i_no_versal_es1_workaround.DSP/P[11]
                         net (fo=2, routed)           1.083    13.012    design_1_i/conv2d_stream_0/inst/grp_conv2d_stream_Pipeline_VITIS_LOOP_66_5_VITIS_LOOP_67_6_fu_205/fmul_32ns_32ns_32_2_max_dsp_1_U32/conv2d_stream_fmul_32ns_32ns_32_2_max_dsp_1_ip_u/inst/i_synth/MULT.OP/i_non_prim.MULT/DSP48E1_SPD_SGL_VARIANT.FIX_MULT/DSP2/dout_r_reg[22][4]
    SLICE_X36Y52         LUT6 (Prop_lut6_I0_O)        0.124    13.136 r  design_1_i/conv2d_stream_0/inst/grp_conv2d_stream_Pipeline_VITIS_LOOP_66_5_VITIS_LOOP_67_6_fu_205/fmul_32ns_32ns_32_2_max_dsp_1_U32/conv2d_stream_fmul_32ns_32ns_32_2_max_dsp_1_ip_u/inst/i_synth/MULT.OP/i_non_prim.MULT/DSP48E1_SPD_SGL_VARIANT.FIX_MULT/DSP2/m_axis_result_tdata[4]_INST_0_i_1/O
                         net (fo=1, routed)           1.454    14.590    design_1_i/conv2d_stream_0/inst/grp_conv2d_stream_Pipeline_VITIS_LOOP_66_5_VITIS_LOOP_67_6_fu_205/fmul_32ns_32ns_32_2_max_dsp_1_U32/conv2d_stream_fmul_32ns_32ns_32_2_max_dsp_1_ip_u/inst/i_synth/MULT.OP/i_non_prim.MULT/DSP48E1_SPD_SGL_VARIANT.FIX_MULT/DSP2/m_axis_result_tdata[4]_INST_0_i_1_n_2
    SLICE_X54Y49         LUT2 (Prop_lut2_I0_O)        0.146    14.736 r  design_1_i/conv2d_stream_0/inst/grp_conv2d_stream_Pipeline_VITIS_LOOP_66_5_VITIS_LOOP_67_6_fu_205/fmul_32ns_32ns_32_2_max_dsp_1_U32/conv2d_stream_fmul_32ns_32ns_32_2_max_dsp_1_ip_u/inst/i_synth/MULT.OP/i_non_prim.MULT/DSP48E1_SPD_SGL_VARIANT.FIX_MULT/DSP2/m_axis_result_tdata[4]_INST_0/O
                         net (fo=2, routed)           1.118    15.854    design_1_i/conv2d_stream_0/inst/grp_conv2d_stream_Pipeline_VITIS_LOOP_66_5_VITIS_LOOP_67_6_fu_205/fmul_32ns_32ns_32_2_max_dsp_1_U32/r_tdata[4]
    SLICE_X59Y47         LUT3 (Prop_lut3_I0_O)        0.356    16.210 r  design_1_i/conv2d_stream_0/inst/grp_conv2d_stream_Pipeline_VITIS_LOOP_66_5_VITIS_LOOP_67_6_fu_205/fmul_32ns_32ns_32_2_max_dsp_1_U32/mul92_1_1_reg_1401_pp0_iter19_reg_reg[4]_srl5_i_1/O
                         net (fo=1, routed)           0.762    16.972    design_1_i/conv2d_stream_0/inst/grp_conv2d_stream_Pipeline_VITIS_LOOP_66_5_VITIS_LOOP_67_6_fu_205/grp_fu_464_p2[4]
    SLICE_X62Y44         SRL16E                                       r  design_1_i/conv2d_stream_0/inst/grp_conv2d_stream_Pipeline_VITIS_LOOP_66_5_VITIS_LOOP_67_6_fu_205/mul92_1_1_reg_1401_pp0_iter19_reg_reg[4]_srl5/D
  -------------------------------------------------------------------    -------------------

                         (clock clk_fpga_0 rise edge)
                                                     20.000    20.000 r  
    PS7_X0Y0             PS7                          0.000    20.000 r  design_1_i/processing_system7_0/inst/PS7_i/FCLKCLK[0]
                         net (fo=1, routed)           1.088    21.088    design_1_i/processing_system7_0/inst/FCLK_CLK_unbuffered[0]
    BUFGCTRL_X0Y16       BUFG (Prop_bufg_I_O)         0.091    21.179 r  design_1_i/processing_system7_0/inst/buffer_fclk_clk_0.FCLK_CLK_0_BUFG/O
                         net (fo=9595, routed)        1.556    22.736    design_1_i/conv2d_stream_0/inst/grp_conv2d_stream_Pipeline_VITIS_LOOP_66_5_VITIS_LOOP_67_6_fu_205/ap_clk
    SLICE_X62Y44         SRL16E                                       r  design_1_i/conv2d_stream_0/inst/grp_conv2d_stream_Pipeline_VITIS_LOOP_66_5_VITIS_LOOP_67_6_fu_205/mul92_1_1_reg_1401_pp0_iter19_reg_reg[4]_srl5/CLK
                         clock pessimism              0.129    22.864    
                         clock uncertainty           -0.302    22.562    
    SLICE_X62Y44         SRL16E (Setup_srl16e_CLK_D)
                                                     -0.252    22.310    design_1_i/conv2d_stream_0/inst/grp_conv2d_stream_Pipeline_VITIS_LOOP_66_5_VITIS_LOOP_67_6_fu_205/mul92_1_1_reg_1401_pp0_iter19_reg_reg[4]_srl5
  -------------------------------------------------------------------
                         required time                         22.310    
                         arrival time                         -16.972    
  -------------------------------------------------------------------
                         slack                                  5.339    

Slack (MET) :             5.347ns  (required time - arrival time)
  Source:                 design_1_i/conv2d_stream_0/inst/grp_conv2d_stream_Pipeline_VITIS_LOOP_66_5_VITIS_LOOP_67_6_fu_205/pj_fu_160_reg[3]/C
                            (rising edge-triggered cell FDRE clocked by clk_fpga_0  {rise@0.000ns fall@10.000ns period=20.000ns})
  Destination:            design_1_i/conv2d_stream_0/inst/grp_conv2d_stream_Pipeline_VITIS_LOOP_66_5_VITIS_LOOP_67_6_fu_205/ap_phi_reg_pp0_iter2_new_pixel_2_reg_398_reg[18]/R
                            (rising edge-triggered cell FDRE clocked by clk_fpga_0  {rise@0.000ns fall@10.000ns period=20.000ns})
  Path Group:             clk_fpga_0
  Path Type:              Setup (Max at Slow Process Corner)
  Requirement:            20.000ns  (clk_fpga_0 rise@20.000ns - clk_fpga_0 rise@0.000ns)
  Data Path Delay:        13.670ns  (logic 3.527ns (25.800%)  route 10.143ns (74.200%))
  Logic Levels:           13  (CARRY4=5 LUT3=1 LUT4=1 LUT5=1 LUT6=5)
  Clock Path Skew:        -0.157ns (DCD - SCD + CPR)
    Destination Clock Delay (DCD):    2.672ns = ( 22.673 - 20.000 ) 
    Source Clock Delay      (SCD):    2.944ns
    Clock Pessimism Removal (CPR):    0.115ns
  Clock Uncertainty:      0.302ns  ((TSJ^2 + TIJ^2)^1/2 + DJ) / 2 + PE
    Total System Jitter     (TSJ):    0.071ns
    Total Input Jitter      (TIJ):    0.600ns
    Discrete Jitter          (DJ):    0.000ns
    Phase Error              (PE):    0.000ns

    Location             Delay type                Incr(ns)  Path(ns)    Netlist Resource(s)
  -------------------------------------------------------------------    -------------------
                         (clock clk_fpga_0 rise edge)
                                                      0.000     0.000 r  
    PS7_X0Y0             PS7                          0.000     0.000 r  design_1_i/processing_system7_0/inst/PS7_i/FCLKCLK[0]
                         net (fo=1, routed)           1.193     1.193    design_1_i/processing_system7_0/inst/FCLK_CLK_unbuffered[0]
    BUFGCTRL_X0Y16       BUFG (Prop_bufg_I_O)         0.101     1.294 r  design_1_i/processing_system7_0/inst/buffer_fclk_clk_0.FCLK_CLK_0_BUFG/O
                         net (fo=9595, routed)        1.650     2.944    design_1_i/conv2d_stream_0/inst/grp_conv2d_stream_Pipeline_VITIS_LOOP_66_5_VITIS_LOOP_67_6_fu_205/ap_clk
    SLICE_X48Y53         FDRE                                         r  design_1_i/conv2d_stream_0/inst/grp_conv2d_stream_Pipeline_VITIS_LOOP_66_5_VITIS_LOOP_67_6_fu_205/pj_fu_160_reg[3]/C
  -------------------------------------------------------------------    -------------------
    SLICE_X48Y53         FDRE (Prop_fdre_C_Q)         0.419     3.363 r  design_1_i/conv2d_stream_0/inst/grp_conv2d_stream_Pipeline_VITIS_LOOP_66_5_VITIS_LOOP_67_6_fu_205/pj_fu_160_reg[3]/Q
                         net (fo=10, routed)          1.273     4.636    design_1_i/conv2d_stream_0/inst/grp_conv2d_stream_Pipeline_VITIS_LOOP_66_5_VITIS_LOOP_67_6_fu_205/fmul_32ns_32ns_32_2_max_dsp_1_U34/icmp_ln97_reg_1300_reg[0][3]
    SLICE_X49Y57         LUT6 (Prop_lut6_I0_O)        0.299     4.935 r  design_1_i/conv2d_stream_0/inst/grp_conv2d_stream_Pipeline_VITIS_LOOP_66_5_VITIS_LOOP_67_6_fu_205/fmul_32ns_32ns_32_2_max_dsp_1_U34/ram_reg_i_66/O
                         net (fo=1, routed)           0.000     4.935    design_1_i/conv2d_stream_0/inst/grp_conv2d_stream_Pipeline_VITIS_LOOP_66_5_VITIS_LOOP_67_6_fu_205/fmul_32ns_32ns_32_2_max_dsp_1_U34/ram_reg_i_66_n_2
    SLICE_X49Y57         CARRY4 (Prop_carry4_S[1]_CO[3])
                                                      0.550     5.485 r  design_1_i/conv2d_stream_0/inst/grp_conv2d_stream_Pipeline_VITIS_LOOP_66_5_VITIS_LOOP_67_6_fu_205/fmul_32ns_32ns_32_2_max_dsp_1_U34/ram_reg_i_59/CO[3]
                         net (fo=1, routed)           0.000     5.485    design_1_i/conv2d_stream_0/inst/grp_conv2d_stream_Pipeline_VITIS_LOOP_66_5_VITIS_LOOP_67_6_fu_205/fmul_32ns_32ns_32_2_max_dsp_1_U34/ram_reg_i_59_n_2
    SLICE_X49Y58         CARRY4 (Prop_carry4_CI_CO[3])
                                                      0.114     5.599 r  design_1_i/conv2d_stream_0/inst/grp_conv2d_stream_Pipeline_VITIS_LOOP_66_5_VITIS_LOOP_67_6_fu_205/fmul_32ns_32ns_32_2_max_dsp_1_U34/ram_reg_i_55/CO[3]
                         net (fo=1, routed)           0.000     5.599    design_1_i/conv2d_stream_0/inst/grp_conv2d_stream_Pipeline_VITIS_LOOP_66_5_VITIS_LOOP_67_6_fu_205/fmul_32ns_32ns_32_2_max_dsp_1_U34/ram_reg_i_55_n_2
    SLICE_X49Y59         CARRY4 (Prop_carry4_CI_CO[2])
                                                      0.228     5.827 r  design_1_i/conv2d_stream_0/inst/grp_conv2d_stream_Pipeline_VITIS_LOOP_66_5_VITIS_LOOP_67_6_fu_205/fmul_32ns_32ns_32_2_max_dsp_1_U34/ram_reg_i_53/CO[2]
                         net (fo=37, routed)          0.822     6.649    design_1_i/conv2d_stream_0/inst/grp_conv2d_stream_Pipeline_VITIS_LOOP_66_5_VITIS_LOOP_67_6_fu_205/fmul_32ns_32ns_32_2_max_dsp_1_U34/padded_cols_reg_467_reg[30][0]
    SLICE_X50Y55         LUT5 (Prop_lut5_I2_O)        0.305     6.954 r  design_1_i/conv2d_stream_0/inst/grp_conv2d_stream_Pipeline_VITIS_LOOP_66_5_VITIS_LOOP_67_6_fu_205/fmul_32ns_32ns_32_2_max_dsp_1_U34/icmp_ln97_reg_1300[0]_i_2/O
                         net (fo=5, routed)           0.837     7.791    design_1_i/conv2d_stream_0/inst/grp_conv2d_stream_Pipeline_VITIS_LOOP_66_5_VITIS_LOOP_67_6_fu_205/fmul_32ns_32ns_32_2_max_dsp_1_U34/icmp_ln97_reg_1300[0]_i_2_n_2
    SLICE_X50Y47         LUT6 (Prop_lut6_I0_O)        0.328     8.119 r  design_1_i/conv2d_stream_0/inst/grp_conv2d_stream_Pipeline_VITIS_LOOP_66_5_VITIS_LOOP_67_6_fu_205/fmul_32ns_32ns_32_2_max_dsp_1_U34/icmp_ln97_reg_1300[0]_i_1/O
                         net (fo=27, routed)          0.971     9.090    design_1_i/conv2d_stream_0/inst/grp_conv2d_stream_Pipeline_VITIS_LOOP_66_5_VITIS_LOOP_67_6_fu_205/fmul_32ns_32ns_32_2_max_dsp_1_U34/icmp_ln97_fu_830_p2
    SLICE_X51Y57         LUT3 (Prop_lut3_I0_O)        0.124     9.214 r  design_1_i/conv2d_stream_0/inst/grp_conv2d_stream_Pipeline_VITIS_LOOP_66_5_VITIS_LOOP_67_6_fu_205/fmul_32ns_32ns_32_2_max_dsp_1_U34/ap_phi_reg_pp0_iter2_new_pixel_2_reg_398[31]_i_22/O
                         net (fo=1, routed)           0.000     9.214    design_1_i/conv2d_stream_0/inst/grp_conv2d_stream_Pipeline_VITIS_LOOP_66_5_VITIS_LOOP_67_6_fu_205/fmul_32ns_32ns_32_2_max_dsp_1_U34/ap_phi_reg_pp0_iter2_new_pixel_2_reg_398[31]_i_22_n_2
    SLICE_X51Y57         CARRY4 (Prop_carry4_S[1]_CO[3])
                                                      0.550     9.764 r  design_1_i/conv2d_stream_0/inst/grp_conv2d_stream_Pipeline_VITIS_LOOP_66_5_VITIS_LOOP_67_6_fu_205/fmul_32ns_32ns_32_2_max_dsp_1_U34/ap_phi_reg_pp0_iter2_new_pixel_2_reg_398_reg[31]_i_6/CO[3]
                         net (fo=1, routed)           0.000     9.764    design_1_i/conv2d_stream_0/inst/grp_conv2d_stream_Pipeline_VITIS_LOOP_66_5_VITIS_LOOP_67_6_fu_205/fmul_32ns_32ns_32_2_max_dsp_1_U34/ap_phi_reg_pp0_iter2_new_pixel_2_reg_398_reg[31]_i_6_n_2
    SLICE_X51Y58         CARRY4 (Prop_carry4_CI_CO[3])
                                                      0.114     9.878 f  design_1_i/conv2d_stream_0/inst/grp_conv2d_stream_Pipeline_VITIS_LOOP_66_5_VITIS_LOOP_67_6_fu_205/fmul_32ns_32ns_32_2_max_dsp_1_U34/ap_phi_reg_pp0_iter2_new_pixel_2_reg_398_reg[31]_i_5/CO[3]
                         net (fo=2, routed)           1.330    11.208    design_1_i/conv2d_stream_0/inst/grp_conv2d_stream_Pipeline_VITIS_LOOP_66_5_VITIS_LOOP_67_6_fu_205/fmul_32ns_32ns_32_2_max_dsp_1_U34/cols_read_reg_360_reg[31][0]
    SLICE_X50Y47         LUT6 (Prop_lut6_I5_O)        0.124    11.332 r  design_1_i/conv2d_stream_0/inst/grp_conv2d_stream_Pipeline_VITIS_LOOP_66_5_VITIS_LOOP_67_6_fu_205/fmul_32ns_32ns_32_2_max_dsp_1_U34/ce_r_i_4/O
                         net (fo=1, routed)           0.737    12.069    design_1_i/conv2d_stream_0/inst/grp_conv2d_stream_Pipeline_VITIS_LOOP_66_5_VITIS_LOOP_67_6_fu_205/fmul_32ns_32ns_32_2_max_dsp_1_U34/ce_r_i_4_n_2
    SLICE_X54Y53         LUT6 (Prop_lut6_I1_O)        0.124    12.193 r  design_1_i/conv2d_stream_0/inst/grp_conv2d_stream_Pipeline_VITIS_LOOP_66_5_VITIS_LOOP_67_6_fu_205/fmul_32ns_32ns_32_2_max_dsp_1_U34/ce_r_i_2/O
                         net (fo=34, routed)          0.964    13.158    design_1_i/conv2d_stream_0/inst/grp_conv2d_stream_Pipeline_VITIS_LOOP_66_5_VITIS_LOOP_67_6_fu_205/fmul_32ns_32ns_32_2_max_dsp_1_U34/ce_r_i_8_0
    SLICE_X43Y44         LUT6 (Prop_lut6_I2_O)        0.124    13.282 r  design_1_i/conv2d_stream_0/inst/grp_conv2d_stream_Pipeline_VITIS_LOOP_66_5_VITIS_LOOP_67_6_fu_205/fmul_32ns_32ns_32_2_max_dsp_1_U34/ce_r_i_1/O
                         net (fo=1953, routed)        1.604    14.886    design_1_i/conv2d_stream_0/inst/grp_conv2d_stream_Pipeline_VITIS_LOOP_66_5_VITIS_LOOP_67_6_fu_205/ap_block_pp0_stage0_subdone
    SLICE_X54Y53         LUT4 (Prop_lut4_I2_O)        0.124    15.010 r  design_1_i/conv2d_stream_0/inst/grp_conv2d_stream_Pipeline_VITIS_LOOP_66_5_VITIS_LOOP_67_6_fu_205/ap_phi_reg_pp0_iter2_new_pixel_2_reg_398[31]_i_1/O
                         net (fo=32, routed)          1.605    16.614    design_1_i/conv2d_stream_0/inst/grp_conv2d_stream_Pipeline_VITIS_LOOP_66_5_VITIS_LOOP_67_6_fu_205/ap_phi_reg_pp0_iter2_new_pixel_2_reg_398
    SLICE_X34Y38         FDRE                                         r  design_1_i/conv2d_stream_0/inst/grp_conv2d_stream_Pipeline_VITIS_LOOP_66_5_VITIS_LOOP_67_6_fu_205/ap_phi_reg_pp0_iter2_new_pixel_2_reg_398_reg[18]/R
  -------------------------------------------------------------------    -------------------

                         (clock clk_fpga_0 rise edge)
                                                     20.000    20.000 r  
    PS7_X0Y0             PS7                          0.000    20.000 r  design_1_i/processing_system7_0/inst/PS7_i/FCLKCLK[0]
                         net (fo=1, routed)           1.088    21.088    design_1_i/processing_system7_0/inst/FCLK_CLK_unbuffered[0]
    BUFGCTRL_X0Y16       BUFG (Prop_bufg_I_O)         0.091    21.179 r  design_1_i/processing_system7_0/inst/buffer_fclk_clk_0.FCLK_CLK_0_BUFG/O
                         net (fo=9595, routed)        1.493    22.673    design_1_i/conv2d_stream_0/inst/grp_conv2d_stream_Pipeline_VITIS_LOOP_66_5_VITIS_LOOP_67_6_fu_205/ap_clk
    SLICE_X34Y38         FDRE                                         r  design_1_i/conv2d_stream_0/inst/grp_conv2d_stream_Pipeline_VITIS_LOOP_66_5_VITIS_LOOP_67_6_fu_205/ap_phi_reg_pp0_iter2_new_pixel_2_reg_398_reg[18]/C
                         clock pessimism              0.115    22.787    
                         clock uncertainty           -0.302    22.485    
    SLICE_X34Y38         FDRE (Setup_fdre_C_R)       -0.524    21.961    design_1_i/conv2d_stream_0/inst/grp_conv2d_stream_Pipeline_VITIS_LOOP_66_5_VITIS_LOOP_67_6_fu_205/ap_phi_reg_pp0_iter2_new_pixel_2_reg_398_reg[18]
  -------------------------------------------------------------------
                         required time                         21.961    
                         arrival time                         -16.614    
  -------------------------------------------------------------------
                         slack                                  5.347    

Slack (MET) :             5.347ns  (required time - arrival time)
  Source:                 design_1_i/conv2d_stream_0/inst/grp_conv2d_stream_Pipeline_VITIS_LOOP_66_5_VITIS_LOOP_67_6_fu_205/pj_fu_160_reg[3]/C
                            (rising edge-triggered cell FDRE clocked by clk_fpga_0  {rise@0.000ns fall@10.000ns period=20.000ns})
  Destination:            design_1_i/conv2d_stream_0/inst/grp_conv2d_stream_Pipeline_VITIS_LOOP_66_5_VITIS_LOOP_67_6_fu_205/ap_phi_reg_pp0_iter2_new_pixel_2_reg_398_reg[19]/R
                            (rising edge-triggered cell FDRE clocked by clk_fpga_0  {rise@0.000ns fall@10.000ns period=20.000ns})
  Path Group:             clk_fpga_0
  Path Type:              Setup (Max at Slow Process Corner)
  Requirement:            20.000ns  (clk_fpga_0 rise@20.000ns - clk_fpga_0 rise@0.000ns)
  Data Path Delay:        13.670ns  (logic 3.527ns (25.800%)  route 10.143ns (74.200%))
  Logic Levels:           13  (CARRY4=5 LUT3=1 LUT4=1 LUT5=1 LUT6=5)
  Clock Path Skew:        -0.157ns (DCD - SCD + CPR)
    Destination Clock Delay (DCD):    2.672ns = ( 22.673 - 20.000 ) 
    Source Clock Delay      (SCD):    2.944ns
    Clock Pessimism Removal (CPR):    0.115ns
  Clock Uncertainty:      0.302ns  ((TSJ^2 + TIJ^2)^1/2 + DJ) / 2 + PE
    Total System Jitter     (TSJ):    0.071ns
    Total Input Jitter      (TIJ):    0.600ns
    Discrete Jitter          (DJ):    0.000ns
    Phase Error              (PE):    0.000ns

    Location             Delay type                Incr(ns)  Path(ns)    Netlist Resource(s)
  -------------------------------------------------------------------    -------------------
                         (clock clk_fpga_0 rise edge)
                                                      0.000     0.000 r  
    PS7_X0Y0             PS7                          0.000     0.000 r  design_1_i/processing_system7_0/inst/PS7_i/FCLKCLK[0]
                         net (fo=1, routed)           1.193     1.193    design_1_i/processing_system7_0/inst/FCLK_CLK_unbuffered[0]
    BUFGCTRL_X0Y16       BUFG (Prop_bufg_I_O)         0.101     1.294 r  design_1_i/processing_system7_0/inst/buffer_fclk_clk_0.FCLK_CLK_0_BUFG/O
                         net (fo=9595, routed)        1.650     2.944    design_1_i/conv2d_stream_0/inst/grp_conv2d_stream_Pipeline_VITIS_LOOP_66_5_VITIS_LOOP_67_6_fu_205/ap_clk
    SLICE_X48Y53         FDRE                                         r  design_1_i/conv2d_stream_0/inst/grp_conv2d_stream_Pipeline_VITIS_LOOP_66_5_VITIS_LOOP_67_6_fu_205/pj_fu_160_reg[3]/C
  -------------------------------------------------------------------    -------------------
    SLICE_X48Y53         FDRE (Prop_fdre_C_Q)         0.419     3.363 r  design_1_i/conv2d_stream_0/inst/grp_conv2d_stream_Pipeline_VITIS_LOOP_66_5_VITIS_LOOP_67_6_fu_205/pj_fu_160_reg[3]/Q
                         net (fo=10, routed)          1.273     4.636    design_1_i/conv2d_stream_0/inst/grp_conv2d_stream_Pipeline_VITIS_LOOP_66_5_VITIS_LOOP_67_6_fu_205/fmul_32ns_32ns_32_2_max_dsp_1_U34/icmp_ln97_reg_1300_reg[0][3]
    SLICE_X49Y57         LUT6 (Prop_lut6_I0_O)        0.299     4.935 r  design_1_i/conv2d_stream_0/inst/grp_conv2d_stream_Pipeline_VITIS_LOOP_66_5_VITIS_LOOP_67_6_fu_205/fmul_32ns_32ns_32_2_max_dsp_1_U34/ram_reg_i_66/O
                         net (fo=1, routed)           0.000     4.935    design_1_i/conv2d_stream_0/inst/grp_conv2d_stream_Pipeline_VITIS_LOOP_66_5_VITIS_LOOP_67_6_fu_205/fmul_32ns_32ns_32_2_max_dsp_1_U34/ram_reg_i_66_n_2
    SLICE_X49Y57         CARRY4 (Prop_carry4_S[1]_CO[3])
                                                      0.550     5.485 r  design_1_i/conv2d_stream_0/inst/grp_conv2d_stream_Pipeline_VITIS_LOOP_66_5_VITIS_LOOP_67_6_fu_205/fmul_32ns_32ns_32_2_max_dsp_1_U34/ram_reg_i_59/CO[3]
                         net (fo=1, routed)           0.000     5.485    design_1_i/conv2d_stream_0/inst/grp_conv2d_stream_Pipeline_VITIS_LOOP_66_5_VITIS_LOOP_67_6_fu_205/fmul_32ns_32ns_32_2_max_dsp_1_U34/ram_reg_i_59_n_2
    SLICE_X49Y58         CARRY4 (Prop_carry4_CI_CO[3])
                                                      0.114     5.599 r  design_1_i/conv2d_stream_0/inst/grp_conv2d_stream_Pipeline_VITIS_LOOP_66_5_VITIS_LOOP_67_6_fu_205/fmul_32ns_32ns_32_2_max_dsp_1_U34/ram_reg_i_55/CO[3]
                         net (fo=1, routed)           0.000     5.599    design_1_i/conv2d_stream_0/inst/grp_conv2d_stream_Pipeline_VITIS_LOOP_66_5_VITIS_LOOP_67_6_fu_205/fmul_32ns_32ns_32_2_max_dsp_1_U34/ram_reg_i_55_n_2
    SLICE_X49Y59         CARRY4 (Prop_carry4_CI_CO[2])
                                                      0.228     5.827 r  design_1_i/conv2d_stream_0/inst/grp_conv2d_stream_Pipeline_VITIS_LOOP_66_5_VITIS_LOOP_67_6_fu_205/fmul_32ns_32ns_32_2_max_dsp_1_U34/ram_reg_i_53/CO[2]
                         net (fo=37, routed)          0.822     6.649    design_1_i/conv2d_stream_0/inst/grp_conv2d_stream_Pipeline_VITIS_LOOP_66_5_VITIS_LOOP_67_6_fu_205/fmul_32ns_32ns_32_2_max_dsp_1_U34/padded_cols_reg_467_reg[30][0]
    SLICE_X50Y55         LUT5 (Prop_lut5_I2_O)        0.305     6.954 r  design_1_i/conv2d_stream_0/inst/grp_conv2d_stream_Pipeline_VITIS_LOOP_66_5_VITIS_LOOP_67_6_fu_205/fmul_32ns_32ns_32_2_max_dsp_1_U34/icmp_ln97_reg_1300[0]_i_2/O
                         net (fo=5, routed)           0.837     7.791    design_1_i/conv2d_stream_0/inst/grp_conv2d_stream_Pipeline_VITIS_LOOP_66_5_VITIS_LOOP_67_6_fu_205/fmul_32ns_32ns_32_2_max_dsp_1_U34/icmp_ln97_reg_1300[0]_i_2_n_2
    SLICE_X50Y47         LUT6 (Prop_lut6_I0_O)        0.328     8.119 r  design_1_i/conv2d_stream_0/inst/grp_conv2d_stream_Pipeline_VITIS_LOOP_66_5_VITIS_LOOP_67_6_fu_205/fmul_32ns_32ns_32_2_max_dsp_1_U34/icmp_ln97_reg_1300[0]_i_1/O
                         net (fo=27, routed)          0.971     9.090    design_1_i/conv2d_stream_0/inst/grp_conv2d_stream_Pipeline_VITIS_LOOP_66_5_VITIS_LOOP_67_6_fu_205/fmul_32ns_32ns_32_2_max_dsp_1_U34/icmp_ln97_fu_830_p2
    SLICE_X51Y57         LUT3 (Prop_lut3_I0_O)        0.124     9.214 r  design_1_i/conv2d_stream_0/inst/grp_conv2d_stream_Pipeline_VITIS_LOOP_66_5_VITIS_LOOP_67_6_fu_205/fmul_32ns_32ns_32_2_max_dsp_1_U34/ap_phi_reg_pp0_iter2_new_pixel_2_reg_398[31]_i_22/O
                         net (fo=1, routed)           0.000     9.214    design_1_i/conv2d_stream_0/inst/grp_conv2d_stream_Pipeline_VITIS_LOOP_66_5_VITIS_LOOP_67_6_fu_205/fmul_32ns_32ns_32_2_max_dsp_1_U34/ap_phi_reg_pp0_iter2_new_pixel_2_reg_398[31]_i_22_n_2
    SLICE_X51Y57         CARRY4 (Prop_carry4_S[1]_CO[3])
                                                      0.550     9.764 r  design_1_i/conv2d_stream_0/inst/grp_conv2d_stream_Pipeline_VITIS_LOOP_66_5_VITIS_LOOP_67_6_fu_205/fmul_32ns_32ns_32_2_max_dsp_1_U34/ap_phi_reg_pp0_iter2_new_pixel_2_reg_398_reg[31]_i_6/CO[3]
                         net (fo=1, routed)           0.000     9.764    design_1_i/conv2d_stream_0/inst/grp_conv2d_stream_Pipeline_VITIS_LOOP_66_5_VITIS_LOOP_67_6_fu_205/fmul_32ns_32ns_32_2_max_dsp_1_U34/ap_phi_reg_pp0_iter2_new_pixel_2_reg_398_reg[31]_i_6_n_2
    SLICE_X51Y58         CARRY4 (Prop_carry4_CI_CO[3])
                                                      0.114     9.878 f  design_1_i/conv2d_stream_0/inst/grp_conv2d_stream_Pipeline_VITIS_LOOP_66_5_VITIS_LOOP_67_6_fu_205/fmul_32ns_32ns_32_2_max_dsp_1_U34/ap_phi_reg_pp0_iter2_new_pixel_2_reg_398_reg[31]_i_5/CO[3]
                         net (fo=2, routed)           1.330    11.208    design_1_i/conv2d_stream_0/inst/grp_conv2d_stream_Pipeline_VITIS_LOOP_66_5_VITIS_LOOP_67_6_fu_205/fmul_32ns_32ns_32_2_max_dsp_1_U34/cols_read_reg_360_reg[31][0]
    SLICE_X50Y47         LUT6 (Prop_lut6_I5_O)        0.124    11.332 r  design_1_i/conv2d_stream_0/inst/grp_conv2d_stream_Pipeline_VITIS_LOOP_66_5_VITIS_LOOP_67_6_fu_205/fmul_32ns_32ns_32_2_max_dsp_1_U34/ce_r_i_4/O
                         net (fo=1, routed)           0.737    12.069    design_1_i/conv2d_stream_0/inst/grp_conv2d_stream_Pipeline_VITIS_LOOP_66_5_VITIS_LOOP_67_6_fu_205/fmul_32ns_32ns_32_2_max_dsp_1_U34/ce_r_i_4_n_2
    SLICE_X54Y53         LUT6 (Prop_lut6_I1_O)        0.124    12.193 r  design_1_i/conv2d_stream_0/inst/grp_conv2d_stream_Pipeline_VITIS_LOOP_66_5_VITIS_LOOP_67_6_fu_205/fmul_32ns_32ns_32_2_max_dsp_1_U34/ce_r_i_2/O
                         net (fo=34, routed)          0.964    13.158    design_1_i/conv2d_stream_0/inst/grp_conv2d_stream_Pipeline_VITIS_LOOP_66_5_VITIS_LOOP_67_6_fu_205/fmul_32ns_32ns_32_2_max_dsp_1_U34/ce_r_i_8_0
    SLICE_X43Y44         LUT6 (Prop_lut6_I2_O)        0.124    13.282 r  design_1_i/conv2d_stream_0/inst/grp_conv2d_stream_Pipeline_VITIS_LOOP_66_5_VITIS_LOOP_67_6_fu_205/fmul_32ns_32ns_32_2_max_dsp_1_U34/ce_r_i_1/O
                         net (fo=1953, routed)        1.604    14.886    design_1_i/conv2d_stream_0/inst/grp_conv2d_stream_Pipeline_VITIS_LOOP_66_5_VITIS_LOOP_67_6_fu_205/ap_block_pp0_stage0_subdone
    SLICE_X54Y53         LUT4 (Prop_lut4_I2_O)        0.124    15.010 r  design_1_i/conv2d_stream_0/inst/grp_conv2d_stream_Pipeline_VITIS_LOOP_66_5_VITIS_LOOP_67_6_fu_205/ap_phi_reg_pp0_iter2_new_pixel_2_reg_398[31]_i_1/O
                         net (fo=32, routed)          1.605    16.614    design_1_i/conv2d_stream_0/inst/grp_conv2d_stream_Pipeline_VITIS_LOOP_66_5_VITIS_LOOP_67_6_fu_205/ap_phi_reg_pp0_iter2_new_pixel_2_reg_398
    SLICE_X34Y38         FDRE                                         r  design_1_i/conv2d_stream_0/inst/grp_conv2d_stream_Pipeline_VITIS_LOOP_66_5_VITIS_LOOP_67_6_fu_205/ap_phi_reg_pp0_iter2_new_pixel_2_reg_398_reg[19]/R
  -------------------------------------------------------------------    -------------------

                         (clock clk_fpga_0 rise edge)
                                                     20.000    20.000 r  
    PS7_X0Y0             PS7                          0.000    20.000 r  design_1_i/processing_system7_0/inst/PS7_i/FCLKCLK[0]
                         net (fo=1, routed)           1.088    21.088    design_1_i/processing_system7_0/inst/FCLK_CLK_unbuffered[0]
    BUFGCTRL_X0Y16       BUFG (Prop_bufg_I_O)         0.091    21.179 r  design_1_i/processing_system7_0/inst/buffer_fclk_clk_0.FCLK_CLK_0_BUFG/O
                         net (fo=9595, routed)        1.493    22.673    design_1_i/conv2d_stream_0/inst/grp_conv2d_stream_Pipeline_VITIS_LOOP_66_5_VITIS_LOOP_67_6_fu_205/ap_clk
    SLICE_X34Y38         FDRE                                         r  design_1_i/conv2d_stream_0/inst/grp_conv2d_stream_Pipeline_VITIS_LOOP_66_5_VITIS_LOOP_67_6_fu_205/ap_phi_reg_pp0_iter2_new_pixel_2_reg_398_reg[19]/C
                         clock pessimism              0.115    22.787    
                         clock uncertainty           -0.302    22.485    
    SLICE_X34Y38         FDRE (Setup_fdre_C_R)       -0.524    21.961    design_1_i/conv2d_stream_0/inst/grp_conv2d_stream_Pipeline_VITIS_LOOP_66_5_VITIS_LOOP_67_6_fu_205/ap_phi_reg_pp0_iter2_new_pixel_2_reg_398_reg[19]
  -------------------------------------------------------------------
                         required time                         21.961    
                         arrival time                         -16.614    
  -------------------------------------------------------------------
                         slack                                  5.347    

Slack (MET) :             5.347ns  (required time - arrival time)
  Source:                 design_1_i/conv2d_stream_0/inst/grp_conv2d_stream_Pipeline_VITIS_LOOP_66_5_VITIS_LOOP_67_6_fu_205/pj_fu_160_reg[3]/C
                            (rising edge-triggered cell FDRE clocked by clk_fpga_0  {rise@0.000ns fall@10.000ns period=20.000ns})
  Destination:            design_1_i/conv2d_stream_0/inst/grp_conv2d_stream_Pipeline_VITIS_LOOP_66_5_VITIS_LOOP_67_6_fu_205/ap_phi_reg_pp0_iter2_new_pixel_2_reg_398_reg[22]/R
                            (rising edge-triggered cell FDRE clocked by clk_fpga_0  {rise@0.000ns fall@10.000ns period=20.000ns})
  Path Group:             clk_fpga_0
  Path Type:              Setup (Max at Slow Process Corner)
  Requirement:            20.000ns  (clk_fpga_0 rise@20.000ns - clk_fpga_0 rise@0.000ns)
  Data Path Delay:        13.670ns  (logic 3.527ns (25.800%)  route 10.143ns (74.200%))
  Logic Levels:           13  (CARRY4=5 LUT3=1 LUT4=1 LUT5=1 LUT6=5)
  Clock Path Skew:        -0.157ns (DCD - SCD + CPR)
    Destination Clock Delay (DCD):    2.672ns = ( 22.673 - 20.000 ) 
    Source Clock Delay      (SCD):    2.944ns
    Clock Pessimism Removal (CPR):    0.115ns
  Clock Uncertainty:      0.302ns  ((TSJ^2 + TIJ^2)^1/2 + DJ) / 2 + PE
    Total System Jitter     (TSJ):    0.071ns
    Total Input Jitter      (TIJ):    0.600ns
    Discrete Jitter          (DJ):    0.000ns
    Phase Error              (PE):    0.000ns

    Location             Delay type                Incr(ns)  Path(ns)    Netlist Resource(s)
  -------------------------------------------------------------------    -------------------
                         (clock clk_fpga_0 rise edge)
                                                      0.000     0.000 r  
    PS7_X0Y0             PS7                          0.000     0.000 r  design_1_i/processing_system7_0/inst/PS7_i/FCLKCLK[0]
                         net (fo=1, routed)           1.193     1.193    design_1_i/processing_system7_0/inst/FCLK_CLK_unbuffered[0]
    BUFGCTRL_X0Y16       BUFG (Prop_bufg_I_O)         0.101     1.294 r  design_1_i/processing_system7_0/inst/buffer_fclk_clk_0.FCLK_CLK_0_BUFG/O
                         net (fo=9595, routed)        1.650     2.944    design_1_i/conv2d_stream_0/inst/grp_conv2d_stream_Pipeline_VITIS_LOOP_66_5_VITIS_LOOP_67_6_fu_205/ap_clk
    SLICE_X48Y53         FDRE                                         r  design_1_i/conv2d_stream_0/inst/grp_conv2d_stream_Pipeline_VITIS_LOOP_66_5_VITIS_LOOP_67_6_fu_205/pj_fu_160_reg[3]/C
  -------------------------------------------------------------------    -------------------
    SLICE_X48Y53         FDRE (Prop_fdre_C_Q)         0.419     3.363 r  design_1_i/conv2d_stream_0/inst/grp_conv2d_stream_Pipeline_VITIS_LOOP_66_5_VITIS_LOOP_67_6_fu_205/pj_fu_160_reg[3]/Q
                         net (fo=10, routed)          1.273     4.636    design_1_i/conv2d_stream_0/inst/grp_conv2d_stream_Pipeline_VITIS_LOOP_66_5_VITIS_LOOP_67_6_fu_205/fmul_32ns_32ns_32_2_max_dsp_1_U34/icmp_ln97_reg_1300_reg[0][3]
    SLICE_X49Y57         LUT6 (Prop_lut6_I0_O)        0.299     4.935 r  design_1_i/conv2d_stream_0/inst/grp_conv2d_stream_Pipeline_VITIS_LOOP_66_5_VITIS_LOOP_67_6_fu_205/fmul_32ns_32ns_32_2_max_dsp_1_U34/ram_reg_i_66/O
                         net (fo=1, routed)           0.000     4.935    design_1_i/conv2d_stream_0/inst/grp_conv2d_stream_Pipeline_VITIS_LOOP_66_5_VITIS_LOOP_67_6_fu_205/fmul_32ns_32ns_32_2_max_dsp_1_U34/ram_reg_i_66_n_2
    SLICE_X49Y57         CARRY4 (Prop_carry4_S[1]_CO[3])
                                                      0.550     5.485 r  design_1_i/conv2d_stream_0/inst/grp_conv2d_stream_Pipeline_VITIS_LOOP_66_5_VITIS_LOOP_67_6_fu_205/fmul_32ns_32ns_32_2_max_dsp_1_U34/ram_reg_i_59/CO[3]
                         net (fo=1, routed)           0.000     5.485    design_1_i/conv2d_stream_0/inst/grp_conv2d_stream_Pipeline_VITIS_LOOP_66_5_VITIS_LOOP_67_6_fu_205/fmul_32ns_32ns_32_2_max_dsp_1_U34/ram_reg_i_59_n_2
    SLICE_X49Y58         CARRY4 (Prop_carry4_CI_CO[3])
                                                      0.114     5.599 r  design_1_i/conv2d_stream_0/inst/grp_conv2d_stream_Pipeline_VITIS_LOOP_66_5_VITIS_LOOP_67_6_fu_205/fmul_32ns_32ns_32_2_max_dsp_1_U34/ram_reg_i_55/CO[3]
                         net (fo=1, routed)           0.000     5.599    design_1_i/conv2d_stream_0/inst/grp_conv2d_stream_Pipeline_VITIS_LOOP_66_5_VITIS_LOOP_67_6_fu_205/fmul_32ns_32ns_32_2_max_dsp_1_U34/ram_reg_i_55_n_2
    SLICE_X49Y59         CARRY4 (Prop_carry4_CI_CO[2])
                                                      0.228     5.827 r  design_1_i/conv2d_stream_0/inst/grp_conv2d_stream_Pipeline_VITIS_LOOP_66_5_VITIS_LOOP_67_6_fu_205/fmul_32ns_32ns_32_2_max_dsp_1_U34/ram_reg_i_53/CO[2]
                         net (fo=37, routed)          0.822     6.649    design_1_i/conv2d_stream_0/inst/grp_conv2d_stream_Pipeline_VITIS_LOOP_66_5_VITIS_LOOP_67_6_fu_205/fmul_32ns_32ns_32_2_max_dsp_1_U34/padded_cols_reg_467_reg[30][0]
    SLICE_X50Y55         LUT5 (Prop_lut5_I2_O)        0.305     6.954 r  design_1_i/conv2d_stream_0/inst/grp_conv2d_stream_Pipeline_VITIS_LOOP_66_5_VITIS_LOOP_67_6_fu_205/fmul_32ns_32ns_32_2_max_dsp_1_U34/icmp_ln97_reg_1300[0]_i_2/O
                         net (fo=5, routed)           0.837     7.791    design_1_i/conv2d_stream_0/inst/grp_conv2d_stream_Pipeline_VITIS_LOOP_66_5_VITIS_LOOP_67_6_fu_205/fmul_32ns_32ns_32_2_max_dsp_1_U34/icmp_ln97_reg_1300[0]_i_2_n_2
    SLICE_X50Y47         LUT6 (Prop_lut6_I0_O)        0.328     8.119 r  design_1_i/conv2d_stream_0/inst/grp_conv2d_stream_Pipeline_VITIS_LOOP_66_5_VITIS_LOOP_67_6_fu_205/fmul_32ns_32ns_32_2_max_dsp_1_U34/icmp_ln97_reg_1300[0]_i_1/O
                         net (fo=27, routed)          0.971     9.090    design_1_i/conv2d_stream_0/inst/grp_conv2d_stream_Pipeline_VITIS_LOOP_66_5_VITIS_LOOP_67_6_fu_205/fmul_32ns_32ns_32_2_max_dsp_1_U34/icmp_ln97_fu_830_p2
    SLICE_X51Y57         LUT3 (Prop_lut3_I0_O)        0.124     9.214 r  design_1_i/conv2d_stream_0/inst/grp_conv2d_stream_Pipeline_VITIS_LOOP_66_5_VITIS_LOOP_67_6_fu_205/fmul_32ns_32ns_32_2_max_dsp_1_U34/ap_phi_reg_pp0_iter2_new_pixel_2_reg_398[31]_i_22/O
                         net (fo=1, routed)           0.000     9.214    design_1_i/conv2d_stream_0/inst/grp_conv2d_stream_Pipeline_VITIS_LOOP_66_5_VITIS_LOOP_67_6_fu_205/fmul_32ns_32ns_32_2_max_dsp_1_U34/ap_phi_reg_pp0_iter2_new_pixel_2_reg_398[31]_i_22_n_2
    SLICE_X51Y57         CARRY4 (Prop_carry4_S[1]_CO[3])
                                                      0.550     9.764 r  design_1_i/conv2d_stream_0/inst/grp_conv2d_stream_Pipeline_VITIS_LOOP_66_5_VITIS_LOOP_67_6_fu_205/fmul_32ns_32ns_32_2_max_dsp_1_U34/ap_phi_reg_pp0_iter2_new_pixel_2_reg_398_reg[31]_i_6/CO[3]
                         net (fo=1, routed)           0.000     9.764    design_1_i/conv2d_stream_0/inst/grp_conv2d_stream_Pipeline_VITIS_LOOP_66_5_VITIS_LOOP_67_6_fu_205/fmul_32ns_32ns_32_2_max_dsp_1_U34/ap_phi_reg_pp0_iter2_new_pixel_2_reg_398_reg[31]_i_6_n_2
    SLICE_X51Y58         CARRY4 (Prop_carry4_CI_CO[3])
                                                      0.114     9.878 f  design_1_i/conv2d_stream_0/inst/grp_conv2d_stream_Pipeline_VITIS_LOOP_66_5_VITIS_LOOP_67_6_fu_205/fmul_32ns_32ns_32_2_max_dsp_1_U34/ap_phi_reg_pp0_iter2_new_pixel_2_reg_398_reg[31]_i_5/CO[3]
                         net (fo=2, routed)           1.330    11.208    design_1_i/conv2d_stream_0/inst/grp_conv2d_stream_Pipeline_VITIS_LOOP_66_5_VITIS_LOOP_67_6_fu_205/fmul_32ns_32ns_32_2_max_dsp_1_U34/cols_read_reg_360_reg[31][0]
    SLICE_X50Y47         LUT6 (Prop_lut6_I5_O)        0.124    11.332 r  design_1_i/conv2d_stream_0/inst/grp_conv2d_stream_Pipeline_VITIS_LOOP_66_5_VITIS_LOOP_67_6_fu_205/fmul_32ns_32ns_32_2_max_dsp_1_U34/ce_r_i_4/O
                         net (fo=1, routed)           0.737    12.069    design_1_i/conv2d_stream_0/inst/grp_conv2d_stream_Pipeline_VITIS_LOOP_66_5_VITIS_LOOP_67_6_fu_205/fmul_32ns_32ns_32_2_max_dsp_1_U34/ce_r_i_4_n_2
    SLICE_X54Y53         LUT6 (Prop_lut6_I1_O)        0.124    12.193 r  design_1_i/conv2d_stream_0/inst/grp_conv2d_stream_Pipeline_VITIS_LOOP_66_5_VITIS_LOOP_67_6_fu_205/fmul_32ns_32ns_32_2_max_dsp_1_U34/ce_r_i_2/O
                         net (fo=34, routed)          0.964    13.158    design_1_i/conv2d_stream_0/inst/grp_conv2d_stream_Pipeline_VITIS_LOOP_66_5_VITIS_LOOP_67_6_fu_205/fmul_32ns_32ns_32_2_max_dsp_1_U34/ce_r_i_8_0
    SLICE_X43Y44         LUT6 (Prop_lut6_I2_O)        0.124    13.282 r  design_1_i/conv2d_stream_0/inst/grp_conv2d_stream_Pipeline_VITIS_LOOP_66_5_VITIS_LOOP_67_6_fu_205/fmul_32ns_32ns_32_2_max_dsp_1_U34/ce_r_i_1/O
                         net (fo=1953, routed)        1.604    14.886    design_1_i/conv2d_stream_0/inst/grp_conv2d_stream_Pipeline_VITIS_LOOP_66_5_VITIS_LOOP_67_6_fu_205/ap_block_pp0_stage0_subdone
    SLICE_X54Y53         LUT4 (Prop_lut4_I2_O)        0.124    15.010 r  design_1_i/conv2d_stream_0/inst/grp_conv2d_stream_Pipeline_VITIS_LOOP_66_5_VITIS_LOOP_67_6_fu_205/ap_phi_reg_pp0_iter2_new_pixel_2_reg_398[31]_i_1/O
                         net (fo=32, routed)          1.605    16.614    design_1_i/conv2d_stream_0/inst/grp_conv2d_stream_Pipeline_VITIS_LOOP_66_5_VITIS_LOOP_67_6_fu_205/ap_phi_reg_pp0_iter2_new_pixel_2_reg_398
    SLICE_X34Y38         FDRE                                         r  design_1_i/conv2d_stream_0/inst/grp_conv2d_stream_Pipeline_VITIS_LOOP_66_5_VITIS_LOOP_67_6_fu_205/ap_phi_reg_pp0_iter2_new_pixel_2_reg_398_reg[22]/R
  -------------------------------------------------------------------    -------------------

                         (clock clk_fpga_0 rise edge)
                                                     20.000    20.000 r  
    PS7_X0Y0             PS7                          0.000    20.000 r  design_1_i/processing_system7_0/inst/PS7_i/FCLKCLK[0]
                         net (fo=1, routed)           1.088    21.088    design_1_i/processing_system7_0/inst/FCLK_CLK_unbuffered[0]
    BUFGCTRL_X0Y16       BUFG (Prop_bufg_I_O)         0.091    21.179 r  design_1_i/processing_system7_0/inst/buffer_fclk_clk_0.FCLK_CLK_0_BUFG/O
                         net (fo=9595, routed)        1.493    22.673    design_1_i/conv2d_stream_0/inst/grp_conv2d_stream_Pipeline_VITIS_LOOP_66_5_VITIS_LOOP_67_6_fu_205/ap_clk
    SLICE_X34Y38         FDRE                                         r  design_1_i/conv2d_stream_0/inst/grp_conv2d_stream_Pipeline_VITIS_LOOP_66_5_VITIS_LOOP_67_6_fu_205/ap_phi_reg_pp0_iter2_new_pixel_2_reg_398_reg[22]/C
                         clock pessimism              0.115    22.787    
                         clock uncertainty           -0.302    22.485    
    SLICE_X34Y38         FDRE (Setup_fdre_C_R)       -0.524    21.961    design_1_i/conv2d_stream_0/inst/grp_conv2d_stream_Pipeline_VITIS_LOOP_66_5_VITIS_LOOP_67_6_fu_205/ap_phi_reg_pp0_iter2_new_pixel_2_reg_398_reg[22]
  -------------------------------------------------------------------
                         required time                         21.961    
                         arrival time                         -16.614    
  -------------------------------------------------------------------
                         slack                                  5.347    

Slack (MET) :             5.347ns  (required time - arrival time)
  Source:                 design_1_i/conv2d_stream_0/inst/grp_conv2d_stream_Pipeline_VITIS_LOOP_66_5_VITIS_LOOP_67_6_fu_205/pj_fu_160_reg[3]/C
                            (rising edge-triggered cell FDRE clocked by clk_fpga_0  {rise@0.000ns fall@10.000ns period=20.000ns})
  Destination:            design_1_i/conv2d_stream_0/inst/grp_conv2d_stream_Pipeline_VITIS_LOOP_66_5_VITIS_LOOP_67_6_fu_205/ap_phi_reg_pp0_iter2_new_pixel_2_reg_398_reg[2]/R
                            (rising edge-triggered cell FDRE clocked by clk_fpga_0  {rise@0.000ns fall@10.000ns period=20.000ns})
  Path Group:             clk_fpga_0
  Path Type:              Setup (Max at Slow Process Corner)
  Requirement:            20.000ns  (clk_fpga_0 rise@20.000ns - clk_fpga_0 rise@0.000ns)
  Data Path Delay:        13.670ns  (logic 3.527ns (25.800%)  route 10.143ns (74.200%))
  Logic Levels:           13  (CARRY4=5 LUT3=1 LUT4=1 LUT5=1 LUT6=5)
  Clock Path Skew:        -0.157ns (DCD - SCD + CPR)
    Destination Clock Delay (DCD):    2.672ns = ( 22.673 - 20.000 ) 
    Source Clock Delay      (SCD):    2.944ns
    Clock Pessimism Removal (CPR):    0.115ns
  Clock Uncertainty:      0.302ns  ((TSJ^2 + TIJ^2)^1/2 + DJ) / 2 + PE
    Total System Jitter     (TSJ):    0.071ns
    Total Input Jitter      (TIJ):    0.600ns
    Discrete Jitter          (DJ):    0.000ns
    Phase Error              (PE):    0.000ns

    Location             Delay type                Incr(ns)  Path(ns)    Netlist Resource(s)
  -------------------------------------------------------------------    -------------------
                         (clock clk_fpga_0 rise edge)
                                                      0.000     0.000 r  
    PS7_X0Y0             PS7                          0.000     0.000 r  design_1_i/processing_system7_0/inst/PS7_i/FCLKCLK[0]
                         net (fo=1, routed)           1.193     1.193    design_1_i/processing_system7_0/inst/FCLK_CLK_unbuffered[0]
    BUFGCTRL_X0Y16       BUFG (Prop_bufg_I_O)         0.101     1.294 r  design_1_i/processing_system7_0/inst/buffer_fclk_clk_0.FCLK_CLK_0_BUFG/O
                         net (fo=9595, routed)        1.650     2.944    design_1_i/conv2d_stream_0/inst/grp_conv2d_stream_Pipeline_VITIS_LOOP_66_5_VITIS_LOOP_67_6_fu_205/ap_clk
    SLICE_X48Y53         FDRE                                         r  design_1_i/conv2d_stream_0/inst/grp_conv2d_stream_Pipeline_VITIS_LOOP_66_5_VITIS_LOOP_67_6_fu_205/pj_fu_160_reg[3]/C
  -------------------------------------------------------------------    -------------------
    SLICE_X48Y53         FDRE (Prop_fdre_C_Q)         0.419     3.363 r  design_1_i/conv2d_stream_0/inst/grp_conv2d_stream_Pipeline_VITIS_LOOP_66_5_VITIS_LOOP_67_6_fu_205/pj_fu_160_reg[3]/Q
                         net (fo=10, routed)          1.273     4.636    design_1_i/conv2d_stream_0/inst/grp_conv2d_stream_Pipeline_VITIS_LOOP_66_5_VITIS_LOOP_67_6_fu_205/fmul_32ns_32ns_32_2_max_dsp_1_U34/icmp_ln97_reg_1300_reg[0][3]
    SLICE_X49Y57         LUT6 (Prop_lut6_I0_O)        0.299     4.935 r  design_1_i/conv2d_stream_0/inst/grp_conv2d_stream_Pipeline_VITIS_LOOP_66_5_VITIS_LOOP_67_6_fu_205/fmul_32ns_32ns_32_2_max_dsp_1_U34/ram_reg_i_66/O
                         net (fo=1, routed)           0.000     4.935    design_1_i/conv2d_stream_0/inst/grp_conv2d_stream_Pipeline_VITIS_LOOP_66_5_VITIS_LOOP_67_6_fu_205/fmul_32ns_32ns_32_2_max_dsp_1_U34/ram_reg_i_66_n_2
    SLICE_X49Y57         CARRY4 (Prop_carry4_S[1]_CO[3])
                                                      0.550     5.485 r  design_1_i/conv2d_stream_0/inst/grp_conv2d_stream_Pipeline_VITIS_LOOP_66_5_VITIS_LOOP_67_6_fu_205/fmul_32ns_32ns_32_2_max_dsp_1_U34/ram_reg_i_59/CO[3]
                         net (fo=1, routed)           0.000     5.485    design_1_i/conv2d_stream_0/inst/grp_conv2d_stream_Pipeline_VITIS_LOOP_66_5_VITIS_LOOP_67_6_fu_205/fmul_32ns_32ns_32_2_max_dsp_1_U34/ram_reg_i_59_n_2
    SLICE_X49Y58         CARRY4 (Prop_carry4_CI_CO[3])
                                                      0.114     5.599 r  design_1_i/conv2d_stream_0/inst/grp_conv2d_stream_Pipeline_VITIS_LOOP_66_5_VITIS_LOOP_67_6_fu_205/fmul_32ns_32ns_32_2_max_dsp_1_U34/ram_reg_i_55/CO[3]
                         net (fo=1, routed)           0.000     5.599    design_1_i/conv2d_stream_0/inst/grp_conv2d_stream_Pipeline_VITIS_LOOP_66_5_VITIS_LOOP_67_6_fu_205/fmul_32ns_32ns_32_2_max_dsp_1_U34/ram_reg_i_55_n_2
    SLICE_X49Y59         CARRY4 (Prop_carry4_CI_CO[2])
                                                      0.228     5.827 r  design_1_i/conv2d_stream_0/inst/grp_conv2d_stream_Pipeline_VITIS_LOOP_66_5_VITIS_LOOP_67_6_fu_205/fmul_32ns_32ns_32_2_max_dsp_1_U34/ram_reg_i_53/CO[2]
                         net (fo=37, routed)          0.822     6.649    design_1_i/conv2d_stream_0/inst/grp_conv2d_stream_Pipeline_VITIS_LOOP_66_5_VITIS_LOOP_67_6_fu_205/fmul_32ns_32ns_32_2_max_dsp_1_U34/padded_cols_reg_467_reg[30][0]
    SLICE_X50Y55         LUT5 (Prop_lut5_I2_O)        0.305     6.954 r  design_1_i/conv2d_stream_0/inst/grp_conv2d_stream_Pipeline_VITIS_LOOP_66_5_VITIS_LOOP_67_6_fu_205/fmul_32ns_32ns_32_2_max_dsp_1_U34/icmp_ln97_reg_1300[0]_i_2/O
                         net (fo=5, routed)           0.837     7.791    design_1_i/conv2d_stream_0/inst/grp_conv2d_stream_Pipeline_VITIS_LOOP_66_5_VITIS_LOOP_67_6_fu_205/fmul_32ns_32ns_32_2_max_dsp_1_U34/icmp_ln97_reg_1300[0]_i_2_n_2
    SLICE_X50Y47         LUT6 (Prop_lut6_I0_O)        0.328     8.119 r  design_1_i/conv2d_stream_0/inst/grp_conv2d_stream_Pipeline_VITIS_LOOP_66_5_VITIS_LOOP_67_6_fu_205/fmul_32ns_32ns_32_2_max_dsp_1_U34/icmp_ln97_reg_1300[0]_i_1/O
                         net (fo=27, routed)          0.971     9.090    design_1_i/conv2d_stream_0/inst/grp_conv2d_stream_Pipeline_VITIS_LOOP_66_5_VITIS_LOOP_67_6_fu_205/fmul_32ns_32ns_32_2_max_dsp_1_U34/icmp_ln97_fu_830_p2
    SLICE_X51Y57         LUT3 (Prop_lut3_I0_O)        0.124     9.214 r  design_1_i/conv2d_stream_0/inst/grp_conv2d_stream_Pipeline_VITIS_LOOP_66_5_VITIS_LOOP_67_6_fu_205/fmul_32ns_32ns_32_2_max_dsp_1_U34/ap_phi_reg_pp0_iter2_new_pixel_2_reg_398[31]_i_22/O
                         net (fo=1, routed)           0.000     9.214    design_1_i/conv2d_stream_0/inst/grp_conv2d_stream_Pipeline_VITIS_LOOP_66_5_VITIS_LOOP_67_6_fu_205/fmul_32ns_32ns_32_2_max_dsp_1_U34/ap_phi_reg_pp0_iter2_new_pixel_2_reg_398[31]_i_22_n_2
    SLICE_X51Y57         CARRY4 (Prop_carry4_S[1]_CO[3])
                                                      0.550     9.764 r  design_1_i/conv2d_stream_0/inst/grp_conv2d_stream_Pipeline_VITIS_LOOP_66_5_VITIS_LOOP_67_6_fu_205/fmul_32ns_32ns_32_2_max_dsp_1_U34/ap_phi_reg_pp0_iter2_new_pixel_2_reg_398_reg[31]_i_6/CO[3]
                         net (fo=1, routed)           0.000     9.764    design_1_i/conv2d_stream_0/inst/grp_conv2d_stream_Pipeline_VITIS_LOOP_66_5_VITIS_LOOP_67_6_fu_205/fmul_32ns_32ns_32_2_max_dsp_1_U34/ap_phi_reg_pp0_iter2_new_pixel_2_reg_398_reg[31]_i_6_n_2
    SLICE_X51Y58         CARRY4 (Prop_carry4_CI_CO[3])
                                                      0.114     9.878 f  design_1_i/conv2d_stream_0/inst/grp_conv2d_stream_Pipeline_VITIS_LOOP_66_5_VITIS_LOOP_67_6_fu_205/fmul_32ns_32ns_32_2_max_dsp_1_U34/ap_phi_reg_pp0_iter2_new_pixel_2_reg_398_reg[31]_i_5/CO[3]
                         net (fo=2, routed)           1.330    11.208    design_1_i/conv2d_stream_0/inst/grp_conv2d_stream_Pipeline_VITIS_LOOP_66_5_VITIS_LOOP_67_6_fu_205/fmul_32ns_32ns_32_2_max_dsp_1_U34/cols_read_reg_360_reg[31][0]
    SLICE_X50Y47         LUT6 (Prop_lut6_I5_O)        0.124    11.332 r  design_1_i/conv2d_stream_0/inst/grp_conv2d_stream_Pipeline_VITIS_LOOP_66_5_VITIS_LOOP_67_6_fu_205/fmul_32ns_32ns_32_2_max_dsp_1_U34/ce_r_i_4/O
                         net (fo=1, routed)           0.737    12.069    design_1_i/conv2d_stream_0/inst/grp_conv2d_stream_Pipeline_VITIS_LOOP_66_5_VITIS_LOOP_67_6_fu_205/fmul_32ns_32ns_32_2_max_dsp_1_U34/ce_r_i_4_n_2
    SLICE_X54Y53         LUT6 (Prop_lut6_I1_O)        0.124    12.193 r  design_1_i/conv2d_stream_0/inst/grp_conv2d_stream_Pipeline_VITIS_LOOP_66_5_VITIS_LOOP_67_6_fu_205/fmul_32ns_32ns_32_2_max_dsp_1_U34/ce_r_i_2/O
                         net (fo=34, routed)          0.964    13.158    design_1_i/conv2d_stream_0/inst/grp_conv2d_stream_Pipeline_VITIS_LOOP_66_5_VITIS_LOOP_67_6_fu_205/fmul_32ns_32ns_32_2_max_dsp_1_U34/ce_r_i_8_0
    SLICE_X43Y44         LUT6 (Prop_lut6_I2_O)        0.124    13.282 r  design_1_i/conv2d_stream_0/inst/grp_conv2d_stream_Pipeline_VITIS_LOOP_66_5_VITIS_LOOP_67_6_fu_205/fmul_32ns_32ns_32_2_max_dsp_1_U34/ce_r_i_1/O
                         net (fo=1953, routed)        1.604    14.886    design_1_i/conv2d_stream_0/inst/grp_conv2d_stream_Pipeline_VITIS_LOOP_66_5_VITIS_LOOP_67_6_fu_205/ap_block_pp0_stage0_subdone
    SLICE_X54Y53         LUT4 (Prop_lut4_I2_O)        0.124    15.010 r  design_1_i/conv2d_stream_0/inst/grp_conv2d_stream_Pipeline_VITIS_LOOP_66_5_VITIS_LOOP_67_6_fu_205/ap_phi_reg_pp0_iter2_new_pixel_2_reg_398[31]_i_1/O
                         net (fo=32, routed)          1.605    16.614    design_1_i/conv2d_stream_0/inst/grp_conv2d_stream_Pipeline_VITIS_LOOP_66_5_VITIS_LOOP_67_6_fu_205/ap_phi_reg_pp0_iter2_new_pixel_2_reg_398
    SLICE_X34Y38         FDRE                                         r  design_1_i/conv2d_stream_0/inst/grp_conv2d_stream_Pipeline_VITIS_LOOP_66_5_VITIS_LOOP_67_6_fu_205/ap_phi_reg_pp0_iter2_new_pixel_2_reg_398_reg[2]/R
  -------------------------------------------------------------------    -------------------

                         (clock clk_fpga_0 rise edge)
                                                     20.000    20.000 r  
    PS7_X0Y0             PS7                          0.000    20.000 r  design_1_i/processing_system7_0/inst/PS7_i/FCLKCLK[0]
                         net (fo=1, routed)           1.088    21.088    design_1_i/processing_system7_0/inst/FCLK_CLK_unbuffered[0]
    BUFGCTRL_X0Y16       BUFG (Prop_bufg_I_O)         0.091    21.179 r  design_1_i/processing_system7_0/inst/buffer_fclk_clk_0.FCLK_CLK_0_BUFG/O
                         net (fo=9595, routed)        1.493    22.673    design_1_i/conv2d_stream_0/inst/grp_conv2d_stream_Pipeline_VITIS_LOOP_66_5_VITIS_LOOP_67_6_fu_205/ap_clk
    SLICE_X34Y38         FDRE                                         r  design_1_i/conv2d_stream_0/inst/grp_conv2d_stream_Pipeline_VITIS_LOOP_66_5_VITIS_LOOP_67_6_fu_205/ap_phi_reg_pp0_iter2_new_pixel_2_reg_398_reg[2]/C
                         clock pessimism              0.115    22.787    
                         clock uncertainty           -0.302    22.485    
    SLICE_X34Y38         FDRE (Setup_fdre_C_R)       -0.524    21.961    design_1_i/conv2d_stream_0/inst/grp_conv2d_stream_Pipeline_VITIS_LOOP_66_5_VITIS_LOOP_67_6_fu_205/ap_phi_reg_pp0_iter2_new_pixel_2_reg_398_reg[2]
  -------------------------------------------------------------------
                         required time                         21.961    
                         arrival time                         -16.614    
  -------------------------------------------------------------------
                         slack                                  5.347    

Slack (MET) :             5.368ns  (required time - arrival time)
  Source:                 design_1_i/conv2d_stream_0/inst/grp_conv2d_stream_Pipeline_VITIS_LOOP_66_5_VITIS_LOOP_67_6_fu_205/pj_fu_160_reg[3]/C
                            (rising edge-triggered cell FDRE clocked by clk_fpga_0  {rise@0.000ns fall@10.000ns period=20.000ns})
  Destination:            design_1_i/conv2d_stream_0/inst/grp_conv2d_stream_Pipeline_VITIS_LOOP_66_5_VITIS_LOOP_67_6_fu_205/ap_phi_reg_pp0_iter2_new_pixel_2_reg_398_reg[0]/R
                            (rising edge-triggered cell FDRE clocked by clk_fpga_0  {rise@0.000ns fall@10.000ns period=20.000ns})
  Path Group:             clk_fpga_0
  Path Type:              Setup (Max at Slow Process Corner)
  Requirement:            20.000ns  (clk_fpga_0 rise@20.000ns - clk_fpga_0 rise@0.000ns)
  Data Path Delay:        13.651ns  (logic 3.527ns (25.838%)  route 10.123ns (74.162%))
  Logic Levels:           13  (CARRY4=5 LUT3=1 LUT4=1 LUT5=1 LUT6=5)
  Clock Path Skew:        -0.156ns (DCD - SCD + CPR)
    Destination Clock Delay (DCD):    2.673ns = ( 22.674 - 20.000 ) 
    Source Clock Delay      (SCD):    2.944ns
    Clock Pessimism Removal (CPR):    0.115ns
  Clock Uncertainty:      0.302ns  ((TSJ^2 + TIJ^2)^1/2 + DJ) / 2 + PE
    Total System Jitter     (TSJ):    0.071ns
    Total Input Jitter      (TIJ):    0.600ns
    Discrete Jitter          (DJ):    0.000ns
    Phase Error              (PE):    0.000ns

    Location             Delay type                Incr(ns)  Path(ns)    Netlist Resource(s)
  -------------------------------------------------------------------    -------------------
                         (clock clk_fpga_0 rise edge)
                                                      0.000     0.000 r  
    PS7_X0Y0             PS7                          0.000     0.000 r  design_1_i/processing_system7_0/inst/PS7_i/FCLKCLK[0]
                         net (fo=1, routed)           1.193     1.193    design_1_i/processing_system7_0/inst/FCLK_CLK_unbuffered[0]
    BUFGCTRL_X0Y16       BUFG (Prop_bufg_I_O)         0.101     1.294 r  design_1_i/processing_system7_0/inst/buffer_fclk_clk_0.FCLK_CLK_0_BUFG/O
                         net (fo=9595, routed)        1.650     2.944    design_1_i/conv2d_stream_0/inst/grp_conv2d_stream_Pipeline_VITIS_LOOP_66_5_VITIS_LOOP_67_6_fu_205/ap_clk
    SLICE_X48Y53         FDRE                                         r  design_1_i/conv2d_stream_0/inst/grp_conv2d_stream_Pipeline_VITIS_LOOP_66_5_VITIS_LOOP_67_6_fu_205/pj_fu_160_reg[3]/C
  -------------------------------------------------------------------    -------------------
    SLICE_X48Y53         FDRE (Prop_fdre_C_Q)         0.419     3.363 r  design_1_i/conv2d_stream_0/inst/grp_conv2d_stream_Pipeline_VITIS_LOOP_66_5_VITIS_LOOP_67_6_fu_205/pj_fu_160_reg[3]/Q
                         net (fo=10, routed)          1.273     4.636    design_1_i/conv2d_stream_0/inst/grp_conv2d_stream_Pipeline_VITIS_LOOP_66_5_VITIS_LOOP_67_6_fu_205/fmul_32ns_32ns_32_2_max_dsp_1_U34/icmp_ln97_reg_1300_reg[0][3]
    SLICE_X49Y57         LUT6 (Prop_lut6_I0_O)        0.299     4.935 r  design_1_i/conv2d_stream_0/inst/grp_conv2d_stream_Pipeline_VITIS_LOOP_66_5_VITIS_LOOP_67_6_fu_205/fmul_32ns_32ns_32_2_max_dsp_1_U34/ram_reg_i_66/O
                         net (fo=1, routed)           0.000     4.935    design_1_i/conv2d_stream_0/inst/grp_conv2d_stream_Pipeline_VITIS_LOOP_66_5_VITIS_LOOP_67_6_fu_205/fmul_32ns_32ns_32_2_max_dsp_1_U34/ram_reg_i_66_n_2
    SLICE_X49Y57         CARRY4 (Prop_carry4_S[1]_CO[3])
                                                      0.550     5.485 r  design_1_i/conv2d_stream_0/inst/grp_conv2d_stream_Pipeline_VITIS_LOOP_66_5_VITIS_LOOP_67_6_fu_205/fmul_32ns_32ns_32_2_max_dsp_1_U34/ram_reg_i_59/CO[3]
                         net (fo=1, routed)           0.000     5.485    design_1_i/conv2d_stream_0/inst/grp_conv2d_stream_Pipeline_VITIS_LOOP_66_5_VITIS_LOOP_67_6_fu_205/fmul_32ns_32ns_32_2_max_dsp_1_U34/ram_reg_i_59_n_2
    SLICE_X49Y58         CARRY4 (Prop_carry4_CI_CO[3])
                                                      0.114     5.599 r  design_1_i/conv2d_stream_0/inst/grp_conv2d_stream_Pipeline_VITIS_LOOP_66_5_VITIS_LOOP_67_6_fu_205/fmul_32ns_32ns_32_2_max_dsp_1_U34/ram_reg_i_55/CO[3]
                         net (fo=1, routed)           0.000     5.599    design_1_i/conv2d_stream_0/inst/grp_conv2d_stream_Pipeline_VITIS_LOOP_66_5_VITIS_LOOP_67_6_fu_205/fmul_32ns_32ns_32_2_max_dsp_1_U34/ram_reg_i_55_n_2
    SLICE_X49Y59         CARRY4 (Prop_carry4_CI_CO[2])
                                                      0.228     5.827 r  design_1_i/conv2d_stream_0/inst/grp_conv2d_stream_Pipeline_VITIS_LOOP_66_5_VITIS_LOOP_67_6_fu_205/fmul_32ns_32ns_32_2_max_dsp_1_U34/ram_reg_i_53/CO[2]
                         net (fo=37, routed)          0.822     6.649    design_1_i/conv2d_stream_0/inst/grp_conv2d_stream_Pipeline_VITIS_LOOP_66_5_VITIS_LOOP_67_6_fu_205/fmul_32ns_32ns_32_2_max_dsp_1_U34/padded_cols_reg_467_reg[30][0]
    SLICE_X50Y55         LUT5 (Prop_lut5_I2_O)        0.305     6.954 r  design_1_i/conv2d_stream_0/inst/grp_conv2d_stream_Pipeline_VITIS_LOOP_66_5_VITIS_LOOP_67_6_fu_205/fmul_32ns_32ns_32_2_max_dsp_1_U34/icmp_ln97_reg_1300[0]_i_2/O
                         net (fo=5, routed)           0.837     7.791    design_1_i/conv2d_stream_0/inst/grp_conv2d_stream_Pipeline_VITIS_LOOP_66_5_VITIS_LOOP_67_6_fu_205/fmul_32ns_32ns_32_2_max_dsp_1_U34/icmp_ln97_reg_1300[0]_i_2_n_2
    SLICE_X50Y47         LUT6 (Prop_lut6_I0_O)        0.328     8.119 r  design_1_i/conv2d_stream_0/inst/grp_conv2d_stream_Pipeline_VITIS_LOOP_66_5_VITIS_LOOP_67_6_fu_205/fmul_32ns_32ns_32_2_max_dsp_1_U34/icmp_ln97_reg_1300[0]_i_1/O
                         net (fo=27, routed)          0.971     9.090    design_1_i/conv2d_stream_0/inst/grp_conv2d_stream_Pipeline_VITIS_LOOP_66_5_VITIS_LOOP_67_6_fu_205/fmul_32ns_32ns_32_2_max_dsp_1_U34/icmp_ln97_fu_830_p2
    SLICE_X51Y57         LUT3 (Prop_lut3_I0_O)        0.124     9.214 r  design_1_i/conv2d_stream_0/inst/grp_conv2d_stream_Pipeline_VITIS_LOOP_66_5_VITIS_LOOP_67_6_fu_205/fmul_32ns_32ns_32_2_max_dsp_1_U34/ap_phi_reg_pp0_iter2_new_pixel_2_reg_398[31]_i_22/O
                         net (fo=1, routed)           0.000     9.214    design_1_i/conv2d_stream_0/inst/grp_conv2d_stream_Pipeline_VITIS_LOOP_66_5_VITIS_LOOP_67_6_fu_205/fmul_32ns_32ns_32_2_max_dsp_1_U34/ap_phi_reg_pp0_iter2_new_pixel_2_reg_398[31]_i_22_n_2
    SLICE_X51Y57         CARRY4 (Prop_carry4_S[1]_CO[3])
                                                      0.550     9.764 r  design_1_i/conv2d_stream_0/inst/grp_conv2d_stream_Pipeline_VITIS_LOOP_66_5_VITIS_LOOP_67_6_fu_205/fmul_32ns_32ns_32_2_max_dsp_1_U34/ap_phi_reg_pp0_iter2_new_pixel_2_reg_398_reg[31]_i_6/CO[3]
                         net (fo=1, routed)           0.000     9.764    design_1_i/conv2d_stream_0/inst/grp_conv2d_stream_Pipeline_VITIS_LOOP_66_5_VITIS_LOOP_67_6_fu_205/fmul_32ns_32ns_32_2_max_dsp_1_U34/ap_phi_reg_pp0_iter2_new_pixel_2_reg_398_reg[31]_i_6_n_2
    SLICE_X51Y58         CARRY4 (Prop_carry4_CI_CO[3])
                                                      0.114     9.878 f  design_1_i/conv2d_stream_0/inst/grp_conv2d_stream_Pipeline_VITIS_LOOP_66_5_VITIS_LOOP_67_6_fu_205/fmul_32ns_32ns_32_2_max_dsp_1_U34/ap_phi_reg_pp0_iter2_new_pixel_2_reg_398_reg[31]_i_5/CO[3]
                         net (fo=2, routed)           1.330    11.208    design_1_i/conv2d_stream_0/inst/grp_conv2d_stream_Pipeline_VITIS_LOOP_66_5_VITIS_LOOP_67_6_fu_205/fmul_32ns_32ns_32_2_max_dsp_1_U34/cols_read_reg_360_reg[31][0]
    SLICE_X50Y47         LUT6 (Prop_lut6_I5_O)        0.124    11.332 r  design_1_i/conv2d_stream_0/inst/grp_conv2d_stream_Pipeline_VITIS_LOOP_66_5_VITIS_LOOP_67_6_fu_205/fmul_32ns_32ns_32_2_max_dsp_1_U34/ce_r_i_4/O
                         net (fo=1, routed)           0.737    12.069    design_1_i/conv2d_stream_0/inst/grp_conv2d_stream_Pipeline_VITIS_LOOP_66_5_VITIS_LOOP_67_6_fu_205/fmul_32ns_32ns_32_2_max_dsp_1_U34/ce_r_i_4_n_2
    SLICE_X54Y53         LUT6 (Prop_lut6_I1_O)        0.124    12.193 r  design_1_i/conv2d_stream_0/inst/grp_conv2d_stream_Pipeline_VITIS_LOOP_66_5_VITIS_LOOP_67_6_fu_205/fmul_32ns_32ns_32_2_max_dsp_1_U34/ce_r_i_2/O
                         net (fo=34, routed)          0.964    13.158    design_1_i/conv2d_stream_0/inst/grp_conv2d_stream_Pipeline_VITIS_LOOP_66_5_VITIS_LOOP_67_6_fu_205/fmul_32ns_32ns_32_2_max_dsp_1_U34/ce_r_i_8_0
    SLICE_X43Y44         LUT6 (Prop_lut6_I2_O)        0.124    13.282 r  design_1_i/conv2d_stream_0/inst/grp_conv2d_stream_Pipeline_VITIS_LOOP_66_5_VITIS_LOOP_67_6_fu_205/fmul_32ns_32ns_32_2_max_dsp_1_U34/ce_r_i_1/O
                         net (fo=1953, routed)        1.604    14.886    design_1_i/conv2d_stream_0/inst/grp_conv2d_stream_Pipeline_VITIS_LOOP_66_5_VITIS_LOOP_67_6_fu_205/ap_block_pp0_stage0_subdone
    SLICE_X54Y53         LUT4 (Prop_lut4_I2_O)        0.124    15.010 r  design_1_i/conv2d_stream_0/inst/grp_conv2d_stream_Pipeline_VITIS_LOOP_66_5_VITIS_LOOP_67_6_fu_205/ap_phi_reg_pp0_iter2_new_pixel_2_reg_398[31]_i_1/O
                         net (fo=32, routed)          1.585    16.594    design_1_i/conv2d_stream_0/inst/grp_conv2d_stream_Pipeline_VITIS_LOOP_66_5_VITIS_LOOP_67_6_fu_205/ap_phi_reg_pp0_iter2_new_pixel_2_reg_398
    SLICE_X34Y40         FDRE                                         r  design_1_i/conv2d_stream_0/inst/grp_conv2d_stream_Pipeline_VITIS_LOOP_66_5_VITIS_LOOP_67_6_fu_205/ap_phi_reg_pp0_iter2_new_pixel_2_reg_398_reg[0]/R
  -------------------------------------------------------------------    -------------------

                         (clock clk_fpga_0 rise edge)
                                                     20.000    20.000 r  
    PS7_X0Y0             PS7                          0.000    20.000 r  design_1_i/processing_system7_0/inst/PS7_i/FCLKCLK[0]
                         net (fo=1, routed)           1.088    21.088    design_1_i/processing_system7_0/inst/FCLK_CLK_unbuffered[0]
    BUFGCTRL_X0Y16       BUFG (Prop_bufg_I_O)         0.091    21.179 r  design_1_i/processing_system7_0/inst/buffer_fclk_clk_0.FCLK_CLK_0_BUFG/O
                         net (fo=9595, routed)        1.494    22.674    design_1_i/conv2d_stream_0/inst/grp_conv2d_stream_Pipeline_VITIS_LOOP_66_5_VITIS_LOOP_67_6_fu_205/ap_clk
    SLICE_X34Y40         FDRE                                         r  design_1_i/conv2d_stream_0/inst/grp_conv2d_stream_Pipeline_VITIS_LOOP_66_5_VITIS_LOOP_67_6_fu_205/ap_phi_reg_pp0_iter2_new_pixel_2_reg_398_reg[0]/C
                         clock pessimism              0.115    22.788    
                         clock uncertainty           -0.302    22.486    
    SLICE_X34Y40         FDRE (Setup_fdre_C_R)       -0.524    21.962    design_1_i/conv2d_stream_0/inst/grp_conv2d_stream_Pipeline_VITIS_LOOP_66_5_VITIS_LOOP_67_6_fu_205/ap_phi_reg_pp0_iter2_new_pixel_2_reg_398_reg[0]
  -------------------------------------------------------------------
                         required time                         21.962    
                         arrival time                         -16.595    
  -------------------------------------------------------------------
                         slack                                  5.368    

Slack (MET) :             5.368ns  (required time - arrival time)
  Source:                 design_1_i/conv2d_stream_0/inst/grp_conv2d_stream_Pipeline_VITIS_LOOP_66_5_VITIS_LOOP_67_6_fu_205/pj_fu_160_reg[3]/C
                            (rising edge-triggered cell FDRE clocked by clk_fpga_0  {rise@0.000ns fall@10.000ns period=20.000ns})
  Destination:            design_1_i/conv2d_stream_0/inst/grp_conv2d_stream_Pipeline_VITIS_LOOP_66_5_VITIS_LOOP_67_6_fu_205/ap_phi_reg_pp0_iter2_new_pixel_2_reg_398_reg[13]/R
                            (rising edge-triggered cell FDRE clocked by clk_fpga_0  {rise@0.000ns fall@10.000ns period=20.000ns})
  Path Group:             clk_fpga_0
  Path Type:              Setup (Max at Slow Process Corner)
  Requirement:            20.000ns  (clk_fpga_0 rise@20.000ns - clk_fpga_0 rise@0.000ns)
  Data Path Delay:        13.651ns  (logic 3.527ns (25.838%)  route 10.123ns (74.162%))
  Logic Levels:           13  (CARRY4=5 LUT3=1 LUT4=1 LUT5=1 LUT6=5)
  Clock Path Skew:        -0.156ns (DCD - SCD + CPR)
    Destination Clock Delay (DCD):    2.673ns = ( 22.674 - 20.000 ) 
    Source Clock Delay      (SCD):    2.944ns
    Clock Pessimism Removal (CPR):    0.115ns
  Clock Uncertainty:      0.302ns  ((TSJ^2 + TIJ^2)^1/2 + DJ) / 2 + PE
    Total System Jitter     (TSJ):    0.071ns
    Total Input Jitter      (TIJ):    0.600ns
    Discrete Jitter          (DJ):    0.000ns
    Phase Error              (PE):    0.000ns

    Location             Delay type                Incr(ns)  Path(ns)    Netlist Resource(s)
  -------------------------------------------------------------------    -------------------
                         (clock clk_fpga_0 rise edge)
                                                      0.000     0.000 r  
    PS7_X0Y0             PS7                          0.000     0.000 r  design_1_i/processing_system7_0/inst/PS7_i/FCLKCLK[0]
                         net (fo=1, routed)           1.193     1.193    design_1_i/processing_system7_0/inst/FCLK_CLK_unbuffered[0]
    BUFGCTRL_X0Y16       BUFG (Prop_bufg_I_O)         0.101     1.294 r  design_1_i/processing_system7_0/inst/buffer_fclk_clk_0.FCLK_CLK_0_BUFG/O
                         net (fo=9595, routed)        1.650     2.944    design_1_i/conv2d_stream_0/inst/grp_conv2d_stream_Pipeline_VITIS_LOOP_66_5_VITIS_LOOP_67_6_fu_205/ap_clk
    SLICE_X48Y53         FDRE                                         r  design_1_i/conv2d_stream_0/inst/grp_conv2d_stream_Pipeline_VITIS_LOOP_66_5_VITIS_LOOP_67_6_fu_205/pj_fu_160_reg[3]/C
  -------------------------------------------------------------------    -------------------
    SLICE_X48Y53         FDRE (Prop_fdre_C_Q)         0.419     3.363 r  design_1_i/conv2d_stream_0/inst/grp_conv2d_stream_Pipeline_VITIS_LOOP_66_5_VITIS_LOOP_67_6_fu_205/pj_fu_160_reg[3]/Q
                         net (fo=10, routed)          1.273     4.636    design_1_i/conv2d_stream_0/inst/grp_conv2d_stream_Pipeline_VITIS_LOOP_66_5_VITIS_LOOP_67_6_fu_205/fmul_32ns_32ns_32_2_max_dsp_1_U34/icmp_ln97_reg_1300_reg[0][3]
    SLICE_X49Y57         LUT6 (Prop_lut6_I0_O)        0.299     4.935 r  design_1_i/conv2d_stream_0/inst/grp_conv2d_stream_Pipeline_VITIS_LOOP_66_5_VITIS_LOOP_67_6_fu_205/fmul_32ns_32ns_32_2_max_dsp_1_U34/ram_reg_i_66/O
                         net (fo=1, routed)           0.000     4.935    design_1_i/conv2d_stream_0/inst/grp_conv2d_stream_Pipeline_VITIS_LOOP_66_5_VITIS_LOOP_67_6_fu_205/fmul_32ns_32ns_32_2_max_dsp_1_U34/ram_reg_i_66_n_2
    SLICE_X49Y57         CARRY4 (Prop_carry4_S[1]_CO[3])
                                                      0.550     5.485 r  design_1_i/conv2d_stream_0/inst/grp_conv2d_stream_Pipeline_VITIS_LOOP_66_5_VITIS_LOOP_67_6_fu_205/fmul_32ns_32ns_32_2_max_dsp_1_U34/ram_reg_i_59/CO[3]
                         net (fo=1, routed)           0.000     5.485    design_1_i/conv2d_stream_0/inst/grp_conv2d_stream_Pipeline_VITIS_LOOP_66_5_VITIS_LOOP_67_6_fu_205/fmul_32ns_32ns_32_2_max_dsp_1_U34/ram_reg_i_59_n_2
    SLICE_X49Y58         CARRY4 (Prop_carry4_CI_CO[3])
                                                      0.114     5.599 r  design_1_i/conv2d_stream_0/inst/grp_conv2d_stream_Pipeline_VITIS_LOOP_66_5_VITIS_LOOP_67_6_fu_205/fmul_32ns_32ns_32_2_max_dsp_1_U34/ram_reg_i_55/CO[3]
                         net (fo=1, routed)           0.000     5.599    design_1_i/conv2d_stream_0/inst/grp_conv2d_stream_Pipeline_VITIS_LOOP_66_5_VITIS_LOOP_67_6_fu_205/fmul_32ns_32ns_32_2_max_dsp_1_U34/ram_reg_i_55_n_2
    SLICE_X49Y59         CARRY4 (Prop_carry4_CI_CO[2])
                                                      0.228     5.827 r  design_1_i/conv2d_stream_0/inst/grp_conv2d_stream_Pipeline_VITIS_LOOP_66_5_VITIS_LOOP_67_6_fu_205/fmul_32ns_32ns_32_2_max_dsp_1_U34/ram_reg_i_53/CO[2]
                         net (fo=37, routed)          0.822     6.649    design_1_i/conv2d_stream_0/inst/grp_conv2d_stream_Pipeline_VITIS_LOOP_66_5_VITIS_LOOP_67_6_fu_205/fmul_32ns_32ns_32_2_max_dsp_1_U34/padded_cols_reg_467_reg[30][0]
    SLICE_X50Y55         LUT5 (Prop_lut5_I2_O)        0.305     6.954 r  design_1_i/conv2d_stream_0/inst/grp_conv2d_stream_Pipeline_VITIS_LOOP_66_5_VITIS_LOOP_67_6_fu_205/fmul_32ns_32ns_32_2_max_dsp_1_U34/icmp_ln97_reg_1300[0]_i_2/O
                         net (fo=5, routed)           0.837     7.791    design_1_i/conv2d_stream_0/inst/grp_conv2d_stream_Pipeline_VITIS_LOOP_66_5_VITIS_LOOP_67_6_fu_205/fmul_32ns_32ns_32_2_max_dsp_1_U34/icmp_ln97_reg_1300[0]_i_2_n_2
    SLICE_X50Y47         LUT6 (Prop_lut6_I0_O)        0.328     8.119 r  design_1_i/conv2d_stream_0/inst/grp_conv2d_stream_Pipeline_VITIS_LOOP_66_5_VITIS_LOOP_67_6_fu_205/fmul_32ns_32ns_32_2_max_dsp_1_U34/icmp_ln97_reg_1300[0]_i_1/O
                         net (fo=27, routed)          0.971     9.090    design_1_i/conv2d_stream_0/inst/grp_conv2d_stream_Pipeline_VITIS_LOOP_66_5_VITIS_LOOP_67_6_fu_205/fmul_32ns_32ns_32_2_max_dsp_1_U34/icmp_ln97_fu_830_p2
    SLICE_X51Y57         LUT3 (Prop_lut3_I0_O)        0.124     9.214 r  design_1_i/conv2d_stream_0/inst/grp_conv2d_stream_Pipeline_VITIS_LOOP_66_5_VITIS_LOOP_67_6_fu_205/fmul_32ns_32ns_32_2_max_dsp_1_U34/ap_phi_reg_pp0_iter2_new_pixel_2_reg_398[31]_i_22/O
                         net (fo=1, routed)           0.000     9.214    design_1_i/conv2d_stream_0/inst/grp_conv2d_stream_Pipeline_VITIS_LOOP_66_5_VITIS_LOOP_67_6_fu_205/fmul_32ns_32ns_32_2_max_dsp_1_U34/ap_phi_reg_pp0_iter2_new_pixel_2_reg_398[31]_i_22_n_2
    SLICE_X51Y57         CARRY4 (Prop_carry4_S[1]_CO[3])
                                                      0.550     9.764 r  design_1_i/conv2d_stream_0/inst/grp_conv2d_stream_Pipeline_VITIS_LOOP_66_5_VITIS_LOOP_67_6_fu_205/fmul_32ns_32ns_32_2_max_dsp_1_U34/ap_phi_reg_pp0_iter2_new_pixel_2_reg_398_reg[31]_i_6/CO[3]
                         net (fo=1, routed)           0.000     9.764    design_1_i/conv2d_stream_0/inst/grp_conv2d_stream_Pipeline_VITIS_LOOP_66_5_VITIS_LOOP_67_6_fu_205/fmul_32ns_32ns_32_2_max_dsp_1_U34/ap_phi_reg_pp0_iter2_new_pixel_2_reg_398_reg[31]_i_6_n_2
    SLICE_X51Y58         CARRY4 (Prop_carry4_CI_CO[3])
                                                      0.114     9.878 f  design_1_i/conv2d_stream_0/inst/grp_conv2d_stream_Pipeline_VITIS_LOOP_66_5_VITIS_LOOP_67_6_fu_205/fmul_32ns_32ns_32_2_max_dsp_1_U34/ap_phi_reg_pp0_iter2_new_pixel_2_reg_398_reg[31]_i_5/CO[3]
                         net (fo=2, routed)           1.330    11.208    design_1_i/conv2d_stream_0/inst/grp_conv2d_stream_Pipeline_VITIS_LOOP_66_5_VITIS_LOOP_67_6_fu_205/fmul_32ns_32ns_32_2_max_dsp_1_U34/cols_read_reg_360_reg[31][0]
    SLICE_X50Y47         LUT6 (Prop_lut6_I5_O)        0.124    11.332 r  design_1_i/conv2d_stream_0/inst/grp_conv2d_stream_Pipeline_VITIS_LOOP_66_5_VITIS_LOOP_67_6_fu_205/fmul_32ns_32ns_32_2_max_dsp_1_U34/ce_r_i_4/O
                         net (fo=1, routed)           0.737    12.069    design_1_i/conv2d_stream_0/inst/grp_conv2d_stream_Pipeline_VITIS_LOOP_66_5_VITIS_LOOP_67_6_fu_205/fmul_32ns_32ns_32_2_max_dsp_1_U34/ce_r_i_4_n_2
    SLICE_X54Y53         LUT6 (Prop_lut6_I1_O)        0.124    12.193 r  design_1_i/conv2d_stream_0/inst/grp_conv2d_stream_Pipeline_VITIS_LOOP_66_5_VITIS_LOOP_67_6_fu_205/fmul_32ns_32ns_32_2_max_dsp_1_U34/ce_r_i_2/O
                         net (fo=34, routed)          0.964    13.158    design_1_i/conv2d_stream_0/inst/grp_conv2d_stream_Pipeline_VITIS_LOOP_66_5_VITIS_LOOP_67_6_fu_205/fmul_32ns_32ns_32_2_max_dsp_1_U34/ce_r_i_8_0
    SLICE_X43Y44         LUT6 (Prop_lut6_I2_O)        0.124    13.282 r  design_1_i/conv2d_stream_0/inst/grp_conv2d_stream_Pipeline_VITIS_LOOP_66_5_VITIS_LOOP_67_6_fu_205/fmul_32ns_32ns_32_2_max_dsp_1_U34/ce_r_i_1/O
                         net (fo=1953, routed)        1.604    14.886    design_1_i/conv2d_stream_0/inst/grp_conv2d_stream_Pipeline_VITIS_LOOP_66_5_VITIS_LOOP_67_6_fu_205/ap_block_pp0_stage0_subdone
    SLICE_X54Y53         LUT4 (Prop_lut4_I2_O)        0.124    15.010 r  design_1_i/conv2d_stream_0/inst/grp_conv2d_stream_Pipeline_VITIS_LOOP_66_5_VITIS_LOOP_67_6_fu_205/ap_phi_reg_pp0_iter2_new_pixel_2_reg_398[31]_i_1/O
                         net (fo=32, routed)          1.585    16.594    design_1_i/conv2d_stream_0/inst/grp_conv2d_stream_Pipeline_VITIS_LOOP_66_5_VITIS_LOOP_67_6_fu_205/ap_phi_reg_pp0_iter2_new_pixel_2_reg_398
    SLICE_X34Y40         FDRE                                         r  design_1_i/conv2d_stream_0/inst/grp_conv2d_stream_Pipeline_VITIS_LOOP_66_5_VITIS_LOOP_67_6_fu_205/ap_phi_reg_pp0_iter2_new_pixel_2_reg_398_reg[13]/R
  -------------------------------------------------------------------    -------------------

                         (clock clk_fpga_0 rise edge)
                                                     20.000    20.000 r  
    PS7_X0Y0             PS7                          0.000    20.000 r  design_1_i/processing_system7_0/inst/PS7_i/FCLKCLK[0]
                         net (fo=1, routed)           1.088    21.088    design_1_i/processing_system7_0/inst/FCLK_CLK_unbuffered[0]
    BUFGCTRL_X0Y16       BUFG (Prop_bufg_I_O)         0.091    21.179 r  design_1_i/processing_system7_0/inst/buffer_fclk_clk_0.FCLK_CLK_0_BUFG/O
                         net (fo=9595, routed)        1.494    22.674    design_1_i/conv2d_stream_0/inst/grp_conv2d_stream_Pipeline_VITIS_LOOP_66_5_VITIS_LOOP_67_6_fu_205/ap_clk
    SLICE_X34Y40         FDRE                                         r  design_1_i/conv2d_stream_0/inst/grp_conv2d_stream_Pipeline_VITIS_LOOP_66_5_VITIS_LOOP_67_6_fu_205/ap_phi_reg_pp0_iter2_new_pixel_2_reg_398_reg[13]/C
                         clock pessimism              0.115    22.788    
                         clock uncertainty           -0.302    22.486    
    SLICE_X34Y40         FDRE (Setup_fdre_C_R)       -0.524    21.962    design_1_i/conv2d_stream_0/inst/grp_conv2d_stream_Pipeline_VITIS_LOOP_66_5_VITIS_LOOP_67_6_fu_205/ap_phi_reg_pp0_iter2_new_pixel_2_reg_398_reg[13]
  -------------------------------------------------------------------
                         required time                         21.962    
                         arrival time                         -16.595    
  -------------------------------------------------------------------
                         slack                                  5.368    

Slack (MET) :             5.368ns  (required time - arrival time)
  Source:                 design_1_i/conv2d_stream_0/inst/grp_conv2d_stream_Pipeline_VITIS_LOOP_66_5_VITIS_LOOP_67_6_fu_205/pj_fu_160_reg[3]/C
                            (rising edge-triggered cell FDRE clocked by clk_fpga_0  {rise@0.000ns fall@10.000ns period=20.000ns})
  Destination:            design_1_i/conv2d_stream_0/inst/grp_conv2d_stream_Pipeline_VITIS_LOOP_66_5_VITIS_LOOP_67_6_fu_205/ap_phi_reg_pp0_iter2_new_pixel_2_reg_398_reg[21]/R
                            (rising edge-triggered cell FDRE clocked by clk_fpga_0  {rise@0.000ns fall@10.000ns period=20.000ns})
  Path Group:             clk_fpga_0
  Path Type:              Setup (Max at Slow Process Corner)
  Requirement:            20.000ns  (clk_fpga_0 rise@20.000ns - clk_fpga_0 rise@0.000ns)
  Data Path Delay:        13.651ns  (logic 3.527ns (25.838%)  route 10.123ns (74.162%))
  Logic Levels:           13  (CARRY4=5 LUT3=1 LUT4=1 LUT5=1 LUT6=5)
  Clock Path Skew:        -0.156ns (DCD - SCD + CPR)
    Destination Clock Delay (DCD):    2.673ns = ( 22.674 - 20.000 ) 
    Source Clock Delay      (SCD):    2.944ns
    Clock Pessimism Removal (CPR):    0.115ns
  Clock Uncertainty:      0.302ns  ((TSJ^2 + TIJ^2)^1/2 + DJ) / 2 + PE
    Total System Jitter     (TSJ):    0.071ns
    Total Input Jitter      (TIJ):    0.600ns
    Discrete Jitter          (DJ):    0.000ns
    Phase Error              (PE):    0.000ns

    Location             Delay type                Incr(ns)  Path(ns)    Netlist Resource(s)
  -------------------------------------------------------------------    -------------------
                         (clock clk_fpga_0 rise edge)
                                                      0.000     0.000 r  
    PS7_X0Y0             PS7                          0.000     0.000 r  design_1_i/processing_system7_0/inst/PS7_i/FCLKCLK[0]
                         net (fo=1, routed)           1.193     1.193    design_1_i/processing_system7_0/inst/FCLK_CLK_unbuffered[0]
    BUFGCTRL_X0Y16       BUFG (Prop_bufg_I_O)         0.101     1.294 r  design_1_i/processing_system7_0/inst/buffer_fclk_clk_0.FCLK_CLK_0_BUFG/O
                         net (fo=9595, routed)        1.650     2.944    design_1_i/conv2d_stream_0/inst/grp_conv2d_stream_Pipeline_VITIS_LOOP_66_5_VITIS_LOOP_67_6_fu_205/ap_clk
    SLICE_X48Y53         FDRE                                         r  design_1_i/conv2d_stream_0/inst/grp_conv2d_stream_Pipeline_VITIS_LOOP_66_5_VITIS_LOOP_67_6_fu_205/pj_fu_160_reg[3]/C
  -------------------------------------------------------------------    -------------------
    SLICE_X48Y53         FDRE (Prop_fdre_C_Q)         0.419     3.363 r  design_1_i/conv2d_stream_0/inst/grp_conv2d_stream_Pipeline_VITIS_LOOP_66_5_VITIS_LOOP_67_6_fu_205/pj_fu_160_reg[3]/Q
                         net (fo=10, routed)          1.273     4.636    design_1_i/conv2d_stream_0/inst/grp_conv2d_stream_Pipeline_VITIS_LOOP_66_5_VITIS_LOOP_67_6_fu_205/fmul_32ns_32ns_32_2_max_dsp_1_U34/icmp_ln97_reg_1300_reg[0][3]
    SLICE_X49Y57         LUT6 (Prop_lut6_I0_O)        0.299     4.935 r  design_1_i/conv2d_stream_0/inst/grp_conv2d_stream_Pipeline_VITIS_LOOP_66_5_VITIS_LOOP_67_6_fu_205/fmul_32ns_32ns_32_2_max_dsp_1_U34/ram_reg_i_66/O
                         net (fo=1, routed)           0.000     4.935    design_1_i/conv2d_stream_0/inst/grp_conv2d_stream_Pipeline_VITIS_LOOP_66_5_VITIS_LOOP_67_6_fu_205/fmul_32ns_32ns_32_2_max_dsp_1_U34/ram_reg_i_66_n_2
    SLICE_X49Y57         CARRY4 (Prop_carry4_S[1]_CO[3])
                                                      0.550     5.485 r  design_1_i/conv2d_stream_0/inst/grp_conv2d_stream_Pipeline_VITIS_LOOP_66_5_VITIS_LOOP_67_6_fu_205/fmul_32ns_32ns_32_2_max_dsp_1_U34/ram_reg_i_59/CO[3]
                         net (fo=1, routed)           0.000     5.485    design_1_i/conv2d_stream_0/inst/grp_conv2d_stream_Pipeline_VITIS_LOOP_66_5_VITIS_LOOP_67_6_fu_205/fmul_32ns_32ns_32_2_max_dsp_1_U34/ram_reg_i_59_n_2
    SLICE_X49Y58         CARRY4 (Prop_carry4_CI_CO[3])
                                                      0.114     5.599 r  design_1_i/conv2d_stream_0/inst/grp_conv2d_stream_Pipeline_VITIS_LOOP_66_5_VITIS_LOOP_67_6_fu_205/fmul_32ns_32ns_32_2_max_dsp_1_U34/ram_reg_i_55/CO[3]
                         net (fo=1, routed)           0.000     5.599    design_1_i/conv2d_stream_0/inst/grp_conv2d_stream_Pipeline_VITIS_LOOP_66_5_VITIS_LOOP_67_6_fu_205/fmul_32ns_32ns_32_2_max_dsp_1_U34/ram_reg_i_55_n_2
    SLICE_X49Y59         CARRY4 (Prop_carry4_CI_CO[2])
                                                      0.228     5.827 r  design_1_i/conv2d_stream_0/inst/grp_conv2d_stream_Pipeline_VITIS_LOOP_66_5_VITIS_LOOP_67_6_fu_205/fmul_32ns_32ns_32_2_max_dsp_1_U34/ram_reg_i_53/CO[2]
                         net (fo=37, routed)          0.822     6.649    design_1_i/conv2d_stream_0/inst/grp_conv2d_stream_Pipeline_VITIS_LOOP_66_5_VITIS_LOOP_67_6_fu_205/fmul_32ns_32ns_32_2_max_dsp_1_U34/padded_cols_reg_467_reg[30][0]
    SLICE_X50Y55         LUT5 (Prop_lut5_I2_O)        0.305     6.954 r  design_1_i/conv2d_stream_0/inst/grp_conv2d_stream_Pipeline_VITIS_LOOP_66_5_VITIS_LOOP_67_6_fu_205/fmul_32ns_32ns_32_2_max_dsp_1_U34/icmp_ln97_reg_1300[0]_i_2/O
                         net (fo=5, routed)           0.837     7.791    design_1_i/conv2d_stream_0/inst/grp_conv2d_stream_Pipeline_VITIS_LOOP_66_5_VITIS_LOOP_67_6_fu_205/fmul_32ns_32ns_32_2_max_dsp_1_U34/icmp_ln97_reg_1300[0]_i_2_n_2
    SLICE_X50Y47         LUT6 (Prop_lut6_I0_O)        0.328     8.119 r  design_1_i/conv2d_stream_0/inst/grp_conv2d_stream_Pipeline_VITIS_LOOP_66_5_VITIS_LOOP_67_6_fu_205/fmul_32ns_32ns_32_2_max_dsp_1_U34/icmp_ln97_reg_1300[0]_i_1/O
                         net (fo=27, routed)          0.971     9.090    design_1_i/conv2d_stream_0/inst/grp_conv2d_stream_Pipeline_VITIS_LOOP_66_5_VITIS_LOOP_67_6_fu_205/fmul_32ns_32ns_32_2_max_dsp_1_U34/icmp_ln97_fu_830_p2
    SLICE_X51Y57         LUT3 (Prop_lut3_I0_O)        0.124     9.214 r  design_1_i/conv2d_stream_0/inst/grp_conv2d_stream_Pipeline_VITIS_LOOP_66_5_VITIS_LOOP_67_6_fu_205/fmul_32ns_32ns_32_2_max_dsp_1_U34/ap_phi_reg_pp0_iter2_new_pixel_2_reg_398[31]_i_22/O
                         net (fo=1, routed)           0.000     9.214    design_1_i/conv2d_stream_0/inst/grp_conv2d_stream_Pipeline_VITIS_LOOP_66_5_VITIS_LOOP_67_6_fu_205/fmul_32ns_32ns_32_2_max_dsp_1_U34/ap_phi_reg_pp0_iter2_new_pixel_2_reg_398[31]_i_22_n_2
    SLICE_X51Y57         CARRY4 (Prop_carry4_S[1]_CO[3])
                                                      0.550     9.764 r  design_1_i/conv2d_stream_0/inst/grp_conv2d_stream_Pipeline_VITIS_LOOP_66_5_VITIS_LOOP_67_6_fu_205/fmul_32ns_32ns_32_2_max_dsp_1_U34/ap_phi_reg_pp0_iter2_new_pixel_2_reg_398_reg[31]_i_6/CO[3]
                         net (fo=1, routed)           0.000     9.764    design_1_i/conv2d_stream_0/inst/grp_conv2d_stream_Pipeline_VITIS_LOOP_66_5_VITIS_LOOP_67_6_fu_205/fmul_32ns_32ns_32_2_max_dsp_1_U34/ap_phi_reg_pp0_iter2_new_pixel_2_reg_398_reg[31]_i_6_n_2
    SLICE_X51Y58         CARRY4 (Prop_carry4_CI_CO[3])
                                                      0.114     9.878 f  design_1_i/conv2d_stream_0/inst/grp_conv2d_stream_Pipeline_VITIS_LOOP_66_5_VITIS_LOOP_67_6_fu_205/fmul_32ns_32ns_32_2_max_dsp_1_U34/ap_phi_reg_pp0_iter2_new_pixel_2_reg_398_reg[31]_i_5/CO[3]
                         net (fo=2, routed)           1.330    11.208    design_1_i/conv2d_stream_0/inst/grp_conv2d_stream_Pipeline_VITIS_LOOP_66_5_VITIS_LOOP_67_6_fu_205/fmul_32ns_32ns_32_2_max_dsp_1_U34/cols_read_reg_360_reg[31][0]
    SLICE_X50Y47         LUT6 (Prop_lut6_I5_O)        0.124    11.332 r  design_1_i/conv2d_stream_0/inst/grp_conv2d_stream_Pipeline_VITIS_LOOP_66_5_VITIS_LOOP_67_6_fu_205/fmul_32ns_32ns_32_2_max_dsp_1_U34/ce_r_i_4/O
                         net (fo=1, routed)           0.737    12.069    design_1_i/conv2d_stream_0/inst/grp_conv2d_stream_Pipeline_VITIS_LOOP_66_5_VITIS_LOOP_67_6_fu_205/fmul_32ns_32ns_32_2_max_dsp_1_U34/ce_r_i_4_n_2
    SLICE_X54Y53         LUT6 (Prop_lut6_I1_O)        0.124    12.193 r  design_1_i/conv2d_stream_0/inst/grp_conv2d_stream_Pipeline_VITIS_LOOP_66_5_VITIS_LOOP_67_6_fu_205/fmul_32ns_32ns_32_2_max_dsp_1_U34/ce_r_i_2/O
                         net (fo=34, routed)          0.964    13.158    design_1_i/conv2d_stream_0/inst/grp_conv2d_stream_Pipeline_VITIS_LOOP_66_5_VITIS_LOOP_67_6_fu_205/fmul_32ns_32ns_32_2_max_dsp_1_U34/ce_r_i_8_0
    SLICE_X43Y44         LUT6 (Prop_lut6_I2_O)        0.124    13.282 r  design_1_i/conv2d_stream_0/inst/grp_conv2d_stream_Pipeline_VITIS_LOOP_66_5_VITIS_LOOP_67_6_fu_205/fmul_32ns_32ns_32_2_max_dsp_1_U34/ce_r_i_1/O
                         net (fo=1953, routed)        1.604    14.886    design_1_i/conv2d_stream_0/inst/grp_conv2d_stream_Pipeline_VITIS_LOOP_66_5_VITIS_LOOP_67_6_fu_205/ap_block_pp0_stage0_subdone
    SLICE_X54Y53         LUT4 (Prop_lut4_I2_O)        0.124    15.010 r  design_1_i/conv2d_stream_0/inst/grp_conv2d_stream_Pipeline_VITIS_LOOP_66_5_VITIS_LOOP_67_6_fu_205/ap_phi_reg_pp0_iter2_new_pixel_2_reg_398[31]_i_1/O
                         net (fo=32, routed)          1.585    16.594    design_1_i/conv2d_stream_0/inst/grp_conv2d_stream_Pipeline_VITIS_LOOP_66_5_VITIS_LOOP_67_6_fu_205/ap_phi_reg_pp0_iter2_new_pixel_2_reg_398
    SLICE_X34Y40         FDRE                                         r  design_1_i/conv2d_stream_0/inst/grp_conv2d_stream_Pipeline_VITIS_LOOP_66_5_VITIS_LOOP_67_6_fu_205/ap_phi_reg_pp0_iter2_new_pixel_2_reg_398_reg[21]/R
  -------------------------------------------------------------------    -------------------

                         (clock clk_fpga_0 rise edge)
                                                     20.000    20.000 r  
    PS7_X0Y0             PS7                          0.000    20.000 r  design_1_i/processing_system7_0/inst/PS7_i/FCLKCLK[0]
                         net (fo=1, routed)           1.088    21.088    design_1_i/processing_system7_0/inst/FCLK_CLK_unbuffered[0]
    BUFGCTRL_X0Y16       BUFG (Prop_bufg_I_O)         0.091    21.179 r  design_1_i/processing_system7_0/inst/buffer_fclk_clk_0.FCLK_CLK_0_BUFG/O
                         net (fo=9595, routed)        1.494    22.674    design_1_i/conv2d_stream_0/inst/grp_conv2d_stream_Pipeline_VITIS_LOOP_66_5_VITIS_LOOP_67_6_fu_205/ap_clk
    SLICE_X34Y40         FDRE                                         r  design_1_i/conv2d_stream_0/inst/grp_conv2d_stream_Pipeline_VITIS_LOOP_66_5_VITIS_LOOP_67_6_fu_205/ap_phi_reg_pp0_iter2_new_pixel_2_reg_398_reg[21]/C
                         clock pessimism              0.115    22.788    
                         clock uncertainty           -0.302    22.486    
    SLICE_X34Y40         FDRE (Setup_fdre_C_R)       -0.524    21.962    design_1_i/conv2d_stream_0/inst/grp_conv2d_stream_Pipeline_VITIS_LOOP_66_5_VITIS_LOOP_67_6_fu_205/ap_phi_reg_pp0_iter2_new_pixel_2_reg_398_reg[21]
  -------------------------------------------------------------------
                         required time                         21.962    
                         arrival time                         -16.595    
  -------------------------------------------------------------------
                         slack                                  5.368    

Slack (MET) :             5.368ns  (required time - arrival time)
  Source:                 design_1_i/conv2d_stream_0/inst/grp_conv2d_stream_Pipeline_VITIS_LOOP_66_5_VITIS_LOOP_67_6_fu_205/pj_fu_160_reg[3]/C
                            (rising edge-triggered cell FDRE clocked by clk_fpga_0  {rise@0.000ns fall@10.000ns period=20.000ns})
  Destination:            design_1_i/conv2d_stream_0/inst/grp_conv2d_stream_Pipeline_VITIS_LOOP_66_5_VITIS_LOOP_67_6_fu_205/ap_phi_reg_pp0_iter2_new_pixel_2_reg_398_reg[27]/R
                            (rising edge-triggered cell FDRE clocked by clk_fpga_0  {rise@0.000ns fall@10.000ns period=20.000ns})
  Path Group:             clk_fpga_0
  Path Type:              Setup (Max at Slow Process Corner)
  Requirement:            20.000ns  (clk_fpga_0 rise@20.000ns - clk_fpga_0 rise@0.000ns)
  Data Path Delay:        13.651ns  (logic 3.527ns (25.838%)  route 10.123ns (74.162%))
  Logic Levels:           13  (CARRY4=5 LUT3=1 LUT4=1 LUT5=1 LUT6=5)
  Clock Path Skew:        -0.156ns (DCD - SCD + CPR)
    Destination Clock Delay (DCD):    2.673ns = ( 22.674 - 20.000 ) 
    Source Clock Delay      (SCD):    2.944ns
    Clock Pessimism Removal (CPR):    0.115ns
  Clock Uncertainty:      0.302ns  ((TSJ^2 + TIJ^2)^1/2 + DJ) / 2 + PE
    Total System Jitter     (TSJ):    0.071ns
    Total Input Jitter      (TIJ):    0.600ns
    Discrete Jitter          (DJ):    0.000ns
    Phase Error              (PE):    0.000ns

    Location             Delay type                Incr(ns)  Path(ns)    Netlist Resource(s)
  -------------------------------------------------------------------    -------------------
                         (clock clk_fpga_0 rise edge)
                                                      0.000     0.000 r  
    PS7_X0Y0             PS7                          0.000     0.000 r  design_1_i/processing_system7_0/inst/PS7_i/FCLKCLK[0]
                         net (fo=1, routed)           1.193     1.193    design_1_i/processing_system7_0/inst/FCLK_CLK_unbuffered[0]
    BUFGCTRL_X0Y16       BUFG (Prop_bufg_I_O)         0.101     1.294 r  design_1_i/processing_system7_0/inst/buffer_fclk_clk_0.FCLK_CLK_0_BUFG/O
                         net (fo=9595, routed)        1.650     2.944    design_1_i/conv2d_stream_0/inst/grp_conv2d_stream_Pipeline_VITIS_LOOP_66_5_VITIS_LOOP_67_6_fu_205/ap_clk
    SLICE_X48Y53         FDRE                                         r  design_1_i/conv2d_stream_0/inst/grp_conv2d_stream_Pipeline_VITIS_LOOP_66_5_VITIS_LOOP_67_6_fu_205/pj_fu_160_reg[3]/C
  -------------------------------------------------------------------    -------------------
    SLICE_X48Y53         FDRE (Prop_fdre_C_Q)         0.419     3.363 r  design_1_i/conv2d_stream_0/inst/grp_conv2d_stream_Pipeline_VITIS_LOOP_66_5_VITIS_LOOP_67_6_fu_205/pj_fu_160_reg[3]/Q
                         net (fo=10, routed)          1.273     4.636    design_1_i/conv2d_stream_0/inst/grp_conv2d_stream_Pipeline_VITIS_LOOP_66_5_VITIS_LOOP_67_6_fu_205/fmul_32ns_32ns_32_2_max_dsp_1_U34/icmp_ln97_reg_1300_reg[0][3]
    SLICE_X49Y57         LUT6 (Prop_lut6_I0_O)        0.299     4.935 r  design_1_i/conv2d_stream_0/inst/grp_conv2d_stream_Pipeline_VITIS_LOOP_66_5_VITIS_LOOP_67_6_fu_205/fmul_32ns_32ns_32_2_max_dsp_1_U34/ram_reg_i_66/O
                         net (fo=1, routed)           0.000     4.935    design_1_i/conv2d_stream_0/inst/grp_conv2d_stream_Pipeline_VITIS_LOOP_66_5_VITIS_LOOP_67_6_fu_205/fmul_32ns_32ns_32_2_max_dsp_1_U34/ram_reg_i_66_n_2
    SLICE_X49Y57         CARRY4 (Prop_carry4_S[1]_CO[3])
                                                      0.550     5.485 r  design_1_i/conv2d_stream_0/inst/grp_conv2d_stream_Pipeline_VITIS_LOOP_66_5_VITIS_LOOP_67_6_fu_205/fmul_32ns_32ns_32_2_max_dsp_1_U34/ram_reg_i_59/CO[3]
                         net (fo=1, routed)           0.000     5.485    design_1_i/conv2d_stream_0/inst/grp_conv2d_stream_Pipeline_VITIS_LOOP_66_5_VITIS_LOOP_67_6_fu_205/fmul_32ns_32ns_32_2_max_dsp_1_U34/ram_reg_i_59_n_2
    SLICE_X49Y58         CARRY4 (Prop_carry4_CI_CO[3])
                                                      0.114     5.599 r  design_1_i/conv2d_stream_0/inst/grp_conv2d_stream_Pipeline_VITIS_LOOP_66_5_VITIS_LOOP_67_6_fu_205/fmul_32ns_32ns_32_2_max_dsp_1_U34/ram_reg_i_55/CO[3]
                         net (fo=1, routed)           0.000     5.599    design_1_i/conv2d_stream_0/inst/grp_conv2d_stream_Pipeline_VITIS_LOOP_66_5_VITIS_LOOP_67_6_fu_205/fmul_32ns_32ns_32_2_max_dsp_1_U34/ram_reg_i_55_n_2
    SLICE_X49Y59         CARRY4 (Prop_carry4_CI_CO[2])
                                                      0.228     5.827 r  design_1_i/conv2d_stream_0/inst/grp_conv2d_stream_Pipeline_VITIS_LOOP_66_5_VITIS_LOOP_67_6_fu_205/fmul_32ns_32ns_32_2_max_dsp_1_U34/ram_reg_i_53/CO[2]
                         net (fo=37, routed)          0.822     6.649    design_1_i/conv2d_stream_0/inst/grp_conv2d_stream_Pipeline_VITIS_LOOP_66_5_VITIS_LOOP_67_6_fu_205/fmul_32ns_32ns_32_2_max_dsp_1_U34/padded_cols_reg_467_reg[30][0]
    SLICE_X50Y55         LUT5 (Prop_lut5_I2_O)        0.305     6.954 r  design_1_i/conv2d_stream_0/inst/grp_conv2d_stream_Pipeline_VITIS_LOOP_66_5_VITIS_LOOP_67_6_fu_205/fmul_32ns_32ns_32_2_max_dsp_1_U34/icmp_ln97_reg_1300[0]_i_2/O
                         net (fo=5, routed)           0.837     7.791    design_1_i/conv2d_stream_0/inst/grp_conv2d_stream_Pipeline_VITIS_LOOP_66_5_VITIS_LOOP_67_6_fu_205/fmul_32ns_32ns_32_2_max_dsp_1_U34/icmp_ln97_reg_1300[0]_i_2_n_2
    SLICE_X50Y47         LUT6 (Prop_lut6_I0_O)        0.328     8.119 r  design_1_i/conv2d_stream_0/inst/grp_conv2d_stream_Pipeline_VITIS_LOOP_66_5_VITIS_LOOP_67_6_fu_205/fmul_32ns_32ns_32_2_max_dsp_1_U34/icmp_ln97_reg_1300[0]_i_1/O
                         net (fo=27, routed)          0.971     9.090    design_1_i/conv2d_stream_0/inst/grp_conv2d_stream_Pipeline_VITIS_LOOP_66_5_VITIS_LOOP_67_6_fu_205/fmul_32ns_32ns_32_2_max_dsp_1_U34/icmp_ln97_fu_830_p2
    SLICE_X51Y57         LUT3 (Prop_lut3_I0_O)        0.124     9.214 r  design_1_i/conv2d_stream_0/inst/grp_conv2d_stream_Pipeline_VITIS_LOOP_66_5_VITIS_LOOP_67_6_fu_205/fmul_32ns_32ns_32_2_max_dsp_1_U34/ap_phi_reg_pp0_iter2_new_pixel_2_reg_398[31]_i_22/O
                         net (fo=1, routed)           0.000     9.214    design_1_i/conv2d_stream_0/inst/grp_conv2d_stream_Pipeline_VITIS_LOOP_66_5_VITIS_LOOP_67_6_fu_205/fmul_32ns_32ns_32_2_max_dsp_1_U34/ap_phi_reg_pp0_iter2_new_pixel_2_reg_398[31]_i_22_n_2
    SLICE_X51Y57         CARRY4 (Prop_carry4_S[1]_CO[3])
                                                      0.550     9.764 r  design_1_i/conv2d_stream_0/inst/grp_conv2d_stream_Pipeline_VITIS_LOOP_66_5_VITIS_LOOP_67_6_fu_205/fmul_32ns_32ns_32_2_max_dsp_1_U34/ap_phi_reg_pp0_iter2_new_pixel_2_reg_398_reg[31]_i_6/CO[3]
                         net (fo=1, routed)           0.000     9.764    design_1_i/conv2d_stream_0/inst/grp_conv2d_stream_Pipeline_VITIS_LOOP_66_5_VITIS_LOOP_67_6_fu_205/fmul_32ns_32ns_32_2_max_dsp_1_U34/ap_phi_reg_pp0_iter2_new_pixel_2_reg_398_reg[31]_i_6_n_2
    SLICE_X51Y58         CARRY4 (Prop_carry4_CI_CO[3])
                                                      0.114     9.878 f  design_1_i/conv2d_stream_0/inst/grp_conv2d_stream_Pipeline_VITIS_LOOP_66_5_VITIS_LOOP_67_6_fu_205/fmul_32ns_32ns_32_2_max_dsp_1_U34/ap_phi_reg_pp0_iter2_new_pixel_2_reg_398_reg[31]_i_5/CO[3]
                         net (fo=2, routed)           1.330    11.208    design_1_i/conv2d_stream_0/inst/grp_conv2d_stream_Pipeline_VITIS_LOOP_66_5_VITIS_LOOP_67_6_fu_205/fmul_32ns_32ns_32_2_max_dsp_1_U34/cols_read_reg_360_reg[31][0]
    SLICE_X50Y47         LUT6 (Prop_lut6_I5_O)        0.124    11.332 r  design_1_i/conv2d_stream_0/inst/grp_conv2d_stream_Pipeline_VITIS_LOOP_66_5_VITIS_LOOP_67_6_fu_205/fmul_32ns_32ns_32_2_max_dsp_1_U34/ce_r_i_4/O
                         net (fo=1, routed)           0.737    12.069    design_1_i/conv2d_stream_0/inst/grp_conv2d_stream_Pipeline_VITIS_LOOP_66_5_VITIS_LOOP_67_6_fu_205/fmul_32ns_32ns_32_2_max_dsp_1_U34/ce_r_i_4_n_2
    SLICE_X54Y53         LUT6 (Prop_lut6_I1_O)        0.124    12.193 r  design_1_i/conv2d_stream_0/inst/grp_conv2d_stream_Pipeline_VITIS_LOOP_66_5_VITIS_LOOP_67_6_fu_205/fmul_32ns_32ns_32_2_max_dsp_1_U34/ce_r_i_2/O
                         net (fo=34, routed)          0.964    13.158    design_1_i/conv2d_stream_0/inst/grp_conv2d_stream_Pipeline_VITIS_LOOP_66_5_VITIS_LOOP_67_6_fu_205/fmul_32ns_32ns_32_2_max_dsp_1_U34/ce_r_i_8_0
    SLICE_X43Y44         LUT6 (Prop_lut6_I2_O)        0.124    13.282 r  design_1_i/conv2d_stream_0/inst/grp_conv2d_stream_Pipeline_VITIS_LOOP_66_5_VITIS_LOOP_67_6_fu_205/fmul_32ns_32ns_32_2_max_dsp_1_U34/ce_r_i_1/O
                         net (fo=1953, routed)        1.604    14.886    design_1_i/conv2d_stream_0/inst/grp_conv2d_stream_Pipeline_VITIS_LOOP_66_5_VITIS_LOOP_67_6_fu_205/ap_block_pp0_stage0_subdone
    SLICE_X54Y53         LUT4 (Prop_lut4_I2_O)        0.124    15.010 r  design_1_i/conv2d_stream_0/inst/grp_conv2d_stream_Pipeline_VITIS_LOOP_66_5_VITIS_LOOP_67_6_fu_205/ap_phi_reg_pp0_iter2_new_pixel_2_reg_398[31]_i_1/O
                         net (fo=32, routed)          1.585    16.594    design_1_i/conv2d_stream_0/inst/grp_conv2d_stream_Pipeline_VITIS_LOOP_66_5_VITIS_LOOP_67_6_fu_205/ap_phi_reg_pp0_iter2_new_pixel_2_reg_398
    SLICE_X34Y40         FDRE                                         r  design_1_i/conv2d_stream_0/inst/grp_conv2d_stream_Pipeline_VITIS_LOOP_66_5_VITIS_LOOP_67_6_fu_205/ap_phi_reg_pp0_iter2_new_pixel_2_reg_398_reg[27]/R
  -------------------------------------------------------------------    -------------------

                         (clock clk_fpga_0 rise edge)
                                                     20.000    20.000 r  
    PS7_X0Y0             PS7                          0.000    20.000 r  design_1_i/processing_system7_0/inst/PS7_i/FCLKCLK[0]
                         net (fo=1, routed)           1.088    21.088    design_1_i/processing_system7_0/inst/FCLK_CLK_unbuffered[0]
    BUFGCTRL_X0Y16       BUFG (Prop_bufg_I_O)         0.091    21.179 r  design_1_i/processing_system7_0/inst/buffer_fclk_clk_0.FCLK_CLK_0_BUFG/O
                         net (fo=9595, routed)        1.494    22.674    design_1_i/conv2d_stream_0/inst/grp_conv2d_stream_Pipeline_VITIS_LOOP_66_5_VITIS_LOOP_67_6_fu_205/ap_clk
    SLICE_X34Y40         FDRE                                         r  design_1_i/conv2d_stream_0/inst/grp_conv2d_stream_Pipeline_VITIS_LOOP_66_5_VITIS_LOOP_67_6_fu_205/ap_phi_reg_pp0_iter2_new_pixel_2_reg_398_reg[27]/C
                         clock pessimism              0.115    22.788    
                         clock uncertainty           -0.302    22.486    
    SLICE_X34Y40         FDRE (Setup_fdre_C_R)       -0.524    21.962    design_1_i/conv2d_stream_0/inst/grp_conv2d_stream_Pipeline_VITIS_LOOP_66_5_VITIS_LOOP_67_6_fu_205/ap_phi_reg_pp0_iter2_new_pixel_2_reg_398_reg[27]
  -------------------------------------------------------------------
                         required time                         21.962    
                         arrival time                         -16.595    
  -------------------------------------------------------------------
                         slack                                  5.368    

Slack (MET) :             5.444ns  (required time - arrival time)
  Source:                 design_1_i/conv2d_stream_0/inst/grp_conv2d_stream_Pipeline_VITIS_LOOP_66_5_VITIS_LOOP_67_6_fu_205/pj_fu_160_reg[3]/C
                            (rising edge-triggered cell FDRE clocked by clk_fpga_0  {rise@0.000ns fall@10.000ns period=20.000ns})
  Destination:            design_1_i/conv2d_stream_0/inst/grp_conv2d_stream_Pipeline_VITIS_LOOP_66_5_VITIS_LOOP_67_6_fu_205/ap_phi_reg_pp0_iter2_new_pixel_2_reg_398_reg[10]/R
                            (rising edge-triggered cell FDRE clocked by clk_fpga_0  {rise@0.000ns fall@10.000ns period=20.000ns})
  Path Group:             clk_fpga_0
  Path Type:              Setup (Max at Slow Process Corner)
  Requirement:            20.000ns  (clk_fpga_0 rise@20.000ns - clk_fpga_0 rise@0.000ns)
  Data Path Delay:        13.668ns  (logic 3.527ns (25.804%)  route 10.141ns (74.196%))
  Logic Levels:           13  (CARRY4=5 LUT3=1 LUT4=1 LUT5=1 LUT6=5)
  Clock Path Skew:        -0.157ns (DCD - SCD + CPR)
    Destination Clock Delay (DCD):    2.672ns = ( 22.673 - 20.000 ) 
    Source Clock Delay      (SCD):    2.944ns
    Clock Pessimism Removal (CPR):    0.115ns
  Clock Uncertainty:      0.302ns  ((TSJ^2 + TIJ^2)^1/2 + DJ) / 2 + PE
    Total System Jitter     (TSJ):    0.071ns
    Total Input Jitter      (TIJ):    0.600ns
    Discrete Jitter          (DJ):    0.000ns
    Phase Error              (PE):    0.000ns

    Location             Delay type                Incr(ns)  Path(ns)    Netlist Resource(s)
  -------------------------------------------------------------------    -------------------
                         (clock clk_fpga_0 rise edge)
                                                      0.000     0.000 r  
    PS7_X0Y0             PS7                          0.000     0.000 r  design_1_i/processing_system7_0/inst/PS7_i/FCLKCLK[0]
                         net (fo=1, routed)           1.193     1.193    design_1_i/processing_system7_0/inst/FCLK_CLK_unbuffered[0]
    BUFGCTRL_X0Y16       BUFG (Prop_bufg_I_O)         0.101     1.294 r  design_1_i/processing_system7_0/inst/buffer_fclk_clk_0.FCLK_CLK_0_BUFG/O
                         net (fo=9595, routed)        1.650     2.944    design_1_i/conv2d_stream_0/inst/grp_conv2d_stream_Pipeline_VITIS_LOOP_66_5_VITIS_LOOP_67_6_fu_205/ap_clk
    SLICE_X48Y53         FDRE                                         r  design_1_i/conv2d_stream_0/inst/grp_conv2d_stream_Pipeline_VITIS_LOOP_66_5_VITIS_LOOP_67_6_fu_205/pj_fu_160_reg[3]/C
  -------------------------------------------------------------------    -------------------
    SLICE_X48Y53         FDRE (Prop_fdre_C_Q)         0.419     3.363 r  design_1_i/conv2d_stream_0/inst/grp_conv2d_stream_Pipeline_VITIS_LOOP_66_5_VITIS_LOOP_67_6_fu_205/pj_fu_160_reg[3]/Q
                         net (fo=10, routed)          1.273     4.636    design_1_i/conv2d_stream_0/inst/grp_conv2d_stream_Pipeline_VITIS_LOOP_66_5_VITIS_LOOP_67_6_fu_205/fmul_32ns_32ns_32_2_max_dsp_1_U34/icmp_ln97_reg_1300_reg[0][3]
    SLICE_X49Y57         LUT6 (Prop_lut6_I0_O)        0.299     4.935 r  design_1_i/conv2d_stream_0/inst/grp_conv2d_stream_Pipeline_VITIS_LOOP_66_5_VITIS_LOOP_67_6_fu_205/fmul_32ns_32ns_32_2_max_dsp_1_U34/ram_reg_i_66/O
                         net (fo=1, routed)           0.000     4.935    design_1_i/conv2d_stream_0/inst/grp_conv2d_stream_Pipeline_VITIS_LOOP_66_5_VITIS_LOOP_67_6_fu_205/fmul_32ns_32ns_32_2_max_dsp_1_U34/ram_reg_i_66_n_2
    SLICE_X49Y57         CARRY4 (Prop_carry4_S[1]_CO[3])
                                                      0.550     5.485 r  design_1_i/conv2d_stream_0/inst/grp_conv2d_stream_Pipeline_VITIS_LOOP_66_5_VITIS_LOOP_67_6_fu_205/fmul_32ns_32ns_32_2_max_dsp_1_U34/ram_reg_i_59/CO[3]
                         net (fo=1, routed)           0.000     5.485    design_1_i/conv2d_stream_0/inst/grp_conv2d_stream_Pipeline_VITIS_LOOP_66_5_VITIS_LOOP_67_6_fu_205/fmul_32ns_32ns_32_2_max_dsp_1_U34/ram_reg_i_59_n_2
    SLICE_X49Y58         CARRY4 (Prop_carry4_CI_CO[3])
                                                      0.114     5.599 r  design_1_i/conv2d_stream_0/inst/grp_conv2d_stream_Pipeline_VITIS_LOOP_66_5_VITIS_LOOP_67_6_fu_205/fmul_32ns_32ns_32_2_max_dsp_1_U34/ram_reg_i_55/CO[3]
                         net (fo=1, routed)           0.000     5.599    design_1_i/conv2d_stream_0/inst/grp_conv2d_stream_Pipeline_VITIS_LOOP_66_5_VITIS_LOOP_67_6_fu_205/fmul_32ns_32ns_32_2_max_dsp_1_U34/ram_reg_i_55_n_2
    SLICE_X49Y59         CARRY4 (Prop_carry4_CI_CO[2])
                                                      0.228     5.827 r  design_1_i/conv2d_stream_0/inst/grp_conv2d_stream_Pipeline_VITIS_LOOP_66_5_VITIS_LOOP_67_6_fu_205/fmul_32ns_32ns_32_2_max_dsp_1_U34/ram_reg_i_53/CO[2]
                         net (fo=37, routed)          0.822     6.649    design_1_i/conv2d_stream_0/inst/grp_conv2d_stream_Pipeline_VITIS_LOOP_66_5_VITIS_LOOP_67_6_fu_205/fmul_32ns_32ns_32_2_max_dsp_1_U34/padded_cols_reg_467_reg[30][0]
    SLICE_X50Y55         LUT5 (Prop_lut5_I2_O)        0.305     6.954 r  design_1_i/conv2d_stream_0/inst/grp_conv2d_stream_Pipeline_VITIS_LOOP_66_5_VITIS_LOOP_67_6_fu_205/fmul_32ns_32ns_32_2_max_dsp_1_U34/icmp_ln97_reg_1300[0]_i_2/O
                         net (fo=5, routed)           0.837     7.791    design_1_i/conv2d_stream_0/inst/grp_conv2d_stream_Pipeline_VITIS_LOOP_66_5_VITIS_LOOP_67_6_fu_205/fmul_32ns_32ns_32_2_max_dsp_1_U34/icmp_ln97_reg_1300[0]_i_2_n_2
    SLICE_X50Y47         LUT6 (Prop_lut6_I0_O)        0.328     8.119 r  design_1_i/conv2d_stream_0/inst/grp_conv2d_stream_Pipeline_VITIS_LOOP_66_5_VITIS_LOOP_67_6_fu_205/fmul_32ns_32ns_32_2_max_dsp_1_U34/icmp_ln97_reg_1300[0]_i_1/O
                         net (fo=27, routed)          0.971     9.090    design_1_i/conv2d_stream_0/inst/grp_conv2d_stream_Pipeline_VITIS_LOOP_66_5_VITIS_LOOP_67_6_fu_205/fmul_32ns_32ns_32_2_max_dsp_1_U34/icmp_ln97_fu_830_p2
    SLICE_X51Y57         LUT3 (Prop_lut3_I0_O)        0.124     9.214 r  design_1_i/conv2d_stream_0/inst/grp_conv2d_stream_Pipeline_VITIS_LOOP_66_5_VITIS_LOOP_67_6_fu_205/fmul_32ns_32ns_32_2_max_dsp_1_U34/ap_phi_reg_pp0_iter2_new_pixel_2_reg_398[31]_i_22/O
                         net (fo=1, routed)           0.000     9.214    design_1_i/conv2d_stream_0/inst/grp_conv2d_stream_Pipeline_VITIS_LOOP_66_5_VITIS_LOOP_67_6_fu_205/fmul_32ns_32ns_32_2_max_dsp_1_U34/ap_phi_reg_pp0_iter2_new_pixel_2_reg_398[31]_i_22_n_2
    SLICE_X51Y57         CARRY4 (Prop_carry4_S[1]_CO[3])
                                                      0.550     9.764 r  design_1_i/conv2d_stream_0/inst/grp_conv2d_stream_Pipeline_VITIS_LOOP_66_5_VITIS_LOOP_67_6_fu_205/fmul_32ns_32ns_32_2_max_dsp_1_U34/ap_phi_reg_pp0_iter2_new_pixel_2_reg_398_reg[31]_i_6/CO[3]
                         net (fo=1, routed)           0.000     9.764    design_1_i/conv2d_stream_0/inst/grp_conv2d_stream_Pipeline_VITIS_LOOP_66_5_VITIS_LOOP_67_6_fu_205/fmul_32ns_32ns_32_2_max_dsp_1_U34/ap_phi_reg_pp0_iter2_new_pixel_2_reg_398_reg[31]_i_6_n_2
    SLICE_X51Y58         CARRY4 (Prop_carry4_CI_CO[3])
                                                      0.114     9.878 f  design_1_i/conv2d_stream_0/inst/grp_conv2d_stream_Pipeline_VITIS_LOOP_66_5_VITIS_LOOP_67_6_fu_205/fmul_32ns_32ns_32_2_max_dsp_1_U34/ap_phi_reg_pp0_iter2_new_pixel_2_reg_398_reg[31]_i_5/CO[3]
                         net (fo=2, routed)           1.330    11.208    design_1_i/conv2d_stream_0/inst/grp_conv2d_stream_Pipeline_VITIS_LOOP_66_5_VITIS_LOOP_67_6_fu_205/fmul_32ns_32ns_32_2_max_dsp_1_U34/cols_read_reg_360_reg[31][0]
    SLICE_X50Y47         LUT6 (Prop_lut6_I5_O)        0.124    11.332 r  design_1_i/conv2d_stream_0/inst/grp_conv2d_stream_Pipeline_VITIS_LOOP_66_5_VITIS_LOOP_67_6_fu_205/fmul_32ns_32ns_32_2_max_dsp_1_U34/ce_r_i_4/O
                         net (fo=1, routed)           0.737    12.069    design_1_i/conv2d_stream_0/inst/grp_conv2d_stream_Pipeline_VITIS_LOOP_66_5_VITIS_LOOP_67_6_fu_205/fmul_32ns_32ns_32_2_max_dsp_1_U34/ce_r_i_4_n_2
    SLICE_X54Y53         LUT6 (Prop_lut6_I1_O)        0.124    12.193 r  design_1_i/conv2d_stream_0/inst/grp_conv2d_stream_Pipeline_VITIS_LOOP_66_5_VITIS_LOOP_67_6_fu_205/fmul_32ns_32ns_32_2_max_dsp_1_U34/ce_r_i_2/O
                         net (fo=34, routed)          0.964    13.158    design_1_i/conv2d_stream_0/inst/grp_conv2d_stream_Pipeline_VITIS_LOOP_66_5_VITIS_LOOP_67_6_fu_205/fmul_32ns_32ns_32_2_max_dsp_1_U34/ce_r_i_8_0
    SLICE_X43Y44         LUT6 (Prop_lut6_I2_O)        0.124    13.282 r  design_1_i/conv2d_stream_0/inst/grp_conv2d_stream_Pipeline_VITIS_LOOP_66_5_VITIS_LOOP_67_6_fu_205/fmul_32ns_32ns_32_2_max_dsp_1_U34/ce_r_i_1/O
                         net (fo=1953, routed)        1.604    14.886    design_1_i/conv2d_stream_0/inst/grp_conv2d_stream_Pipeline_VITIS_LOOP_66_5_VITIS_LOOP_67_6_fu_205/ap_block_pp0_stage0_subdone
    SLICE_X54Y53         LUT4 (Prop_lut4_I2_O)        0.124    15.010 r  design_1_i/conv2d_stream_0/inst/grp_conv2d_stream_Pipeline_VITIS_LOOP_66_5_VITIS_LOOP_67_6_fu_205/ap_phi_reg_pp0_iter2_new_pixel_2_reg_398[31]_i_1/O
                         net (fo=32, routed)          1.603    16.612    design_1_i/conv2d_stream_0/inst/grp_conv2d_stream_Pipeline_VITIS_LOOP_66_5_VITIS_LOOP_67_6_fu_205/ap_phi_reg_pp0_iter2_new_pixel_2_reg_398
    SLICE_X33Y39         FDRE                                         r  design_1_i/conv2d_stream_0/inst/grp_conv2d_stream_Pipeline_VITIS_LOOP_66_5_VITIS_LOOP_67_6_fu_205/ap_phi_reg_pp0_iter2_new_pixel_2_reg_398_reg[10]/R
  -------------------------------------------------------------------    -------------------

                         (clock clk_fpga_0 rise edge)
                                                     20.000    20.000 r  
    PS7_X0Y0             PS7                          0.000    20.000 r  design_1_i/processing_system7_0/inst/PS7_i/FCLKCLK[0]
                         net (fo=1, routed)           1.088    21.088    design_1_i/processing_system7_0/inst/FCLK_CLK_unbuffered[0]
    BUFGCTRL_X0Y16       BUFG (Prop_bufg_I_O)         0.091    21.179 r  design_1_i/processing_system7_0/inst/buffer_fclk_clk_0.FCLK_CLK_0_BUFG/O
                         net (fo=9595, routed)        1.493    22.673    design_1_i/conv2d_stream_0/inst/grp_conv2d_stream_Pipeline_VITIS_LOOP_66_5_VITIS_LOOP_67_6_fu_205/ap_clk
    SLICE_X33Y39         FDRE                                         r  design_1_i/conv2d_stream_0/inst/grp_conv2d_stream_Pipeline_VITIS_LOOP_66_5_VITIS_LOOP_67_6_fu_205/ap_phi_reg_pp0_iter2_new_pixel_2_reg_398_reg[10]/C
                         clock pessimism              0.115    22.787    
                         clock uncertainty           -0.302    22.485    
    SLICE_X33Y39         FDRE (Setup_fdre_C_R)       -0.429    22.056    design_1_i/conv2d_stream_0/inst/grp_conv2d_stream_Pipeline_VITIS_LOOP_66_5_VITIS_LOOP_67_6_fu_205/ap_phi_reg_pp0_iter2_new_pixel_2_reg_398_reg[10]
  -------------------------------------------------------------------
                         required time                         22.056    
                         arrival time                         -16.612    
  -------------------------------------------------------------------
                         slack                                  5.444    





Min Delay Paths
--------------------------------------------------------------------------------------
Slack (MET) :             0.017ns  (arrival time - required time)
  Source:                 design_1_i/conv2d_stream_0/inst/grp_conv2d_stream_Pipeline_VITIS_LOOP_66_5_VITIS_LOOP_67_6_fu_205/mul92_2_reg_1436_reg[16]/C
                            (rising edge-triggered cell FDRE clocked by clk_fpga_0  {rise@0.000ns fall@10.000ns period=20.000ns})
  Destination:            design_1_i/conv2d_stream_0/inst/grp_conv2d_stream_Pipeline_VITIS_LOOP_66_5_VITIS_LOOP_67_6_fu_205/fadd_32ns_32ns_32_4_full_dsp_1_U25/din1_buf1_reg[16]/D
                            (rising edge-triggered cell FDRE clocked by clk_fpga_0  {rise@0.000ns fall@10.000ns period=20.000ns})
  Path Group:             clk_fpga_0
  Path Type:              Hold (Min at Fast Process Corner)
  Requirement:            0.000ns  (clk_fpga_0 rise@0.000ns - clk_fpga_0 rise@0.000ns)
  Data Path Delay:        0.286ns  (logic 0.128ns (44.695%)  route 0.158ns (55.305%))
  Logic Levels:           0  
  Clock Path Skew:        0.257ns (DCD - SCD - CPR)
    Destination Clock Delay (DCD):    1.179ns
    Source Clock Delay      (SCD):    0.887ns
    Clock Pessimism Removal (CPR):    0.035ns

    Location             Delay type                Incr(ns)  Path(ns)    Netlist Resource(s)
  -------------------------------------------------------------------    -------------------
                         (clock clk_fpga_0 rise edge)
                                                      0.000     0.000 r  
    PS7_X0Y0             PS7                          0.000     0.000 r  design_1_i/processing_system7_0/inst/PS7_i/FCLKCLK[0]
                         net (fo=1, routed)           0.310     0.310    design_1_i/processing_system7_0/inst/FCLK_CLK_unbuffered[0]
    BUFGCTRL_X0Y16       BUFG (Prop_bufg_I_O)         0.026     0.336 r  design_1_i/processing_system7_0/inst/buffer_fclk_clk_0.FCLK_CLK_0_BUFG/O
                         net (fo=9595, routed)        0.551     0.887    design_1_i/conv2d_stream_0/inst/grp_conv2d_stream_Pipeline_VITIS_LOOP_66_5_VITIS_LOOP_67_6_fu_205/ap_clk
    SLICE_X49Y21         FDRE                                         r  design_1_i/conv2d_stream_0/inst/grp_conv2d_stream_Pipeline_VITIS_LOOP_66_5_VITIS_LOOP_67_6_fu_205/mul92_2_reg_1436_reg[16]/C
  -------------------------------------------------------------------    -------------------
    SLICE_X49Y21         FDRE (Prop_fdre_C_Q)         0.128     1.015 r  design_1_i/conv2d_stream_0/inst/grp_conv2d_stream_Pipeline_VITIS_LOOP_66_5_VITIS_LOOP_67_6_fu_205/mul92_2_reg_1436_reg[16]/Q
                         net (fo=1, routed)           0.158     1.173    design_1_i/conv2d_stream_0/inst/grp_conv2d_stream_Pipeline_VITIS_LOOP_66_5_VITIS_LOOP_67_6_fu_205/fadd_32ns_32ns_32_4_full_dsp_1_U25/din1_buf1_reg[31]_0[16]
    SLICE_X51Y21         FDRE                                         r  design_1_i/conv2d_stream_0/inst/grp_conv2d_stream_Pipeline_VITIS_LOOP_66_5_VITIS_LOOP_67_6_fu_205/fadd_32ns_32ns_32_4_full_dsp_1_U25/din1_buf1_reg[16]/D
  -------------------------------------------------------------------    -------------------

                         (clock clk_fpga_0 rise edge)
                                                      0.000     0.000 r  
    PS7_X0Y0             PS7                          0.000     0.000 r  design_1_i/processing_system7_0/inst/PS7_i/FCLKCLK[0]
                         net (fo=1, routed)           0.337     0.337    design_1_i/processing_system7_0/inst/FCLK_CLK_unbuffered[0]
    BUFGCTRL_X0Y16       BUFG (Prop_bufg_I_O)         0.029     0.366 r  design_1_i/processing_system7_0/inst/buffer_fclk_clk_0.FCLK_CLK_0_BUFG/O
                         net (fo=9595, routed)        0.813     1.179    design_1_i/conv2d_stream_0/inst/grp_conv2d_stream_Pipeline_VITIS_LOOP_66_5_VITIS_LOOP_67_6_fu_205/fadd_32ns_32ns_32_4_full_dsp_1_U25/ap_clk
    SLICE_X51Y21         FDRE                                         r  design_1_i/conv2d_stream_0/inst/grp_conv2d_stream_Pipeline_VITIS_LOOP_66_5_VITIS_LOOP_67_6_fu_205/fadd_32ns_32ns_32_4_full_dsp_1_U25/din1_buf1_reg[16]/C
                         clock pessimism             -0.035     1.144    
    SLICE_X51Y21         FDRE (Hold_fdre_C_D)         0.012     1.156    design_1_i/conv2d_stream_0/inst/grp_conv2d_stream_Pipeline_VITIS_LOOP_66_5_VITIS_LOOP_67_6_fu_205/fadd_32ns_32ns_32_4_full_dsp_1_U25/din1_buf1_reg[16]
  -------------------------------------------------------------------
                         required time                         -1.156    
                         arrival time                           1.173    
  -------------------------------------------------------------------
                         slack                                  0.017    

Slack (MET) :             0.020ns  (arrival time - required time)
  Source:                 design_1_i/axi_mem_intercon/m00_couplers/auto_pc/inst/gen_axi4_axi3.axi3_conv_inst/USE_WRITE.write_addr_inst/USE_B_CHANNEL.cmd_b_queue/inst/fifo_gen_inst/inst_fifo_gen/gconvfifo.rf/grf.rf/gntv_or_sync_fifo.gl0.wr/wpntr/gcc0.gc0.count_d1_reg[4]/C
                            (rising edge-triggered cell FDCE clocked by clk_fpga_0  {rise@0.000ns fall@10.000ns period=20.000ns})
  Destination:            design_1_i/axi_mem_intercon/m00_couplers/auto_pc/inst/gen_axi4_axi3.axi3_conv_inst/USE_WRITE.write_addr_inst/USE_B_CHANNEL.cmd_b_queue/inst/fifo_gen_inst/inst_fifo_gen/gconvfifo.rf/grf.rf/gntv_or_sync_fifo.mem/gdm.dm_gen.dm/RAM_reg_0_31_0_4/RAMA/WADR4
                            (rising edge-triggered cell RAMD32 clocked by clk_fpga_0  {rise@0.000ns fall@10.000ns period=20.000ns})
  Path Group:             clk_fpga_0
  Path Type:              Hold (Min at Fast Process Corner)
  Requirement:            0.000ns  (clk_fpga_0 rise@0.000ns - clk_fpga_0 rise@0.000ns)
  Data Path Delay:        0.233ns  (logic 0.141ns (60.453%)  route 0.092ns (39.547%))
  Logic Levels:           0  
  Clock Path Skew:        0.013ns (DCD - SCD - CPR)
    Destination Clock Delay (DCD):    1.197ns
    Source Clock Delay      (SCD):    0.902ns
    Clock Pessimism Removal (CPR):    0.282ns

    Location             Delay type                Incr(ns)  Path(ns)    Netlist Resource(s)
  -------------------------------------------------------------------    -------------------
                         (clock clk_fpga_0 rise edge)
                                                      0.000     0.000 r  
    PS7_X0Y0             PS7                          0.000     0.000 r  design_1_i/processing_system7_0/inst/PS7_i/FCLKCLK[0]
                         net (fo=1, routed)           0.310     0.310    design_1_i/processing_system7_0/inst/FCLK_CLK_unbuffered[0]
    BUFGCTRL_X0Y16       BUFG (Prop_bufg_I_O)         0.026     0.336 r  design_1_i/processing_system7_0/inst/buffer_fclk_clk_0.FCLK_CLK_0_BUFG/O
                         net (fo=9595, routed)        0.566     0.902    design_1_i/axi_mem_intercon/m00_couplers/auto_pc/inst/gen_axi4_axi3.axi3_conv_inst/USE_WRITE.write_addr_inst/USE_B_CHANNEL.cmd_b_queue/inst/fifo_gen_inst/inst_fifo_gen/gconvfifo.rf/grf.rf/gntv_or_sync_fifo.gl0.wr/wpntr/clk
    SLICE_X31Y77         FDCE                                         r  design_1_i/axi_mem_intercon/m00_couplers/auto_pc/inst/gen_axi4_axi3.axi3_conv_inst/USE_WRITE.write_addr_inst/USE_B_CHANNEL.cmd_b_queue/inst/fifo_gen_inst/inst_fifo_gen/gconvfifo.rf/grf.rf/gntv_or_sync_fifo.gl0.wr/wpntr/gcc0.gc0.count_d1_reg[4]/C
  -------------------------------------------------------------------    -------------------
    SLICE_X31Y77         FDCE (Prop_fdce_C_Q)         0.141     1.043 r  design_1_i/axi_mem_intercon/m00_couplers/auto_pc/inst/gen_axi4_axi3.axi3_conv_inst/USE_WRITE.write_addr_inst/USE_B_CHANNEL.cmd_b_queue/inst/fifo_gen_inst/inst_fifo_gen/gconvfifo.rf/grf.rf/gntv_or_sync_fifo.gl0.wr/wpntr/gcc0.gc0.count_d1_reg[4]/Q
                         net (fo=10, routed)          0.092     1.135    design_1_i/axi_mem_intercon/m00_couplers/auto_pc/inst/gen_axi4_axi3.axi3_conv_inst/USE_WRITE.write_addr_inst/USE_B_CHANNEL.cmd_b_queue/inst/fifo_gen_inst/inst_fifo_gen/gconvfifo.rf/grf.rf/gntv_or_sync_fifo.mem/gdm.dm_gen.dm/RAM_reg_0_31_0_4/ADDRD4
    SLICE_X30Y77         RAMD32                                       r  design_1_i/axi_mem_intercon/m00_couplers/auto_pc/inst/gen_axi4_axi3.axi3_conv_inst/USE_WRITE.write_addr_inst/USE_B_CHANNEL.cmd_b_queue/inst/fifo_gen_inst/inst_fifo_gen/gconvfifo.rf/grf.rf/gntv_or_sync_fifo.mem/gdm.dm_gen.dm/RAM_reg_0_31_0_4/RAMA/WADR4
  -------------------------------------------------------------------    -------------------

                         (clock clk_fpga_0 rise edge)
                                                      0.000     0.000 r  
    PS7_X0Y0             PS7                          0.000     0.000 r  design_1_i/processing_system7_0/inst/PS7_i/FCLKCLK[0]
                         net (fo=1, routed)           0.337     0.337    design_1_i/processing_system7_0/inst/FCLK_CLK_unbuffered[0]
    BUFGCTRL_X0Y16       BUFG (Prop_bufg_I_O)         0.029     0.366 r  design_1_i/processing_system7_0/inst/buffer_fclk_clk_0.FCLK_CLK_0_BUFG/O
                         net (fo=9595, routed)        0.831     1.197    design_1_i/axi_mem_intercon/m00_couplers/auto_pc/inst/gen_axi4_axi3.axi3_conv_inst/USE_WRITE.write_addr_inst/USE_B_CHANNEL.cmd_b_queue/inst/fifo_gen_inst/inst_fifo_gen/gconvfifo.rf/grf.rf/gntv_or_sync_fifo.mem/gdm.dm_gen.dm/RAM_reg_0_31_0_4/WCLK
    SLICE_X30Y77         RAMD32                                       r  design_1_i/axi_mem_intercon/m00_couplers/auto_pc/inst/gen_axi4_axi3.axi3_conv_inst/USE_WRITE.write_addr_inst/USE_B_CHANNEL.cmd_b_queue/inst/fifo_gen_inst/inst_fifo_gen/gconvfifo.rf/grf.rf/gntv_or_sync_fifo.mem/gdm.dm_gen.dm/RAM_reg_0_31_0_4/RAMA/CLK
                         clock pessimism             -0.282     0.915    
    SLICE_X30Y77         RAMD32 (Hold_ramd32_CLK_WADR4)
                                                      0.200     1.115    design_1_i/axi_mem_intercon/m00_couplers/auto_pc/inst/gen_axi4_axi3.axi3_conv_inst/USE_WRITE.write_addr_inst/USE_B_CHANNEL.cmd_b_queue/inst/fifo_gen_inst/inst_fifo_gen/gconvfifo.rf/grf.rf/gntv_or_sync_fifo.mem/gdm.dm_gen.dm/RAM_reg_0_31_0_4/RAMA
  -------------------------------------------------------------------
                         required time                         -1.115    
                         arrival time                           1.135    
  -------------------------------------------------------------------
                         slack                                  0.020    

Slack (MET) :             0.020ns  (arrival time - required time)
  Source:                 design_1_i/axi_mem_intercon/m00_couplers/auto_pc/inst/gen_axi4_axi3.axi3_conv_inst/USE_WRITE.write_addr_inst/USE_B_CHANNEL.cmd_b_queue/inst/fifo_gen_inst/inst_fifo_gen/gconvfifo.rf/grf.rf/gntv_or_sync_fifo.gl0.wr/wpntr/gcc0.gc0.count_d1_reg[4]/C
                            (rising edge-triggered cell FDCE clocked by clk_fpga_0  {rise@0.000ns fall@10.000ns period=20.000ns})
  Destination:            design_1_i/axi_mem_intercon/m00_couplers/auto_pc/inst/gen_axi4_axi3.axi3_conv_inst/USE_WRITE.write_addr_inst/USE_B_CHANNEL.cmd_b_queue/inst/fifo_gen_inst/inst_fifo_gen/gconvfifo.rf/grf.rf/gntv_or_sync_fifo.mem/gdm.dm_gen.dm/RAM_reg_0_31_0_4/RAMA_D1/WADR4
                            (rising edge-triggered cell RAMD32 clocked by clk_fpga_0  {rise@0.000ns fall@10.000ns period=20.000ns})
  Path Group:             clk_fpga_0
  Path Type:              Hold (Min at Fast Process Corner)
  Requirement:            0.000ns  (clk_fpga_0 rise@0.000ns - clk_fpga_0 rise@0.000ns)
  Data Path Delay:        0.233ns  (logic 0.141ns (60.453%)  route 0.092ns (39.547%))
  Logic Levels:           0  
  Clock Path Skew:        0.013ns (DCD - SCD - CPR)
    Destination Clock Delay (DCD):    1.197ns
    Source Clock Delay      (SCD):    0.902ns
    Clock Pessimism Removal (CPR):    0.282ns

    Location             Delay type                Incr(ns)  Path(ns)    Netlist Resource(s)
  -------------------------------------------------------------------    -------------------
                         (clock clk_fpga_0 rise edge)
                                                      0.000     0.000 r  
    PS7_X0Y0             PS7                          0.000     0.000 r  design_1_i/processing_system7_0/inst/PS7_i/FCLKCLK[0]
                         net (fo=1, routed)           0.310     0.310    design_1_i/processing_system7_0/inst/FCLK_CLK_unbuffered[0]
    BUFGCTRL_X0Y16       BUFG (Prop_bufg_I_O)         0.026     0.336 r  design_1_i/processing_system7_0/inst/buffer_fclk_clk_0.FCLK_CLK_0_BUFG/O
                         net (fo=9595, routed)        0.566     0.902    design_1_i/axi_mem_intercon/m00_couplers/auto_pc/inst/gen_axi4_axi3.axi3_conv_inst/USE_WRITE.write_addr_inst/USE_B_CHANNEL.cmd_b_queue/inst/fifo_gen_inst/inst_fifo_gen/gconvfifo.rf/grf.rf/gntv_or_sync_fifo.gl0.wr/wpntr/clk
    SLICE_X31Y77         FDCE                                         r  design_1_i/axi_mem_intercon/m00_couplers/auto_pc/inst/gen_axi4_axi3.axi3_conv_inst/USE_WRITE.write_addr_inst/USE_B_CHANNEL.cmd_b_queue/inst/fifo_gen_inst/inst_fifo_gen/gconvfifo.rf/grf.rf/gntv_or_sync_fifo.gl0.wr/wpntr/gcc0.gc0.count_d1_reg[4]/C
  -------------------------------------------------------------------    -------------------
    SLICE_X31Y77         FDCE (Prop_fdce_C_Q)         0.141     1.043 r  design_1_i/axi_mem_intercon/m00_couplers/auto_pc/inst/gen_axi4_axi3.axi3_conv_inst/USE_WRITE.write_addr_inst/USE_B_CHANNEL.cmd_b_queue/inst/fifo_gen_inst/inst_fifo_gen/gconvfifo.rf/grf.rf/gntv_or_sync_fifo.gl0.wr/wpntr/gcc0.gc0.count_d1_reg[4]/Q
                         net (fo=10, routed)          0.092     1.135    design_1_i/axi_mem_intercon/m00_couplers/auto_pc/inst/gen_axi4_axi3.axi3_conv_inst/USE_WRITE.write_addr_inst/USE_B_CHANNEL.cmd_b_queue/inst/fifo_gen_inst/inst_fifo_gen/gconvfifo.rf/grf.rf/gntv_or_sync_fifo.mem/gdm.dm_gen.dm/RAM_reg_0_31_0_4/ADDRD4
    SLICE_X30Y77         RAMD32                                       r  design_1_i/axi_mem_intercon/m00_couplers/auto_pc/inst/gen_axi4_axi3.axi3_conv_inst/USE_WRITE.write_addr_inst/USE_B_CHANNEL.cmd_b_queue/inst/fifo_gen_inst/inst_fifo_gen/gconvfifo.rf/grf.rf/gntv_or_sync_fifo.mem/gdm.dm_gen.dm/RAM_reg_0_31_0_4/RAMA_D1/WADR4
  -------------------------------------------------------------------    -------------------

                         (clock clk_fpga_0 rise edge)
                                                      0.000     0.000 r  
    PS7_X0Y0             PS7                          0.000     0.000 r  design_1_i/processing_system7_0/inst/PS7_i/FCLKCLK[0]
                         net (fo=1, routed)           0.337     0.337    design_1_i/processing_system7_0/inst/FCLK_CLK_unbuffered[0]
    BUFGCTRL_X0Y16       BUFG (Prop_bufg_I_O)         0.029     0.366 r  design_1_i/processing_system7_0/inst/buffer_fclk_clk_0.FCLK_CLK_0_BUFG/O
                         net (fo=9595, routed)        0.831     1.197    design_1_i/axi_mem_intercon/m00_couplers/auto_pc/inst/gen_axi4_axi3.axi3_conv_inst/USE_WRITE.write_addr_inst/USE_B_CHANNEL.cmd_b_queue/inst/fifo_gen_inst/inst_fifo_gen/gconvfifo.rf/grf.rf/gntv_or_sync_fifo.mem/gdm.dm_gen.dm/RAM_reg_0_31_0_4/WCLK
    SLICE_X30Y77         RAMD32                                       r  design_1_i/axi_mem_intercon/m00_couplers/auto_pc/inst/gen_axi4_axi3.axi3_conv_inst/USE_WRITE.write_addr_inst/USE_B_CHANNEL.cmd_b_queue/inst/fifo_gen_inst/inst_fifo_gen/gconvfifo.rf/grf.rf/gntv_or_sync_fifo.mem/gdm.dm_gen.dm/RAM_reg_0_31_0_4/RAMA_D1/CLK
                         clock pessimism             -0.282     0.915    
    SLICE_X30Y77         RAMD32 (Hold_ramd32_CLK_WADR4)
                                                      0.200     1.115    design_1_i/axi_mem_intercon/m00_couplers/auto_pc/inst/gen_axi4_axi3.axi3_conv_inst/USE_WRITE.write_addr_inst/USE_B_CHANNEL.cmd_b_queue/inst/fifo_gen_inst/inst_fifo_gen/gconvfifo.rf/grf.rf/gntv_or_sync_fifo.mem/gdm.dm_gen.dm/RAM_reg_0_31_0_4/RAMA_D1
  -------------------------------------------------------------------
                         required time                         -1.115    
                         arrival time                           1.135    
  -------------------------------------------------------------------
                         slack                                  0.020    

Slack (MET) :             0.020ns  (arrival time - required time)
  Source:                 design_1_i/axi_mem_intercon/m00_couplers/auto_pc/inst/gen_axi4_axi3.axi3_conv_inst/USE_WRITE.write_addr_inst/USE_B_CHANNEL.cmd_b_queue/inst/fifo_gen_inst/inst_fifo_gen/gconvfifo.rf/grf.rf/gntv_or_sync_fifo.gl0.wr/wpntr/gcc0.gc0.count_d1_reg[4]/C
                            (rising edge-triggered cell FDCE clocked by clk_fpga_0  {rise@0.000ns fall@10.000ns period=20.000ns})
  Destination:            design_1_i/axi_mem_intercon/m00_couplers/auto_pc/inst/gen_axi4_axi3.axi3_conv_inst/USE_WRITE.write_addr_inst/USE_B_CHANNEL.cmd_b_queue/inst/fifo_gen_inst/inst_fifo_gen/gconvfifo.rf/grf.rf/gntv_or_sync_fifo.mem/gdm.dm_gen.dm/RAM_reg_0_31_0_4/RAMB/WADR4
                            (rising edge-triggered cell RAMD32 clocked by clk_fpga_0  {rise@0.000ns fall@10.000ns period=20.000ns})
  Path Group:             clk_fpga_0
  Path Type:              Hold (Min at Fast Process Corner)
  Requirement:            0.000ns  (clk_fpga_0 rise@0.000ns - clk_fpga_0 rise@0.000ns)
  Data Path Delay:        0.233ns  (logic 0.141ns (60.453%)  route 0.092ns (39.547%))
  Logic Levels:           0  
  Clock Path Skew:        0.013ns (DCD - SCD - CPR)
    Destination Clock Delay (DCD):    1.197ns
    Source Clock Delay      (SCD):    0.902ns
    Clock Pessimism Removal (CPR):    0.282ns

    Location             Delay type                Incr(ns)  Path(ns)    Netlist Resource(s)
  -------------------------------------------------------------------    -------------------
                         (clock clk_fpga_0 rise edge)
                                                      0.000     0.000 r  
    PS7_X0Y0             PS7                          0.000     0.000 r  design_1_i/processing_system7_0/inst/PS7_i/FCLKCLK[0]
                         net (fo=1, routed)           0.310     0.310    design_1_i/processing_system7_0/inst/FCLK_CLK_unbuffered[0]
    BUFGCTRL_X0Y16       BUFG (Prop_bufg_I_O)         0.026     0.336 r  design_1_i/processing_system7_0/inst/buffer_fclk_clk_0.FCLK_CLK_0_BUFG/O
                         net (fo=9595, routed)        0.566     0.902    design_1_i/axi_mem_intercon/m00_couplers/auto_pc/inst/gen_axi4_axi3.axi3_conv_inst/USE_WRITE.write_addr_inst/USE_B_CHANNEL.cmd_b_queue/inst/fifo_gen_inst/inst_fifo_gen/gconvfifo.rf/grf.rf/gntv_or_sync_fifo.gl0.wr/wpntr/clk
    SLICE_X31Y77         FDCE                                         r  design_1_i/axi_mem_intercon/m00_couplers/auto_pc/inst/gen_axi4_axi3.axi3_conv_inst/USE_WRITE.write_addr_inst/USE_B_CHANNEL.cmd_b_queue/inst/fifo_gen_inst/inst_fifo_gen/gconvfifo.rf/grf.rf/gntv_or_sync_fifo.gl0.wr/wpntr/gcc0.gc0.count_d1_reg[4]/C
  -------------------------------------------------------------------    -------------------
    SLICE_X31Y77         FDCE (Prop_fdce_C_Q)         0.141     1.043 r  design_1_i/axi_mem_intercon/m00_couplers/auto_pc/inst/gen_axi4_axi3.axi3_conv_inst/USE_WRITE.write_addr_inst/USE_B_CHANNEL.cmd_b_queue/inst/fifo_gen_inst/inst_fifo_gen/gconvfifo.rf/grf.rf/gntv_or_sync_fifo.gl0.wr/wpntr/gcc0.gc0.count_d1_reg[4]/Q
                         net (fo=10, routed)          0.092     1.135    design_1_i/axi_mem_intercon/m00_couplers/auto_pc/inst/gen_axi4_axi3.axi3_conv_inst/USE_WRITE.write_addr_inst/USE_B_CHANNEL.cmd_b_queue/inst/fifo_gen_inst/inst_fifo_gen/gconvfifo.rf/grf.rf/gntv_or_sync_fifo.mem/gdm.dm_gen.dm/RAM_reg_0_31_0_4/ADDRD4
    SLICE_X30Y77         RAMD32                                       r  design_1_i/axi_mem_intercon/m00_couplers/auto_pc/inst/gen_axi4_axi3.axi3_conv_inst/USE_WRITE.write_addr_inst/USE_B_CHANNEL.cmd_b_queue/inst/fifo_gen_inst/inst_fifo_gen/gconvfifo.rf/grf.rf/gntv_or_sync_fifo.mem/gdm.dm_gen.dm/RAM_reg_0_31_0_4/RAMB/WADR4
  -------------------------------------------------------------------    -------------------

                         (clock clk_fpga_0 rise edge)
                                                      0.000     0.000 r  
    PS7_X0Y0             PS7                          0.000     0.000 r  design_1_i/processing_system7_0/inst/PS7_i/FCLKCLK[0]
                         net (fo=1, routed)           0.337     0.337    design_1_i/processing_system7_0/inst/FCLK_CLK_unbuffered[0]
    BUFGCTRL_X0Y16       BUFG (Prop_bufg_I_O)         0.029     0.366 r  design_1_i/processing_system7_0/inst/buffer_fclk_clk_0.FCLK_CLK_0_BUFG/O
                         net (fo=9595, routed)        0.831     1.197    design_1_i/axi_mem_intercon/m00_couplers/auto_pc/inst/gen_axi4_axi3.axi3_conv_inst/USE_WRITE.write_addr_inst/USE_B_CHANNEL.cmd_b_queue/inst/fifo_gen_inst/inst_fifo_gen/gconvfifo.rf/grf.rf/gntv_or_sync_fifo.mem/gdm.dm_gen.dm/RAM_reg_0_31_0_4/WCLK
    SLICE_X30Y77         RAMD32                                       r  design_1_i/axi_mem_intercon/m00_couplers/auto_pc/inst/gen_axi4_axi3.axi3_conv_inst/USE_WRITE.write_addr_inst/USE_B_CHANNEL.cmd_b_queue/inst/fifo_gen_inst/inst_fifo_gen/gconvfifo.rf/grf.rf/gntv_or_sync_fifo.mem/gdm.dm_gen.dm/RAM_reg_0_31_0_4/RAMB/CLK
                         clock pessimism             -0.282     0.915    
    SLICE_X30Y77         RAMD32 (Hold_ramd32_CLK_WADR4)
                                                      0.200     1.115    design_1_i/axi_mem_intercon/m00_couplers/auto_pc/inst/gen_axi4_axi3.axi3_conv_inst/USE_WRITE.write_addr_inst/USE_B_CHANNEL.cmd_b_queue/inst/fifo_gen_inst/inst_fifo_gen/gconvfifo.rf/grf.rf/gntv_or_sync_fifo.mem/gdm.dm_gen.dm/RAM_reg_0_31_0_4/RAMB
  -------------------------------------------------------------------
                         required time                         -1.115    
                         arrival time                           1.135    
  -------------------------------------------------------------------
                         slack                                  0.020    

Slack (MET) :             0.020ns  (arrival time - required time)
  Source:                 design_1_i/axi_mem_intercon/m00_couplers/auto_pc/inst/gen_axi4_axi3.axi3_conv_inst/USE_WRITE.write_addr_inst/USE_B_CHANNEL.cmd_b_queue/inst/fifo_gen_inst/inst_fifo_gen/gconvfifo.rf/grf.rf/gntv_or_sync_fifo.gl0.wr/wpntr/gcc0.gc0.count_d1_reg[4]/C
                            (rising edge-triggered cell FDCE clocked by clk_fpga_0  {rise@0.000ns fall@10.000ns period=20.000ns})
  Destination:            design_1_i/axi_mem_intercon/m00_couplers/auto_pc/inst/gen_axi4_axi3.axi3_conv_inst/USE_WRITE.write_addr_inst/USE_B_CHANNEL.cmd_b_queue/inst/fifo_gen_inst/inst_fifo_gen/gconvfifo.rf/grf.rf/gntv_or_sync_fifo.mem/gdm.dm_gen.dm/RAM_reg_0_31_0_4/RAMB_D1/WADR4
                            (rising edge-triggered cell RAMD32 clocked by clk_fpga_0  {rise@0.000ns fall@10.000ns period=20.000ns})
  Path Group:             clk_fpga_0
  Path Type:              Hold (Min at Fast Process Corner)
  Requirement:            0.000ns  (clk_fpga_0 rise@0.000ns - clk_fpga_0 rise@0.000ns)
  Data Path Delay:        0.233ns  (logic 0.141ns (60.453%)  route 0.092ns (39.547%))
  Logic Levels:           0  
  Clock Path Skew:        0.013ns (DCD - SCD - CPR)
    Destination Clock Delay (DCD):    1.197ns
    Source Clock Delay      (SCD):    0.902ns
    Clock Pessimism Removal (CPR):    0.282ns

    Location             Delay type                Incr(ns)  Path(ns)    Netlist Resource(s)
  -------------------------------------------------------------------    -------------------
                         (clock clk_fpga_0 rise edge)
                                                      0.000     0.000 r  
    PS7_X0Y0             PS7                          0.000     0.000 r  design_1_i/processing_system7_0/inst/PS7_i/FCLKCLK[0]
                         net (fo=1, routed)           0.310     0.310    design_1_i/processing_system7_0/inst/FCLK_CLK_unbuffered[0]
    BUFGCTRL_X0Y16       BUFG (Prop_bufg_I_O)         0.026     0.336 r  design_1_i/processing_system7_0/inst/buffer_fclk_clk_0.FCLK_CLK_0_BUFG/O
                         net (fo=9595, routed)        0.566     0.902    design_1_i/axi_mem_intercon/m00_couplers/auto_pc/inst/gen_axi4_axi3.axi3_conv_inst/USE_WRITE.write_addr_inst/USE_B_CHANNEL.cmd_b_queue/inst/fifo_gen_inst/inst_fifo_gen/gconvfifo.rf/grf.rf/gntv_or_sync_fifo.gl0.wr/wpntr/clk
    SLICE_X31Y77         FDCE                                         r  design_1_i/axi_mem_intercon/m00_couplers/auto_pc/inst/gen_axi4_axi3.axi3_conv_inst/USE_WRITE.write_addr_inst/USE_B_CHANNEL.cmd_b_queue/inst/fifo_gen_inst/inst_fifo_gen/gconvfifo.rf/grf.rf/gntv_or_sync_fifo.gl0.wr/wpntr/gcc0.gc0.count_d1_reg[4]/C
  -------------------------------------------------------------------    -------------------
    SLICE_X31Y77         FDCE (Prop_fdce_C_Q)         0.141     1.043 r  design_1_i/axi_mem_intercon/m00_couplers/auto_pc/inst/gen_axi4_axi3.axi3_conv_inst/USE_WRITE.write_addr_inst/USE_B_CHANNEL.cmd_b_queue/inst/fifo_gen_inst/inst_fifo_gen/gconvfifo.rf/grf.rf/gntv_or_sync_fifo.gl0.wr/wpntr/gcc0.gc0.count_d1_reg[4]/Q
                         net (fo=10, routed)          0.092     1.135    design_1_i/axi_mem_intercon/m00_couplers/auto_pc/inst/gen_axi4_axi3.axi3_conv_inst/USE_WRITE.write_addr_inst/USE_B_CHANNEL.cmd_b_queue/inst/fifo_gen_inst/inst_fifo_gen/gconvfifo.rf/grf.rf/gntv_or_sync_fifo.mem/gdm.dm_gen.dm/RAM_reg_0_31_0_4/ADDRD4
    SLICE_X30Y77         RAMD32                                       r  design_1_i/axi_mem_intercon/m00_couplers/auto_pc/inst/gen_axi4_axi3.axi3_conv_inst/USE_WRITE.write_addr_inst/USE_B_CHANNEL.cmd_b_queue/inst/fifo_gen_inst/inst_fifo_gen/gconvfifo.rf/grf.rf/gntv_or_sync_fifo.mem/gdm.dm_gen.dm/RAM_reg_0_31_0_4/RAMB_D1/WADR4
  -------------------------------------------------------------------    -------------------

                         (clock clk_fpga_0 rise edge)
                                                      0.000     0.000 r  
    PS7_X0Y0             PS7                          0.000     0.000 r  design_1_i/processing_system7_0/inst/PS7_i/FCLKCLK[0]
                         net (fo=1, routed)           0.337     0.337    design_1_i/processing_system7_0/inst/FCLK_CLK_unbuffered[0]
    BUFGCTRL_X0Y16       BUFG (Prop_bufg_I_O)         0.029     0.366 r  design_1_i/processing_system7_0/inst/buffer_fclk_clk_0.FCLK_CLK_0_BUFG/O
                         net (fo=9595, routed)        0.831     1.197    design_1_i/axi_mem_intercon/m00_couplers/auto_pc/inst/gen_axi4_axi3.axi3_conv_inst/USE_WRITE.write_addr_inst/USE_B_CHANNEL.cmd_b_queue/inst/fifo_gen_inst/inst_fifo_gen/gconvfifo.rf/grf.rf/gntv_or_sync_fifo.mem/gdm.dm_gen.dm/RAM_reg_0_31_0_4/WCLK
    SLICE_X30Y77         RAMD32                                       r  design_1_i/axi_mem_intercon/m00_couplers/auto_pc/inst/gen_axi4_axi3.axi3_conv_inst/USE_WRITE.write_addr_inst/USE_B_CHANNEL.cmd_b_queue/inst/fifo_gen_inst/inst_fifo_gen/gconvfifo.rf/grf.rf/gntv_or_sync_fifo.mem/gdm.dm_gen.dm/RAM_reg_0_31_0_4/RAMB_D1/CLK
                         clock pessimism             -0.282     0.915    
    SLICE_X30Y77         RAMD32 (Hold_ramd32_CLK_WADR4)
                                                      0.200     1.115    design_1_i/axi_mem_intercon/m00_couplers/auto_pc/inst/gen_axi4_axi3.axi3_conv_inst/USE_WRITE.write_addr_inst/USE_B_CHANNEL.cmd_b_queue/inst/fifo_gen_inst/inst_fifo_gen/gconvfifo.rf/grf.rf/gntv_or_sync_fifo.mem/gdm.dm_gen.dm/RAM_reg_0_31_0_4/RAMB_D1
  -------------------------------------------------------------------
                         required time                         -1.115    
                         arrival time                           1.135    
  -------------------------------------------------------------------
                         slack                                  0.020    

Slack (MET) :             0.020ns  (arrival time - required time)
  Source:                 design_1_i/axi_mem_intercon/m00_couplers/auto_pc/inst/gen_axi4_axi3.axi3_conv_inst/USE_WRITE.write_addr_inst/USE_B_CHANNEL.cmd_b_queue/inst/fifo_gen_inst/inst_fifo_gen/gconvfifo.rf/grf.rf/gntv_or_sync_fifo.gl0.wr/wpntr/gcc0.gc0.count_d1_reg[4]/C
                            (rising edge-triggered cell FDCE clocked by clk_fpga_0  {rise@0.000ns fall@10.000ns period=20.000ns})
  Destination:            design_1_i/axi_mem_intercon/m00_couplers/auto_pc/inst/gen_axi4_axi3.axi3_conv_inst/USE_WRITE.write_addr_inst/USE_B_CHANNEL.cmd_b_queue/inst/fifo_gen_inst/inst_fifo_gen/gconvfifo.rf/grf.rf/gntv_or_sync_fifo.mem/gdm.dm_gen.dm/RAM_reg_0_31_0_4/RAMC/WADR4
                            (rising edge-triggered cell RAMD32 clocked by clk_fpga_0  {rise@0.000ns fall@10.000ns period=20.000ns})
  Path Group:             clk_fpga_0
  Path Type:              Hold (Min at Fast Process Corner)
  Requirement:            0.000ns  (clk_fpga_0 rise@0.000ns - clk_fpga_0 rise@0.000ns)
  Data Path Delay:        0.233ns  (logic 0.141ns (60.453%)  route 0.092ns (39.547%))
  Logic Levels:           0  
  Clock Path Skew:        0.013ns (DCD - SCD - CPR)
    Destination Clock Delay (DCD):    1.197ns
    Source Clock Delay      (SCD):    0.902ns
    Clock Pessimism Removal (CPR):    0.282ns

    Location             Delay type                Incr(ns)  Path(ns)    Netlist Resource(s)
  -------------------------------------------------------------------    -------------------
                         (clock clk_fpga_0 rise edge)
                                                      0.000     0.000 r  
    PS7_X0Y0             PS7                          0.000     0.000 r  design_1_i/processing_system7_0/inst/PS7_i/FCLKCLK[0]
                         net (fo=1, routed)           0.310     0.310    design_1_i/processing_system7_0/inst/FCLK_CLK_unbuffered[0]
    BUFGCTRL_X0Y16       BUFG (Prop_bufg_I_O)         0.026     0.336 r  design_1_i/processing_system7_0/inst/buffer_fclk_clk_0.FCLK_CLK_0_BUFG/O
                         net (fo=9595, routed)        0.566     0.902    design_1_i/axi_mem_intercon/m00_couplers/auto_pc/inst/gen_axi4_axi3.axi3_conv_inst/USE_WRITE.write_addr_inst/USE_B_CHANNEL.cmd_b_queue/inst/fifo_gen_inst/inst_fifo_gen/gconvfifo.rf/grf.rf/gntv_or_sync_fifo.gl0.wr/wpntr/clk
    SLICE_X31Y77         FDCE                                         r  design_1_i/axi_mem_intercon/m00_couplers/auto_pc/inst/gen_axi4_axi3.axi3_conv_inst/USE_WRITE.write_addr_inst/USE_B_CHANNEL.cmd_b_queue/inst/fifo_gen_inst/inst_fifo_gen/gconvfifo.rf/grf.rf/gntv_or_sync_fifo.gl0.wr/wpntr/gcc0.gc0.count_d1_reg[4]/C
  -------------------------------------------------------------------    -------------------
    SLICE_X31Y77         FDCE (Prop_fdce_C_Q)         0.141     1.043 r  design_1_i/axi_mem_intercon/m00_couplers/auto_pc/inst/gen_axi4_axi3.axi3_conv_inst/USE_WRITE.write_addr_inst/USE_B_CHANNEL.cmd_b_queue/inst/fifo_gen_inst/inst_fifo_gen/gconvfifo.rf/grf.rf/gntv_or_sync_fifo.gl0.wr/wpntr/gcc0.gc0.count_d1_reg[4]/Q
                         net (fo=10, routed)          0.092     1.135    design_1_i/axi_mem_intercon/m00_couplers/auto_pc/inst/gen_axi4_axi3.axi3_conv_inst/USE_WRITE.write_addr_inst/USE_B_CHANNEL.cmd_b_queue/inst/fifo_gen_inst/inst_fifo_gen/gconvfifo.rf/grf.rf/gntv_or_sync_fifo.mem/gdm.dm_gen.dm/RAM_reg_0_31_0_4/ADDRD4
    SLICE_X30Y77         RAMD32                                       r  design_1_i/axi_mem_intercon/m00_couplers/auto_pc/inst/gen_axi4_axi3.axi3_conv_inst/USE_WRITE.write_addr_inst/USE_B_CHANNEL.cmd_b_queue/inst/fifo_gen_inst/inst_fifo_gen/gconvfifo.rf/grf.rf/gntv_or_sync_fifo.mem/gdm.dm_gen.dm/RAM_reg_0_31_0_4/RAMC/WADR4
  -------------------------------------------------------------------    -------------------

                         (clock clk_fpga_0 rise edge)
                                                      0.000     0.000 r  
    PS7_X0Y0             PS7                          0.000     0.000 r  design_1_i/processing_system7_0/inst/PS7_i/FCLKCLK[0]
                         net (fo=1, routed)           0.337     0.337    design_1_i/processing_system7_0/inst/FCLK_CLK_unbuffered[0]
    BUFGCTRL_X0Y16       BUFG (Prop_bufg_I_O)         0.029     0.366 r  design_1_i/processing_system7_0/inst/buffer_fclk_clk_0.FCLK_CLK_0_BUFG/O
                         net (fo=9595, routed)        0.831     1.197    design_1_i/axi_mem_intercon/m00_couplers/auto_pc/inst/gen_axi4_axi3.axi3_conv_inst/USE_WRITE.write_addr_inst/USE_B_CHANNEL.cmd_b_queue/inst/fifo_gen_inst/inst_fifo_gen/gconvfifo.rf/grf.rf/gntv_or_sync_fifo.mem/gdm.dm_gen.dm/RAM_reg_0_31_0_4/WCLK
    SLICE_X30Y77         RAMD32                                       r  design_1_i/axi_mem_intercon/m00_couplers/auto_pc/inst/gen_axi4_axi3.axi3_conv_inst/USE_WRITE.write_addr_inst/USE_B_CHANNEL.cmd_b_queue/inst/fifo_gen_inst/inst_fifo_gen/gconvfifo.rf/grf.rf/gntv_or_sync_fifo.mem/gdm.dm_gen.dm/RAM_reg_0_31_0_4/RAMC/CLK
                         clock pessimism             -0.282     0.915    
    SLICE_X30Y77         RAMD32 (Hold_ramd32_CLK_WADR4)
                                                      0.200     1.115    design_1_i/axi_mem_intercon/m00_couplers/auto_pc/inst/gen_axi4_axi3.axi3_conv_inst/USE_WRITE.write_addr_inst/USE_B_CHANNEL.cmd_b_queue/inst/fifo_gen_inst/inst_fifo_gen/gconvfifo.rf/grf.rf/gntv_or_sync_fifo.mem/gdm.dm_gen.dm/RAM_reg_0_31_0_4/RAMC
  -------------------------------------------------------------------
                         required time                         -1.115    
                         arrival time                           1.135    
  -------------------------------------------------------------------
                         slack                                  0.020    

Slack (MET) :             0.020ns  (arrival time - required time)
  Source:                 design_1_i/axi_mem_intercon/m00_couplers/auto_pc/inst/gen_axi4_axi3.axi3_conv_inst/USE_WRITE.write_addr_inst/USE_B_CHANNEL.cmd_b_queue/inst/fifo_gen_inst/inst_fifo_gen/gconvfifo.rf/grf.rf/gntv_or_sync_fifo.gl0.wr/wpntr/gcc0.gc0.count_d1_reg[4]/C
                            (rising edge-triggered cell FDCE clocked by clk_fpga_0  {rise@0.000ns fall@10.000ns period=20.000ns})
  Destination:            design_1_i/axi_mem_intercon/m00_couplers/auto_pc/inst/gen_axi4_axi3.axi3_conv_inst/USE_WRITE.write_addr_inst/USE_B_CHANNEL.cmd_b_queue/inst/fifo_gen_inst/inst_fifo_gen/gconvfifo.rf/grf.rf/gntv_or_sync_fifo.mem/gdm.dm_gen.dm/RAM_reg_0_31_0_4/RAMC_D1/WADR4
                            (rising edge-triggered cell RAMD32 clocked by clk_fpga_0  {rise@0.000ns fall@10.000ns period=20.000ns})
  Path Group:             clk_fpga_0
  Path Type:              Hold (Min at Fast Process Corner)
  Requirement:            0.000ns  (clk_fpga_0 rise@0.000ns - clk_fpga_0 rise@0.000ns)
  Data Path Delay:        0.233ns  (logic 0.141ns (60.453%)  route 0.092ns (39.547%))
  Logic Levels:           0  
  Clock Path Skew:        0.013ns (DCD - SCD - CPR)
    Destination Clock Delay (DCD):    1.197ns
    Source Clock Delay      (SCD):    0.902ns
    Clock Pessimism Removal (CPR):    0.282ns

    Location             Delay type                Incr(ns)  Path(ns)    Netlist Resource(s)
  -------------------------------------------------------------------    -------------------
                         (clock clk_fpga_0 rise edge)
                                                      0.000     0.000 r  
    PS7_X0Y0             PS7                          0.000     0.000 r  design_1_i/processing_system7_0/inst/PS7_i/FCLKCLK[0]
                         net (fo=1, routed)           0.310     0.310    design_1_i/processing_system7_0/inst/FCLK_CLK_unbuffered[0]
    BUFGCTRL_X0Y16       BUFG (Prop_bufg_I_O)         0.026     0.336 r  design_1_i/processing_system7_0/inst/buffer_fclk_clk_0.FCLK_CLK_0_BUFG/O
                         net (fo=9595, routed)        0.566     0.902    design_1_i/axi_mem_intercon/m00_couplers/auto_pc/inst/gen_axi4_axi3.axi3_conv_inst/USE_WRITE.write_addr_inst/USE_B_CHANNEL.cmd_b_queue/inst/fifo_gen_inst/inst_fifo_gen/gconvfifo.rf/grf.rf/gntv_or_sync_fifo.gl0.wr/wpntr/clk
    SLICE_X31Y77         FDCE                                         r  design_1_i/axi_mem_intercon/m00_couplers/auto_pc/inst/gen_axi4_axi3.axi3_conv_inst/USE_WRITE.write_addr_inst/USE_B_CHANNEL.cmd_b_queue/inst/fifo_gen_inst/inst_fifo_gen/gconvfifo.rf/grf.rf/gntv_or_sync_fifo.gl0.wr/wpntr/gcc0.gc0.count_d1_reg[4]/C
  -------------------------------------------------------------------    -------------------
    SLICE_X31Y77         FDCE (Prop_fdce_C_Q)         0.141     1.043 r  design_1_i/axi_mem_intercon/m00_couplers/auto_pc/inst/gen_axi4_axi3.axi3_conv_inst/USE_WRITE.write_addr_inst/USE_B_CHANNEL.cmd_b_queue/inst/fifo_gen_inst/inst_fifo_gen/gconvfifo.rf/grf.rf/gntv_or_sync_fifo.gl0.wr/wpntr/gcc0.gc0.count_d1_reg[4]/Q
                         net (fo=10, routed)          0.092     1.135    design_1_i/axi_mem_intercon/m00_couplers/auto_pc/inst/gen_axi4_axi3.axi3_conv_inst/USE_WRITE.write_addr_inst/USE_B_CHANNEL.cmd_b_queue/inst/fifo_gen_inst/inst_fifo_gen/gconvfifo.rf/grf.rf/gntv_or_sync_fifo.mem/gdm.dm_gen.dm/RAM_reg_0_31_0_4/ADDRD4
    SLICE_X30Y77         RAMD32                                       r  design_1_i/axi_mem_intercon/m00_couplers/auto_pc/inst/gen_axi4_axi3.axi3_conv_inst/USE_WRITE.write_addr_inst/USE_B_CHANNEL.cmd_b_queue/inst/fifo_gen_inst/inst_fifo_gen/gconvfifo.rf/grf.rf/gntv_or_sync_fifo.mem/gdm.dm_gen.dm/RAM_reg_0_31_0_4/RAMC_D1/WADR4
  -------------------------------------------------------------------    -------------------

                         (clock clk_fpga_0 rise edge)
                                                      0.000     0.000 r  
    PS7_X0Y0             PS7                          0.000     0.000 r  design_1_i/processing_system7_0/inst/PS7_i/FCLKCLK[0]
                         net (fo=1, routed)           0.337     0.337    design_1_i/processing_system7_0/inst/FCLK_CLK_unbuffered[0]
    BUFGCTRL_X0Y16       BUFG (Prop_bufg_I_O)         0.029     0.366 r  design_1_i/processing_system7_0/inst/buffer_fclk_clk_0.FCLK_CLK_0_BUFG/O
                         net (fo=9595, routed)        0.831     1.197    design_1_i/axi_mem_intercon/m00_couplers/auto_pc/inst/gen_axi4_axi3.axi3_conv_inst/USE_WRITE.write_addr_inst/USE_B_CHANNEL.cmd_b_queue/inst/fifo_gen_inst/inst_fifo_gen/gconvfifo.rf/grf.rf/gntv_or_sync_fifo.mem/gdm.dm_gen.dm/RAM_reg_0_31_0_4/WCLK
    SLICE_X30Y77         RAMD32                                       r  design_1_i/axi_mem_intercon/m00_couplers/auto_pc/inst/gen_axi4_axi3.axi3_conv_inst/USE_WRITE.write_addr_inst/USE_B_CHANNEL.cmd_b_queue/inst/fifo_gen_inst/inst_fifo_gen/gconvfifo.rf/grf.rf/gntv_or_sync_fifo.mem/gdm.dm_gen.dm/RAM_reg_0_31_0_4/RAMC_D1/CLK
                         clock pessimism             -0.282     0.915    
    SLICE_X30Y77         RAMD32 (Hold_ramd32_CLK_WADR4)
                                                      0.200     1.115    design_1_i/axi_mem_intercon/m00_couplers/auto_pc/inst/gen_axi4_axi3.axi3_conv_inst/USE_WRITE.write_addr_inst/USE_B_CHANNEL.cmd_b_queue/inst/fifo_gen_inst/inst_fifo_gen/gconvfifo.rf/grf.rf/gntv_or_sync_fifo.mem/gdm.dm_gen.dm/RAM_reg_0_31_0_4/RAMC_D1
  -------------------------------------------------------------------
                         required time                         -1.115    
                         arrival time                           1.135    
  -------------------------------------------------------------------
                         slack                                  0.020    

Slack (MET) :             0.020ns  (arrival time - required time)
  Source:                 design_1_i/axi_mem_intercon/m00_couplers/auto_pc/inst/gen_axi4_axi3.axi3_conv_inst/USE_WRITE.write_addr_inst/USE_B_CHANNEL.cmd_b_queue/inst/fifo_gen_inst/inst_fifo_gen/gconvfifo.rf/grf.rf/gntv_or_sync_fifo.gl0.wr/wpntr/gcc0.gc0.count_d1_reg[4]/C
                            (rising edge-triggered cell FDCE clocked by clk_fpga_0  {rise@0.000ns fall@10.000ns period=20.000ns})
  Destination:            design_1_i/axi_mem_intercon/m00_couplers/auto_pc/inst/gen_axi4_axi3.axi3_conv_inst/USE_WRITE.write_addr_inst/USE_B_CHANNEL.cmd_b_queue/inst/fifo_gen_inst/inst_fifo_gen/gconvfifo.rf/grf.rf/gntv_or_sync_fifo.mem/gdm.dm_gen.dm/RAM_reg_0_31_0_4/RAMD/ADR4
                            (rising edge-triggered cell RAMS32 clocked by clk_fpga_0  {rise@0.000ns fall@10.000ns period=20.000ns})
  Path Group:             clk_fpga_0
  Path Type:              Hold (Min at Fast Process Corner)
  Requirement:            0.000ns  (clk_fpga_0 rise@0.000ns - clk_fpga_0 rise@0.000ns)
  Data Path Delay:        0.233ns  (logic 0.141ns (60.453%)  route 0.092ns (39.547%))
  Logic Levels:           0  
  Clock Path Skew:        0.013ns (DCD - SCD - CPR)
    Destination Clock Delay (DCD):    1.197ns
    Source Clock Delay      (SCD):    0.902ns
    Clock Pessimism Removal (CPR):    0.282ns

    Location             Delay type                Incr(ns)  Path(ns)    Netlist Resource(s)
  -------------------------------------------------------------------    -------------------
                         (clock clk_fpga_0 rise edge)
                                                      0.000     0.000 r  
    PS7_X0Y0             PS7                          0.000     0.000 r  design_1_i/processing_system7_0/inst/PS7_i/FCLKCLK[0]
                         net (fo=1, routed)           0.310     0.310    design_1_i/processing_system7_0/inst/FCLK_CLK_unbuffered[0]
    BUFGCTRL_X0Y16       BUFG (Prop_bufg_I_O)         0.026     0.336 r  design_1_i/processing_system7_0/inst/buffer_fclk_clk_0.FCLK_CLK_0_BUFG/O
                         net (fo=9595, routed)        0.566     0.902    design_1_i/axi_mem_intercon/m00_couplers/auto_pc/inst/gen_axi4_axi3.axi3_conv_inst/USE_WRITE.write_addr_inst/USE_B_CHANNEL.cmd_b_queue/inst/fifo_gen_inst/inst_fifo_gen/gconvfifo.rf/grf.rf/gntv_or_sync_fifo.gl0.wr/wpntr/clk
    SLICE_X31Y77         FDCE                                         r  design_1_i/axi_mem_intercon/m00_couplers/auto_pc/inst/gen_axi4_axi3.axi3_conv_inst/USE_WRITE.write_addr_inst/USE_B_CHANNEL.cmd_b_queue/inst/fifo_gen_inst/inst_fifo_gen/gconvfifo.rf/grf.rf/gntv_or_sync_fifo.gl0.wr/wpntr/gcc0.gc0.count_d1_reg[4]/C
  -------------------------------------------------------------------    -------------------
    SLICE_X31Y77         FDCE (Prop_fdce_C_Q)         0.141     1.043 r  design_1_i/axi_mem_intercon/m00_couplers/auto_pc/inst/gen_axi4_axi3.axi3_conv_inst/USE_WRITE.write_addr_inst/USE_B_CHANNEL.cmd_b_queue/inst/fifo_gen_inst/inst_fifo_gen/gconvfifo.rf/grf.rf/gntv_or_sync_fifo.gl0.wr/wpntr/gcc0.gc0.count_d1_reg[4]/Q
                         net (fo=10, routed)          0.092     1.135    design_1_i/axi_mem_intercon/m00_couplers/auto_pc/inst/gen_axi4_axi3.axi3_conv_inst/USE_WRITE.write_addr_inst/USE_B_CHANNEL.cmd_b_queue/inst/fifo_gen_inst/inst_fifo_gen/gconvfifo.rf/grf.rf/gntv_or_sync_fifo.mem/gdm.dm_gen.dm/RAM_reg_0_31_0_4/ADDRD4
    SLICE_X30Y77         RAMS32                                       r  design_1_i/axi_mem_intercon/m00_couplers/auto_pc/inst/gen_axi4_axi3.axi3_conv_inst/USE_WRITE.write_addr_inst/USE_B_CHANNEL.cmd_b_queue/inst/fifo_gen_inst/inst_fifo_gen/gconvfifo.rf/grf.rf/gntv_or_sync_fifo.mem/gdm.dm_gen.dm/RAM_reg_0_31_0_4/RAMD/ADR4
  -------------------------------------------------------------------    -------------------

                         (clock clk_fpga_0 rise edge)
                                                      0.000     0.000 r  
    PS7_X0Y0             PS7                          0.000     0.000 r  design_1_i/processing_system7_0/inst/PS7_i/FCLKCLK[0]
                         net (fo=1, routed)           0.337     0.337    design_1_i/processing_system7_0/inst/FCLK_CLK_unbuffered[0]
    BUFGCTRL_X0Y16       BUFG (Prop_bufg_I_O)         0.029     0.366 r  design_1_i/processing_system7_0/inst/buffer_fclk_clk_0.FCLK_CLK_0_BUFG/O
                         net (fo=9595, routed)        0.831     1.197    design_1_i/axi_mem_intercon/m00_couplers/auto_pc/inst/gen_axi4_axi3.axi3_conv_inst/USE_WRITE.write_addr_inst/USE_B_CHANNEL.cmd_b_queue/inst/fifo_gen_inst/inst_fifo_gen/gconvfifo.rf/grf.rf/gntv_or_sync_fifo.mem/gdm.dm_gen.dm/RAM_reg_0_31_0_4/WCLK
    SLICE_X30Y77         RAMS32                                       r  design_1_i/axi_mem_intercon/m00_couplers/auto_pc/inst/gen_axi4_axi3.axi3_conv_inst/USE_WRITE.write_addr_inst/USE_B_CHANNEL.cmd_b_queue/inst/fifo_gen_inst/inst_fifo_gen/gconvfifo.rf/grf.rf/gntv_or_sync_fifo.mem/gdm.dm_gen.dm/RAM_reg_0_31_0_4/RAMD/CLK
                         clock pessimism             -0.282     0.915    
    SLICE_X30Y77         RAMS32 (Hold_rams32_CLK_ADR4)
                                                      0.200     1.115    design_1_i/axi_mem_intercon/m00_couplers/auto_pc/inst/gen_axi4_axi3.axi3_conv_inst/USE_WRITE.write_addr_inst/USE_B_CHANNEL.cmd_b_queue/inst/fifo_gen_inst/inst_fifo_gen/gconvfifo.rf/grf.rf/gntv_or_sync_fifo.mem/gdm.dm_gen.dm/RAM_reg_0_31_0_4/RAMD
  -------------------------------------------------------------------
                         required time                         -1.115    
                         arrival time                           1.135    
  -------------------------------------------------------------------
                         slack                                  0.020    

Slack (MET) :             0.020ns  (arrival time - required time)
  Source:                 design_1_i/axi_mem_intercon/m00_couplers/auto_pc/inst/gen_axi4_axi3.axi3_conv_inst/USE_WRITE.write_addr_inst/USE_B_CHANNEL.cmd_b_queue/inst/fifo_gen_inst/inst_fifo_gen/gconvfifo.rf/grf.rf/gntv_or_sync_fifo.gl0.wr/wpntr/gcc0.gc0.count_d1_reg[4]/C
                            (rising edge-triggered cell FDCE clocked by clk_fpga_0  {rise@0.000ns fall@10.000ns period=20.000ns})
  Destination:            design_1_i/axi_mem_intercon/m00_couplers/auto_pc/inst/gen_axi4_axi3.axi3_conv_inst/USE_WRITE.write_addr_inst/USE_B_CHANNEL.cmd_b_queue/inst/fifo_gen_inst/inst_fifo_gen/gconvfifo.rf/grf.rf/gntv_or_sync_fifo.mem/gdm.dm_gen.dm/RAM_reg_0_31_0_4/RAMD_D1/ADR4
                            (rising edge-triggered cell RAMS32 clocked by clk_fpga_0  {rise@0.000ns fall@10.000ns period=20.000ns})
  Path Group:             clk_fpga_0
  Path Type:              Hold (Min at Fast Process Corner)
  Requirement:            0.000ns  (clk_fpga_0 rise@0.000ns - clk_fpga_0 rise@0.000ns)
  Data Path Delay:        0.233ns  (logic 0.141ns (60.453%)  route 0.092ns (39.547%))
  Logic Levels:           0  
  Clock Path Skew:        0.013ns (DCD - SCD - CPR)
    Destination Clock Delay (DCD):    1.197ns
    Source Clock Delay      (SCD):    0.902ns
    Clock Pessimism Removal (CPR):    0.282ns

    Location             Delay type                Incr(ns)  Path(ns)    Netlist Resource(s)
  -------------------------------------------------------------------    -------------------
                         (clock clk_fpga_0 rise edge)
                                                      0.000     0.000 r  
    PS7_X0Y0             PS7                          0.000     0.000 r  design_1_i/processing_system7_0/inst/PS7_i/FCLKCLK[0]
                         net (fo=1, routed)           0.310     0.310    design_1_i/processing_system7_0/inst/FCLK_CLK_unbuffered[0]
    BUFGCTRL_X0Y16       BUFG (Prop_bufg_I_O)         0.026     0.336 r  design_1_i/processing_system7_0/inst/buffer_fclk_clk_0.FCLK_CLK_0_BUFG/O
                         net (fo=9595, routed)        0.566     0.902    design_1_i/axi_mem_intercon/m00_couplers/auto_pc/inst/gen_axi4_axi3.axi3_conv_inst/USE_WRITE.write_addr_inst/USE_B_CHANNEL.cmd_b_queue/inst/fifo_gen_inst/inst_fifo_gen/gconvfifo.rf/grf.rf/gntv_or_sync_fifo.gl0.wr/wpntr/clk
    SLICE_X31Y77         FDCE                                         r  design_1_i/axi_mem_intercon/m00_couplers/auto_pc/inst/gen_axi4_axi3.axi3_conv_inst/USE_WRITE.write_addr_inst/USE_B_CHANNEL.cmd_b_queue/inst/fifo_gen_inst/inst_fifo_gen/gconvfifo.rf/grf.rf/gntv_or_sync_fifo.gl0.wr/wpntr/gcc0.gc0.count_d1_reg[4]/C
  -------------------------------------------------------------------    -------------------
    SLICE_X31Y77         FDCE (Prop_fdce_C_Q)         0.141     1.043 r  design_1_i/axi_mem_intercon/m00_couplers/auto_pc/inst/gen_axi4_axi3.axi3_conv_inst/USE_WRITE.write_addr_inst/USE_B_CHANNEL.cmd_b_queue/inst/fifo_gen_inst/inst_fifo_gen/gconvfifo.rf/grf.rf/gntv_or_sync_fifo.gl0.wr/wpntr/gcc0.gc0.count_d1_reg[4]/Q
                         net (fo=10, routed)          0.092     1.135    design_1_i/axi_mem_intercon/m00_couplers/auto_pc/inst/gen_axi4_axi3.axi3_conv_inst/USE_WRITE.write_addr_inst/USE_B_CHANNEL.cmd_b_queue/inst/fifo_gen_inst/inst_fifo_gen/gconvfifo.rf/grf.rf/gntv_or_sync_fifo.mem/gdm.dm_gen.dm/RAM_reg_0_31_0_4/ADDRD4
    SLICE_X30Y77         RAMS32                                       r  design_1_i/axi_mem_intercon/m00_couplers/auto_pc/inst/gen_axi4_axi3.axi3_conv_inst/USE_WRITE.write_addr_inst/USE_B_CHANNEL.cmd_b_queue/inst/fifo_gen_inst/inst_fifo_gen/gconvfifo.rf/grf.rf/gntv_or_sync_fifo.mem/gdm.dm_gen.dm/RAM_reg_0_31_0_4/RAMD_D1/ADR4
  -------------------------------------------------------------------    -------------------

                         (clock clk_fpga_0 rise edge)
                                                      0.000     0.000 r  
    PS7_X0Y0             PS7                          0.000     0.000 r  design_1_i/processing_system7_0/inst/PS7_i/FCLKCLK[0]
                         net (fo=1, routed)           0.337     0.337    design_1_i/processing_system7_0/inst/FCLK_CLK_unbuffered[0]
    BUFGCTRL_X0Y16       BUFG (Prop_bufg_I_O)         0.029     0.366 r  design_1_i/processing_system7_0/inst/buffer_fclk_clk_0.FCLK_CLK_0_BUFG/O
                         net (fo=9595, routed)        0.831     1.197    design_1_i/axi_mem_intercon/m00_couplers/auto_pc/inst/gen_axi4_axi3.axi3_conv_inst/USE_WRITE.write_addr_inst/USE_B_CHANNEL.cmd_b_queue/inst/fifo_gen_inst/inst_fifo_gen/gconvfifo.rf/grf.rf/gntv_or_sync_fifo.mem/gdm.dm_gen.dm/RAM_reg_0_31_0_4/WCLK
    SLICE_X30Y77         RAMS32                                       r  design_1_i/axi_mem_intercon/m00_couplers/auto_pc/inst/gen_axi4_axi3.axi3_conv_inst/USE_WRITE.write_addr_inst/USE_B_CHANNEL.cmd_b_queue/inst/fifo_gen_inst/inst_fifo_gen/gconvfifo.rf/grf.rf/gntv_or_sync_fifo.mem/gdm.dm_gen.dm/RAM_reg_0_31_0_4/RAMD_D1/CLK
                         clock pessimism             -0.282     0.915    
    SLICE_X30Y77         RAMS32 (Hold_rams32_CLK_ADR4)
                                                      0.200     1.115    design_1_i/axi_mem_intercon/m00_couplers/auto_pc/inst/gen_axi4_axi3.axi3_conv_inst/USE_WRITE.write_addr_inst/USE_B_CHANNEL.cmd_b_queue/inst/fifo_gen_inst/inst_fifo_gen/gconvfifo.rf/grf.rf/gntv_or_sync_fifo.mem/gdm.dm_gen.dm/RAM_reg_0_31_0_4/RAMD_D1
  -------------------------------------------------------------------
                         required time                         -1.115    
                         arrival time                           1.135    
  -------------------------------------------------------------------
                         slack                                  0.020    

Slack (MET) :             0.023ns  (arrival time - required time)
  Source:                 design_1_i/conv2d_stream_0/inst/grp_conv2d_stream_Pipeline_VITIS_LOOP_66_5_VITIS_LOOP_67_6_fu_205/mul92_2_reg_1436_reg[3]/C
                            (rising edge-triggered cell FDRE clocked by clk_fpga_0  {rise@0.000ns fall@10.000ns period=20.000ns})
  Destination:            design_1_i/conv2d_stream_0/inst/grp_conv2d_stream_Pipeline_VITIS_LOOP_66_5_VITIS_LOOP_67_6_fu_205/fadd_32ns_32ns_32_4_full_dsp_1_U25/din1_buf1_reg[3]/D
                            (rising edge-triggered cell FDRE clocked by clk_fpga_0  {rise@0.000ns fall@10.000ns period=20.000ns})
  Path Group:             clk_fpga_0
  Path Type:              Hold (Min at Fast Process Corner)
  Requirement:            0.000ns  (clk_fpga_0 rise@0.000ns - clk_fpga_0 rise@0.000ns)
  Data Path Delay:        0.338ns  (logic 0.164ns (48.500%)  route 0.174ns (51.500%))
  Logic Levels:           0  
  Clock Path Skew:        0.256ns (DCD - SCD - CPR)
    Destination Clock Delay (DCD):    1.179ns
    Source Clock Delay      (SCD):    0.888ns
    Clock Pessimism Removal (CPR):    0.035ns

    Location             Delay type                Incr(ns)  Path(ns)    Netlist Resource(s)
  -------------------------------------------------------------------    -------------------
                         (clock clk_fpga_0 rise edge)
                                                      0.000     0.000 r  
    PS7_X0Y0             PS7                          0.000     0.000 r  design_1_i/processing_system7_0/inst/PS7_i/FCLKCLK[0]
                         net (fo=1, routed)           0.310     0.310    design_1_i/processing_system7_0/inst/FCLK_CLK_unbuffered[0]
    BUFGCTRL_X0Y16       BUFG (Prop_bufg_I_O)         0.026     0.336 r  design_1_i/processing_system7_0/inst/buffer_fclk_clk_0.FCLK_CLK_0_BUFG/O
                         net (fo=9595, routed)        0.552     0.888    design_1_i/conv2d_stream_0/inst/grp_conv2d_stream_Pipeline_VITIS_LOOP_66_5_VITIS_LOOP_67_6_fu_205/ap_clk
    SLICE_X46Y21         FDRE                                         r  design_1_i/conv2d_stream_0/inst/grp_conv2d_stream_Pipeline_VITIS_LOOP_66_5_VITIS_LOOP_67_6_fu_205/mul92_2_reg_1436_reg[3]/C
  -------------------------------------------------------------------    -------------------
    SLICE_X46Y21         FDRE (Prop_fdre_C_Q)         0.164     1.052 r  design_1_i/conv2d_stream_0/inst/grp_conv2d_stream_Pipeline_VITIS_LOOP_66_5_VITIS_LOOP_67_6_fu_205/mul92_2_reg_1436_reg[3]/Q
                         net (fo=1, routed)           0.174     1.226    design_1_i/conv2d_stream_0/inst/grp_conv2d_stream_Pipeline_VITIS_LOOP_66_5_VITIS_LOOP_67_6_fu_205/fadd_32ns_32ns_32_4_full_dsp_1_U25/din1_buf1_reg[31]_0[3]
    SLICE_X50Y21         FDRE                                         r  design_1_i/conv2d_stream_0/inst/grp_conv2d_stream_Pipeline_VITIS_LOOP_66_5_VITIS_LOOP_67_6_fu_205/fadd_32ns_32ns_32_4_full_dsp_1_U25/din1_buf1_reg[3]/D
  -------------------------------------------------------------------    -------------------

                         (clock clk_fpga_0 rise edge)
                                                      0.000     0.000 r  
    PS7_X0Y0             PS7                          0.000     0.000 r  design_1_i/processing_system7_0/inst/PS7_i/FCLKCLK[0]
                         net (fo=1, routed)           0.337     0.337    design_1_i/processing_system7_0/inst/FCLK_CLK_unbuffered[0]
    BUFGCTRL_X0Y16       BUFG (Prop_bufg_I_O)         0.029     0.366 r  design_1_i/processing_system7_0/inst/buffer_fclk_clk_0.FCLK_CLK_0_BUFG/O
                         net (fo=9595, routed)        0.813     1.179    design_1_i/conv2d_stream_0/inst/grp_conv2d_stream_Pipeline_VITIS_LOOP_66_5_VITIS_LOOP_67_6_fu_205/fadd_32ns_32ns_32_4_full_dsp_1_U25/ap_clk
    SLICE_X50Y21         FDRE                                         r  design_1_i/conv2d_stream_0/inst/grp_conv2d_stream_Pipeline_VITIS_LOOP_66_5_VITIS_LOOP_67_6_fu_205/fadd_32ns_32ns_32_4_full_dsp_1_U25/din1_buf1_reg[3]/C
                         clock pessimism             -0.035     1.144    
    SLICE_X50Y21         FDRE (Hold_fdre_C_D)         0.059     1.203    design_1_i/conv2d_stream_0/inst/grp_conv2d_stream_Pipeline_VITIS_LOOP_66_5_VITIS_LOOP_67_6_fu_205/fadd_32ns_32ns_32_4_full_dsp_1_U25/din1_buf1_reg[3]
  -------------------------------------------------------------------
                         required time                         -1.203    
                         arrival time                           1.226    
  -------------------------------------------------------------------
                         slack                                  0.023    





Pulse Width Checks
--------------------------------------------------------------------------------------
Clock Name:         clk_fpga_0
Waveform(ns):       { 0.000 10.000 }
Period(ns):         20.000
Sources:            { design_1_i/processing_system7_0/inst/PS7_i/FCLKCLK[0] }

Check Type        Corner  Lib Pin             Reference Pin  Required(ns)  Actual(ns)  Slack(ns)  Location      Pin
Min Period        n/a     RAMB18E1/CLKARDCLK  n/a            2.944         20.000      17.056     RAMB18_X2Y14  design_1_i/conv2d_stream_0/inst/line_buf_0_U/ram_reg/CLKARDCLK
Min Period        n/a     RAMB18E1/CLKBWRCLK  n/a            2.944         20.000      17.056     RAMB18_X2Y14  design_1_i/conv2d_stream_0/inst/line_buf_0_U/ram_reg/CLKBWRCLK
Min Period        n/a     RAMB18E1/CLKARDCLK  n/a            2.944         20.000      17.056     RAMB18_X2Y15  design_1_i/conv2d_stream_0/inst/line_buf_1_U/ram_reg/CLKARDCLK
Min Period        n/a     RAMB18E1/CLKBWRCLK  n/a            2.944         20.000      17.056     RAMB18_X2Y15  design_1_i/conv2d_stream_0/inst/line_buf_1_U/ram_reg/CLKBWRCLK
Min Period        n/a     RAMB36E1/CLKARDCLK  n/a            2.576         20.000      17.424     RAMB36_X2Y8   design_1_i/axi_dma_0/U0/I_PRMRY_DATAMOVER/GEN_MM2S_FULL.I_MM2S_FULL_WRAPPER/GEN_INCLUDE_MM2S_SF.I_RD_SF/I_DATA_FIFO/BLK_MEM.I_SYNC_FIFOGEN_FIFO/xpm_fifo_instance.xpm_fifo_sync_inst/xpm_fifo_base_inst/gen_sdpram.xpm_memory_base_inst/gen_wr_a.gen_word_narrow.mem_reg_0/CLKARDCLK
Min Period        n/a     RAMB36E1/CLKBWRCLK  n/a            2.576         20.000      17.424     RAMB36_X2Y8   design_1_i/axi_dma_0/U0/I_PRMRY_DATAMOVER/GEN_MM2S_FULL.I_MM2S_FULL_WRAPPER/GEN_INCLUDE_MM2S_SF.I_RD_SF/I_DATA_FIFO/BLK_MEM.I_SYNC_FIFOGEN_FIFO/xpm_fifo_instance.xpm_fifo_sync_inst/xpm_fifo_base_inst/gen_sdpram.xpm_memory_base_inst/gen_wr_a.gen_word_narrow.mem_reg_0/CLKBWRCLK
Min Period        n/a     RAMB36E1/CLKARDCLK  n/a            2.576         20.000      17.424     RAMB36_X2Y9   design_1_i/axi_dma_0/U0/I_PRMRY_DATAMOVER/GEN_MM2S_FULL.I_MM2S_FULL_WRAPPER/GEN_INCLUDE_MM2S_SF.I_RD_SF/I_DATA_FIFO/BLK_MEM.I_SYNC_FIFOGEN_FIFO/xpm_fifo_instance.xpm_fifo_sync_inst/xpm_fifo_base_inst/gen_sdpram.xpm_memory_base_inst/gen_wr_a.gen_word_narrow.mem_reg_1/CLKARDCLK
Min Period        n/a     RAMB36E1/CLKBWRCLK  n/a            2.576         20.000      17.424     RAMB36_X2Y9   design_1_i/axi_dma_0/U0/I_PRMRY_DATAMOVER/GEN_MM2S_FULL.I_MM2S_FULL_WRAPPER/GEN_INCLUDE_MM2S_SF.I_RD_SF/I_DATA_FIFO/BLK_MEM.I_SYNC_FIFOGEN_FIFO/xpm_fifo_instance.xpm_fifo_sync_inst/xpm_fifo_base_inst/gen_sdpram.xpm_memory_base_inst/gen_wr_a.gen_word_narrow.mem_reg_1/CLKBWRCLK
Min Period        n/a     RAMB18E1/CLKARDCLK  n/a            2.576         20.000      17.424     RAMB18_X1Y18  design_1_i/axi_dma_0/U0/I_PRMRY_DATAMOVER/GEN_MM2S_FULL.I_MM2S_FULL_WRAPPER/GEN_INCLUDE_MM2S_SF.I_RD_SF/I_DATA_FIFO/BLK_MEM.I_SYNC_FIFOGEN_FIFO/xpm_fifo_instance.xpm_fifo_sync_inst/xpm_fifo_base_inst/gen_sdpram.xpm_memory_base_inst/gen_wr_a.gen_word_narrow.mem_reg_2/CLKARDCLK
Min Period        n/a     RAMB18E1/CLKBWRCLK  n/a            2.576         20.000      17.424     RAMB18_X1Y18  design_1_i/axi_dma_0/U0/I_PRMRY_DATAMOVER/GEN_MM2S_FULL.I_MM2S_FULL_WRAPPER/GEN_INCLUDE_MM2S_SF.I_RD_SF/I_DATA_FIFO/BLK_MEM.I_SYNC_FIFOGEN_FIFO/xpm_fifo_instance.xpm_fifo_sync_inst/xpm_fifo_base_inst/gen_sdpram.xpm_memory_base_inst/gen_wr_a.gen_word_narrow.mem_reg_2/CLKBWRCLK
Low Pulse Width   Slow    RAMD32/CLK          n/a            1.250         10.000      8.750      SLICE_X46Y58  design_1_i/axi_dma_0/U0/I_PRMRY_DATAMOVER/GEN_S2MM_FULL.I_S2MM_FULL_WRAPPER/GEN_ENABLE_INDET_BTT_SF.I_INDET_BTT/I_XD_FIFO/NON_BLK_MEM.I_SYNC_FIFOGEN_FIFO/xpm_fifo_instance.xpm_fifo_sync_inst/xpm_fifo_base_inst/gen_sdpram.xpm_memory_base_inst/gen_wr_a.gen_word_narrow.mem_reg_0_15_0_5/RAMA/CLK
Low Pulse Width   Fast    RAMD32/CLK          n/a            1.250         10.000      8.750      SLICE_X46Y58  design_1_i/axi_dma_0/U0/I_PRMRY_DATAMOVER/GEN_S2MM_FULL.I_S2MM_FULL_WRAPPER/GEN_ENABLE_INDET_BTT_SF.I_INDET_BTT/I_XD_FIFO/NON_BLK_MEM.I_SYNC_FIFOGEN_FIFO/xpm_fifo_instance.xpm_fifo_sync_inst/xpm_fifo_base_inst/gen_sdpram.xpm_memory_base_inst/gen_wr_a.gen_word_narrow.mem_reg_0_15_0_5/RAMA/CLK
Low Pulse Width   Slow    RAMD32/CLK          n/a            1.250         10.000      8.750      SLICE_X46Y58  design_1_i/axi_dma_0/U0/I_PRMRY_DATAMOVER/GEN_S2MM_FULL.I_S2MM_FULL_WRAPPER/GEN_ENABLE_INDET_BTT_SF.I_INDET_BTT/I_XD_FIFO/NON_BLK_MEM.I_SYNC_FIFOGEN_FIFO/xpm_fifo_instance.xpm_fifo_sync_inst/xpm_fifo_base_inst/gen_sdpram.xpm_memory_base_inst/gen_wr_a.gen_word_narrow.mem_reg_0_15_0_5/RAMA_D1/CLK
Low Pulse Width   Fast    RAMD32/CLK          n/a            1.250         10.000      8.750      SLICE_X46Y58  design_1_i/axi_dma_0/U0/I_PRMRY_DATAMOVER/GEN_S2MM_FULL.I_S2MM_FULL_WRAPPER/GEN_ENABLE_INDET_BTT_SF.I_INDET_BTT/I_XD_FIFO/NON_BLK_MEM.I_SYNC_FIFOGEN_FIFO/xpm_fifo_instance.xpm_fifo_sync_inst/xpm_fifo_base_inst/gen_sdpram.xpm_memory_base_inst/gen_wr_a.gen_word_narrow.mem_reg_0_15_0_5/RAMA_D1/CLK
Low Pulse Width   Slow    RAMD32/CLK          n/a            1.250         10.000      8.750      SLICE_X46Y58  design_1_i/axi_dma_0/U0/I_PRMRY_DATAMOVER/GEN_S2MM_FULL.I_S2MM_FULL_WRAPPER/GEN_ENABLE_INDET_BTT_SF.I_INDET_BTT/I_XD_FIFO/NON_BLK_MEM.I_SYNC_FIFOGEN_FIFO/xpm_fifo_instance.xpm_fifo_sync_inst/xpm_fifo_base_inst/gen_sdpram.xpm_memory_base_inst/gen_wr_a.gen_word_narrow.mem_reg_0_15_0_5/RAMB/CLK
Low Pulse Width   Fast    RAMD32/CLK          n/a            1.250         10.000      8.750      SLICE_X46Y58  design_1_i/axi_dma_0/U0/I_PRMRY_DATAMOVER/GEN_S2MM_FULL.I_S2MM_FULL_WRAPPER/GEN_ENABLE_INDET_BTT_SF.I_INDET_BTT/I_XD_FIFO/NON_BLK_MEM.I_SYNC_FIFOGEN_FIFO/xpm_fifo_instance.xpm_fifo_sync_inst/xpm_fifo_base_inst/gen_sdpram.xpm_memory_base_inst/gen_wr_a.gen_word_narrow.mem_reg_0_15_0_5/RAMB/CLK
Low Pulse Width   Slow    RAMD32/CLK          n/a            1.250         10.000      8.750      SLICE_X46Y58  design_1_i/axi_dma_0/U0/I_PRMRY_DATAMOVER/GEN_S2MM_FULL.I_S2MM_FULL_WRAPPER/GEN_ENABLE_INDET_BTT_SF.I_INDET_BTT/I_XD_FIFO/NON_BLK_MEM.I_SYNC_FIFOGEN_FIFO/xpm_fifo_instance.xpm_fifo_sync_inst/xpm_fifo_base_inst/gen_sdpram.xpm_memory_base_inst/gen_wr_a.gen_word_narrow.mem_reg_0_15_0_5/RAMB_D1/CLK
Low Pulse Width   Fast    RAMD32/CLK          n/a            1.250         10.000      8.750      SLICE_X46Y58  design_1_i/axi_dma_0/U0/I_PRMRY_DATAMOVER/GEN_S2MM_FULL.I_S2MM_FULL_WRAPPER/GEN_ENABLE_INDET_BTT_SF.I_INDET_BTT/I_XD_FIFO/NON_BLK_MEM.I_SYNC_FIFOGEN_FIFO/xpm_fifo_instance.xpm_fifo_sync_inst/xpm_fifo_base_inst/gen_sdpram.xpm_memory_base_inst/gen_wr_a.gen_word_narrow.mem_reg_0_15_0_5/RAMB_D1/CLK
Low Pulse Width   Slow    RAMD32/CLK          n/a            1.250         10.000      8.750      SLICE_X46Y58  design_1_i/axi_dma_0/U0/I_PRMRY_DATAMOVER/GEN_S2MM_FULL.I_S2MM_FULL_WRAPPER/GEN_ENABLE_INDET_BTT_SF.I_INDET_BTT/I_XD_FIFO/NON_BLK_MEM.I_SYNC_FIFOGEN_FIFO/xpm_fifo_instance.xpm_fifo_sync_inst/xpm_fifo_base_inst/gen_sdpram.xpm_memory_base_inst/gen_wr_a.gen_word_narrow.mem_reg_0_15_0_5/RAMC/CLK
Low Pulse Width   Fast    RAMD32/CLK          n/a            1.250         10.000      8.750      SLICE_X46Y58  design_1_i/axi_dma_0/U0/I_PRMRY_DATAMOVER/GEN_S2MM_FULL.I_S2MM_FULL_WRAPPER/GEN_ENABLE_INDET_BTT_SF.I_INDET_BTT/I_XD_FIFO/NON_BLK_MEM.I_SYNC_FIFOGEN_FIFO/xpm_fifo_instance.xpm_fifo_sync_inst/xpm_fifo_base_inst/gen_sdpram.xpm_memory_base_inst/gen_wr_a.gen_word_narrow.mem_reg_0_15_0_5/RAMC/CLK
High Pulse Width  Slow    RAMD32/CLK          n/a            1.250         10.000      8.750      SLICE_X46Y58  design_1_i/axi_dma_0/U0/I_PRMRY_DATAMOVER/GEN_S2MM_FULL.I_S2MM_FULL_WRAPPER/GEN_ENABLE_INDET_BTT_SF.I_INDET_BTT/I_XD_FIFO/NON_BLK_MEM.I_SYNC_FIFOGEN_FIFO/xpm_fifo_instance.xpm_fifo_sync_inst/xpm_fifo_base_inst/gen_sdpram.xpm_memory_base_inst/gen_wr_a.gen_word_narrow.mem_reg_0_15_0_5/RAMA/CLK
High Pulse Width  Fast    RAMD32/CLK          n/a            1.250         10.000      8.750      SLICE_X46Y58  design_1_i/axi_dma_0/U0/I_PRMRY_DATAMOVER/GEN_S2MM_FULL.I_S2MM_FULL_WRAPPER/GEN_ENABLE_INDET_BTT_SF.I_INDET_BTT/I_XD_FIFO/NON_BLK_MEM.I_SYNC_FIFOGEN_FIFO/xpm_fifo_instance.xpm_fifo_sync_inst/xpm_fifo_base_inst/gen_sdpram.xpm_memory_base_inst/gen_wr_a.gen_word_narrow.mem_reg_0_15_0_5/RAMA/CLK
High Pulse Width  Slow    RAMD32/CLK          n/a            1.250         10.000      8.750      SLICE_X46Y58  design_1_i/axi_dma_0/U0/I_PRMRY_DATAMOVER/GEN_S2MM_FULL.I_S2MM_FULL_WRAPPER/GEN_ENABLE_INDET_BTT_SF.I_INDET_BTT/I_XD_FIFO/NON_BLK_MEM.I_SYNC_FIFOGEN_FIFO/xpm_fifo_instance.xpm_fifo_sync_inst/xpm_fifo_base_inst/gen_sdpram.xpm_memory_base_inst/gen_wr_a.gen_word_narrow.mem_reg_0_15_0_5/RAMA_D1/CLK
High Pulse Width  Fast    RAMD32/CLK          n/a            1.250         10.000      8.750      SLICE_X46Y58  design_1_i/axi_dma_0/U0/I_PRMRY_DATAMOVER/GEN_S2MM_FULL.I_S2MM_FULL_WRAPPER/GEN_ENABLE_INDET_BTT_SF.I_INDET_BTT/I_XD_FIFO/NON_BLK_MEM.I_SYNC_FIFOGEN_FIFO/xpm_fifo_instance.xpm_fifo_sync_inst/xpm_fifo_base_inst/gen_sdpram.xpm_memory_base_inst/gen_wr_a.gen_word_narrow.mem_reg_0_15_0_5/RAMA_D1/CLK
High Pulse Width  Slow    RAMD32/CLK          n/a            1.250         10.000      8.750      SLICE_X46Y58  design_1_i/axi_dma_0/U0/I_PRMRY_DATAMOVER/GEN_S2MM_FULL.I_S2MM_FULL_WRAPPER/GEN_ENABLE_INDET_BTT_SF.I_INDET_BTT/I_XD_FIFO/NON_BLK_MEM.I_SYNC_FIFOGEN_FIFO/xpm_fifo_instance.xpm_fifo_sync_inst/xpm_fifo_base_inst/gen_sdpram.xpm_memory_base_inst/gen_wr_a.gen_word_narrow.mem_reg_0_15_0_5/RAMB/CLK
High Pulse Width  Fast    RAMD32/CLK          n/a            1.250         10.000      8.750      SLICE_X46Y58  design_1_i/axi_dma_0/U0/I_PRMRY_DATAMOVER/GEN_S2MM_FULL.I_S2MM_FULL_WRAPPER/GEN_ENABLE_INDET_BTT_SF.I_INDET_BTT/I_XD_FIFO/NON_BLK_MEM.I_SYNC_FIFOGEN_FIFO/xpm_fifo_instance.xpm_fifo_sync_inst/xpm_fifo_base_inst/gen_sdpram.xpm_memory_base_inst/gen_wr_a.gen_word_narrow.mem_reg_0_15_0_5/RAMB/CLK
High Pulse Width  Slow    RAMD32/CLK          n/a            1.250         10.000      8.750      SLICE_X46Y58  design_1_i/axi_dma_0/U0/I_PRMRY_DATAMOVER/GEN_S2MM_FULL.I_S2MM_FULL_WRAPPER/GEN_ENABLE_INDET_BTT_SF.I_INDET_BTT/I_XD_FIFO/NON_BLK_MEM.I_SYNC_FIFOGEN_FIFO/xpm_fifo_instance.xpm_fifo_sync_inst/xpm_fifo_base_inst/gen_sdpram.xpm_memory_base_inst/gen_wr_a.gen_word_narrow.mem_reg_0_15_0_5/RAMB_D1/CLK
High Pulse Width  Fast    RAMD32/CLK          n/a            1.250         10.000      8.750      SLICE_X46Y58  design_1_i/axi_dma_0/U0/I_PRMRY_DATAMOVER/GEN_S2MM_FULL.I_S2MM_FULL_WRAPPER/GEN_ENABLE_INDET_BTT_SF.I_INDET_BTT/I_XD_FIFO/NON_BLK_MEM.I_SYNC_FIFOGEN_FIFO/xpm_fifo_instance.xpm_fifo_sync_inst/xpm_fifo_base_inst/gen_sdpram.xpm_memory_base_inst/gen_wr_a.gen_word_narrow.mem_reg_0_15_0_5/RAMB_D1/CLK
High Pulse Width  Slow    RAMD32/CLK          n/a            1.250         10.000      8.750      SLICE_X46Y58  design_1_i/axi_dma_0/U0/I_PRMRY_DATAMOVER/GEN_S2MM_FULL.I_S2MM_FULL_WRAPPER/GEN_ENABLE_INDET_BTT_SF.I_INDET_BTT/I_XD_FIFO/NON_BLK_MEM.I_SYNC_FIFOGEN_FIFO/xpm_fifo_instance.xpm_fifo_sync_inst/xpm_fifo_base_inst/gen_sdpram.xpm_memory_base_inst/gen_wr_a.gen_word_narrow.mem_reg_0_15_0_5/RAMC/CLK
High Pulse Width  Fast    RAMD32/CLK          n/a            1.250         10.000      8.750      SLICE_X46Y58  design_1_i/axi_dma_0/U0/I_PRMRY_DATAMOVER/GEN_S2MM_FULL.I_S2MM_FULL_WRAPPER/GEN_ENABLE_INDET_BTT_SF.I_INDET_BTT/I_XD_FIFO/NON_BLK_MEM.I_SYNC_FIFOGEN_FIFO/xpm_fifo_instance.xpm_fifo_sync_inst/xpm_fifo_base_inst/gen_sdpram.xpm_memory_base_inst/gen_wr_a.gen_word_narrow.mem_reg_0_15_0_5/RAMC/CLK



---------------------------------------------------------------------------------------------------
Path Group:  **async_default**
From Clock:  clk_fpga_0
  To Clock:  clk_fpga_0

Setup :            0  Failing Endpoints,  Worst Slack       16.154ns,  Total Violation        0.000ns
Hold  :            0  Failing Endpoints,  Worst Slack        0.353ns,  Total Violation        0.000ns
---------------------------------------------------------------------------------------------------


Max Delay Paths
--------------------------------------------------------------------------------------
Slack (MET) :             16.154ns  (required time - arrival time)
  Source:                 design_1_i/axi_mem_intercon/m00_couplers/auto_pc/inst/gen_axi4_axi3.axi3_conv_inst/USE_READ.USE_SPLIT_R.read_addr_inst/USE_R_CHANNEL.cmd_queue/inst/fifo_gen_inst/inst_fifo_gen/gconvfifo.rf/grf.rf/rstblk/ngwrdrst.grst.g7serrst.gnsckt_wrst.gcc_rst.sckt_wr_rst_cc_reg[0]/C
                            (rising edge-triggered cell FDRE clocked by clk_fpga_0  {rise@0.000ns fall@10.000ns period=20.000ns})
  Destination:            design_1_i/axi_mem_intercon/m00_couplers/auto_pc/inst/gen_axi4_axi3.axi3_conv_inst/USE_READ.USE_SPLIT_R.read_addr_inst/USE_R_CHANNEL.cmd_queue/inst/fifo_gen_inst/inst_fifo_gen/gconvfifo.rf/grf.rf/gntv_or_sync_fifo.gl0.rd/gr1.gr1_int.rfwft/gpregsm1.user_valid_reg/CLR
                            (recovery check against rising-edge clock clk_fpga_0  {rise@0.000ns fall@10.000ns period=20.000ns})
  Path Group:             **async_default**
  Path Type:              Recovery (Max at Slow Process Corner)
  Requirement:            20.000ns  (clk_fpga_0 rise@20.000ns - clk_fpga_0 rise@0.000ns)
  Data Path Delay:        2.984ns  (logic 0.642ns (21.517%)  route 2.342ns (78.483%))
  Logic Levels:           1  (LUT3=1)
  Clock Path Skew:        -0.156ns (DCD - SCD + CPR)
    Destination Clock Delay (DCD):    2.675ns = ( 22.675 - 20.000 ) 
    Source Clock Delay      (SCD):    2.946ns
    Clock Pessimism Removal (CPR):    0.115ns
  Clock Uncertainty:      0.302ns  ((TSJ^2 + TIJ^2)^1/2 + DJ) / 2 + PE
    Total System Jitter     (TSJ):    0.071ns
    Total Input Jitter      (TIJ):    0.600ns
    Discrete Jitter          (DJ):    0.000ns
    Phase Error              (PE):    0.000ns

    Location             Delay type                Incr(ns)  Path(ns)    Netlist Resource(s)
  -------------------------------------------------------------------    -------------------
                         (clock clk_fpga_0 rise edge)
                                                      0.000     0.000 r  
    PS7_X0Y0             PS7                          0.000     0.000 r  design_1_i/processing_system7_0/inst/PS7_i/FCLKCLK[0]
                         net (fo=1, routed)           1.193     1.193    design_1_i/processing_system7_0/inst/FCLK_CLK_unbuffered[0]
    BUFGCTRL_X0Y16       BUFG (Prop_bufg_I_O)         0.101     1.294 r  design_1_i/processing_system7_0/inst/buffer_fclk_clk_0.FCLK_CLK_0_BUFG/O
                         net (fo=9595, routed)        1.652     2.946    design_1_i/axi_mem_intercon/m00_couplers/auto_pc/inst/gen_axi4_axi3.axi3_conv_inst/USE_READ.USE_SPLIT_R.read_addr_inst/USE_R_CHANNEL.cmd_queue/inst/fifo_gen_inst/inst_fifo_gen/gconvfifo.rf/grf.rf/rstblk/clk
    SLICE_X42Y50         FDRE                                         r  design_1_i/axi_mem_intercon/m00_couplers/auto_pc/inst/gen_axi4_axi3.axi3_conv_inst/USE_READ.USE_SPLIT_R.read_addr_inst/USE_R_CHANNEL.cmd_queue/inst/fifo_gen_inst/inst_fifo_gen/gconvfifo.rf/grf.rf/rstblk/ngwrdrst.grst.g7serrst.gnsckt_wrst.gcc_rst.sckt_wr_rst_cc_reg[0]/C
  -------------------------------------------------------------------    -------------------
    SLICE_X42Y50         FDRE (Prop_fdre_C_Q)         0.518     3.464 f  design_1_i/axi_mem_intercon/m00_couplers/auto_pc/inst/gen_axi4_axi3.axi3_conv_inst/USE_READ.USE_SPLIT_R.read_addr_inst/USE_R_CHANNEL.cmd_queue/inst/fifo_gen_inst/inst_fifo_gen/gconvfifo.rf/grf.rf/rstblk/ngwrdrst.grst.g7serrst.gnsckt_wrst.gcc_rst.sckt_wr_rst_cc_reg[0]/Q
                         net (fo=2, routed)           0.882     4.346    design_1_i/axi_mem_intercon/m00_couplers/auto_pc/inst/gen_axi4_axi3.axi3_conv_inst/USE_READ.USE_SPLIT_R.read_addr_inst/USE_R_CHANNEL.cmd_queue/inst/fifo_gen_inst/inst_fifo_gen/gconvfifo.rf/grf.rf/rstblk/sckt_wr_rst_cc[0]
    SLICE_X42Y49         LUT3 (Prop_lut3_I1_O)        0.124     4.470 f  design_1_i/axi_mem_intercon/m00_couplers/auto_pc/inst/gen_axi4_axi3.axi3_conv_inst/USE_READ.USE_SPLIT_R.read_addr_inst/USE_R_CHANNEL.cmd_queue/inst/fifo_gen_inst/inst_fifo_gen/gconvfifo.rf/grf.rf/rstblk/gpregsm1.curr_fwft_state[1]_i_2/O
                         net (fo=33, routed)          1.460     5.930    design_1_i/axi_mem_intercon/m00_couplers/auto_pc/inst/gen_axi4_axi3.axi3_conv_inst/USE_READ.USE_SPLIT_R.read_addr_inst/USE_R_CHANNEL.cmd_queue/inst/fifo_gen_inst/inst_fifo_gen/gconvfifo.rf/grf.rf/gntv_or_sync_fifo.gl0.rd/gr1.gr1_int.rfwft/gpregsm1.user_valid_reg_0
    SLICE_X41Y48         FDCE                                         f  design_1_i/axi_mem_intercon/m00_couplers/auto_pc/inst/gen_axi4_axi3.axi3_conv_inst/USE_READ.USE_SPLIT_R.read_addr_inst/USE_R_CHANNEL.cmd_queue/inst/fifo_gen_inst/inst_fifo_gen/gconvfifo.rf/grf.rf/gntv_or_sync_fifo.gl0.rd/gr1.gr1_int.rfwft/gpregsm1.user_valid_reg/CLR
  -------------------------------------------------------------------    -------------------

                         (clock clk_fpga_0 rise edge)
                                                     20.000    20.000 r  
    PS7_X0Y0             PS7                          0.000    20.000 r  design_1_i/processing_system7_0/inst/PS7_i/FCLKCLK[0]
                         net (fo=1, routed)           1.088    21.088    design_1_i/processing_system7_0/inst/FCLK_CLK_unbuffered[0]
    BUFGCTRL_X0Y16       BUFG (Prop_bufg_I_O)         0.091    21.179 r  design_1_i/processing_system7_0/inst/buffer_fclk_clk_0.FCLK_CLK_0_BUFG/O
                         net (fo=9595, routed)        1.496    22.675    design_1_i/axi_mem_intercon/m00_couplers/auto_pc/inst/gen_axi4_axi3.axi3_conv_inst/USE_READ.USE_SPLIT_R.read_addr_inst/USE_R_CHANNEL.cmd_queue/inst/fifo_gen_inst/inst_fifo_gen/gconvfifo.rf/grf.rf/gntv_or_sync_fifo.gl0.rd/gr1.gr1_int.rfwft/clk
    SLICE_X41Y48         FDCE                                         r  design_1_i/axi_mem_intercon/m00_couplers/auto_pc/inst/gen_axi4_axi3.axi3_conv_inst/USE_READ.USE_SPLIT_R.read_addr_inst/USE_R_CHANNEL.cmd_queue/inst/fifo_gen_inst/inst_fifo_gen/gconvfifo.rf/grf.rf/gntv_or_sync_fifo.gl0.rd/gr1.gr1_int.rfwft/gpregsm1.user_valid_reg/C
                         clock pessimism              0.115    22.790    
                         clock uncertainty           -0.302    22.488    
    SLICE_X41Y48         FDCE (Recov_fdce_C_CLR)     -0.405    22.083    design_1_i/axi_mem_intercon/m00_couplers/auto_pc/inst/gen_axi4_axi3.axi3_conv_inst/USE_READ.USE_SPLIT_R.read_addr_inst/USE_R_CHANNEL.cmd_queue/inst/fifo_gen_inst/inst_fifo_gen/gconvfifo.rf/grf.rf/gntv_or_sync_fifo.gl0.rd/gr1.gr1_int.rfwft/gpregsm1.user_valid_reg
  -------------------------------------------------------------------
                         required time                         22.083    
                         arrival time                          -5.930    
  -------------------------------------------------------------------
                         slack                                 16.154    

Slack (MET) :             16.154ns  (required time - arrival time)
  Source:                 design_1_i/axi_mem_intercon/m00_couplers/auto_pc/inst/gen_axi4_axi3.axi3_conv_inst/USE_READ.USE_SPLIT_R.read_addr_inst/USE_R_CHANNEL.cmd_queue/inst/fifo_gen_inst/inst_fifo_gen/gconvfifo.rf/grf.rf/rstblk/ngwrdrst.grst.g7serrst.gnsckt_wrst.gcc_rst.sckt_wr_rst_cc_reg[0]/C
                            (rising edge-triggered cell FDRE clocked by clk_fpga_0  {rise@0.000ns fall@10.000ns period=20.000ns})
  Destination:            design_1_i/axi_mem_intercon/m00_couplers/auto_pc/inst/gen_axi4_axi3.axi3_conv_inst/USE_READ.USE_SPLIT_R.read_addr_inst/USE_R_CHANNEL.cmd_queue/inst/fifo_gen_inst/inst_fifo_gen/gconvfifo.rf/grf.rf/gntv_or_sync_fifo.gl0.wr/gwss.wsts/ram_full_fb_i_reg/CLR
                            (recovery check against rising-edge clock clk_fpga_0  {rise@0.000ns fall@10.000ns period=20.000ns})
  Path Group:             **async_default**
  Path Type:              Recovery (Max at Slow Process Corner)
  Requirement:            20.000ns  (clk_fpga_0 rise@20.000ns - clk_fpga_0 rise@0.000ns)
  Data Path Delay:        2.984ns  (logic 0.642ns (21.517%)  route 2.342ns (78.483%))
  Logic Levels:           1  (LUT3=1)
  Clock Path Skew:        -0.156ns (DCD - SCD + CPR)
    Destination Clock Delay (DCD):    2.675ns = ( 22.675 - 20.000 ) 
    Source Clock Delay      (SCD):    2.946ns
    Clock Pessimism Removal (CPR):    0.115ns
  Clock Uncertainty:      0.302ns  ((TSJ^2 + TIJ^2)^1/2 + DJ) / 2 + PE
    Total System Jitter     (TSJ):    0.071ns
    Total Input Jitter      (TIJ):    0.600ns
    Discrete Jitter          (DJ):    0.000ns
    Phase Error              (PE):    0.000ns

    Location             Delay type                Incr(ns)  Path(ns)    Netlist Resource(s)
  -------------------------------------------------------------------    -------------------
                         (clock clk_fpga_0 rise edge)
                                                      0.000     0.000 r  
    PS7_X0Y0             PS7                          0.000     0.000 r  design_1_i/processing_system7_0/inst/PS7_i/FCLKCLK[0]
                         net (fo=1, routed)           1.193     1.193    design_1_i/processing_system7_0/inst/FCLK_CLK_unbuffered[0]
    BUFGCTRL_X0Y16       BUFG (Prop_bufg_I_O)         0.101     1.294 r  design_1_i/processing_system7_0/inst/buffer_fclk_clk_0.FCLK_CLK_0_BUFG/O
                         net (fo=9595, routed)        1.652     2.946    design_1_i/axi_mem_intercon/m00_couplers/auto_pc/inst/gen_axi4_axi3.axi3_conv_inst/USE_READ.USE_SPLIT_R.read_addr_inst/USE_R_CHANNEL.cmd_queue/inst/fifo_gen_inst/inst_fifo_gen/gconvfifo.rf/grf.rf/rstblk/clk
    SLICE_X42Y50         FDRE                                         r  design_1_i/axi_mem_intercon/m00_couplers/auto_pc/inst/gen_axi4_axi3.axi3_conv_inst/USE_READ.USE_SPLIT_R.read_addr_inst/USE_R_CHANNEL.cmd_queue/inst/fifo_gen_inst/inst_fifo_gen/gconvfifo.rf/grf.rf/rstblk/ngwrdrst.grst.g7serrst.gnsckt_wrst.gcc_rst.sckt_wr_rst_cc_reg[0]/C
  -------------------------------------------------------------------    -------------------
    SLICE_X42Y50         FDRE (Prop_fdre_C_Q)         0.518     3.464 f  design_1_i/axi_mem_intercon/m00_couplers/auto_pc/inst/gen_axi4_axi3.axi3_conv_inst/USE_READ.USE_SPLIT_R.read_addr_inst/USE_R_CHANNEL.cmd_queue/inst/fifo_gen_inst/inst_fifo_gen/gconvfifo.rf/grf.rf/rstblk/ngwrdrst.grst.g7serrst.gnsckt_wrst.gcc_rst.sckt_wr_rst_cc_reg[0]/Q
                         net (fo=2, routed)           0.882     4.346    design_1_i/axi_mem_intercon/m00_couplers/auto_pc/inst/gen_axi4_axi3.axi3_conv_inst/USE_READ.USE_SPLIT_R.read_addr_inst/USE_R_CHANNEL.cmd_queue/inst/fifo_gen_inst/inst_fifo_gen/gconvfifo.rf/grf.rf/rstblk/sckt_wr_rst_cc[0]
    SLICE_X42Y49         LUT3 (Prop_lut3_I1_O)        0.124     4.470 f  design_1_i/axi_mem_intercon/m00_couplers/auto_pc/inst/gen_axi4_axi3.axi3_conv_inst/USE_READ.USE_SPLIT_R.read_addr_inst/USE_R_CHANNEL.cmd_queue/inst/fifo_gen_inst/inst_fifo_gen/gconvfifo.rf/grf.rf/rstblk/gpregsm1.curr_fwft_state[1]_i_2/O
                         net (fo=33, routed)          1.460     5.930    design_1_i/axi_mem_intercon/m00_couplers/auto_pc/inst/gen_axi4_axi3.axi3_conv_inst/USE_READ.USE_SPLIT_R.read_addr_inst/USE_R_CHANNEL.cmd_queue/inst/fifo_gen_inst/inst_fifo_gen/gconvfifo.rf/grf.rf/gntv_or_sync_fifo.gl0.wr/gwss.wsts/ram_full_i_reg_0
    SLICE_X41Y48         FDCE                                         f  design_1_i/axi_mem_intercon/m00_couplers/auto_pc/inst/gen_axi4_axi3.axi3_conv_inst/USE_READ.USE_SPLIT_R.read_addr_inst/USE_R_CHANNEL.cmd_queue/inst/fifo_gen_inst/inst_fifo_gen/gconvfifo.rf/grf.rf/gntv_or_sync_fifo.gl0.wr/gwss.wsts/ram_full_fb_i_reg/CLR
  -------------------------------------------------------------------    -------------------

                         (clock clk_fpga_0 rise edge)
                                                     20.000    20.000 r  
    PS7_X0Y0             PS7                          0.000    20.000 r  design_1_i/processing_system7_0/inst/PS7_i/FCLKCLK[0]
                         net (fo=1, routed)           1.088    21.088    design_1_i/processing_system7_0/inst/FCLK_CLK_unbuffered[0]
    BUFGCTRL_X0Y16       BUFG (Prop_bufg_I_O)         0.091    21.179 r  design_1_i/processing_system7_0/inst/buffer_fclk_clk_0.FCLK_CLK_0_BUFG/O
                         net (fo=9595, routed)        1.496    22.675    design_1_i/axi_mem_intercon/m00_couplers/auto_pc/inst/gen_axi4_axi3.axi3_conv_inst/USE_READ.USE_SPLIT_R.read_addr_inst/USE_R_CHANNEL.cmd_queue/inst/fifo_gen_inst/inst_fifo_gen/gconvfifo.rf/grf.rf/gntv_or_sync_fifo.gl0.wr/gwss.wsts/clk
    SLICE_X41Y48         FDCE                                         r  design_1_i/axi_mem_intercon/m00_couplers/auto_pc/inst/gen_axi4_axi3.axi3_conv_inst/USE_READ.USE_SPLIT_R.read_addr_inst/USE_R_CHANNEL.cmd_queue/inst/fifo_gen_inst/inst_fifo_gen/gconvfifo.rf/grf.rf/gntv_or_sync_fifo.gl0.wr/gwss.wsts/ram_full_fb_i_reg/C
                         clock pessimism              0.115    22.790    
                         clock uncertainty           -0.302    22.488    
    SLICE_X41Y48         FDCE (Recov_fdce_C_CLR)     -0.405    22.083    design_1_i/axi_mem_intercon/m00_couplers/auto_pc/inst/gen_axi4_axi3.axi3_conv_inst/USE_READ.USE_SPLIT_R.read_addr_inst/USE_R_CHANNEL.cmd_queue/inst/fifo_gen_inst/inst_fifo_gen/gconvfifo.rf/grf.rf/gntv_or_sync_fifo.gl0.wr/gwss.wsts/ram_full_fb_i_reg
  -------------------------------------------------------------------
                         required time                         22.083    
                         arrival time                          -5.930    
  -------------------------------------------------------------------
                         slack                                 16.154    

Slack (MET) :             16.200ns  (required time - arrival time)
  Source:                 design_1_i/axi_mem_intercon/m00_couplers/auto_pc/inst/gen_axi4_axi3.axi3_conv_inst/USE_READ.USE_SPLIT_R.read_addr_inst/USE_R_CHANNEL.cmd_queue/inst/fifo_gen_inst/inst_fifo_gen/gconvfifo.rf/grf.rf/rstblk/ngwrdrst.grst.g7serrst.gnsckt_wrst.gcc_rst.sckt_wr_rst_cc_reg[0]/C
                            (rising edge-triggered cell FDRE clocked by clk_fpga_0  {rise@0.000ns fall@10.000ns period=20.000ns})
  Destination:            design_1_i/axi_mem_intercon/m00_couplers/auto_pc/inst/gen_axi4_axi3.axi3_conv_inst/USE_READ.USE_SPLIT_R.read_addr_inst/USE_R_CHANNEL.cmd_queue/inst/fifo_gen_inst/inst_fifo_gen/gconvfifo.rf/grf.rf/gntv_or_sync_fifo.gl0.rd/gr1.gr1_int.rfwft/aempty_fwft_fb_i_reg/PRE
                            (recovery check against rising-edge clock clk_fpga_0  {rise@0.000ns fall@10.000ns period=20.000ns})
  Path Group:             **async_default**
  Path Type:              Recovery (Max at Slow Process Corner)
  Requirement:            20.000ns  (clk_fpga_0 rise@20.000ns - clk_fpga_0 rise@0.000ns)
  Data Path Delay:        2.984ns  (logic 0.642ns (21.517%)  route 2.342ns (78.483%))
  Logic Levels:           1  (LUT3=1)
  Clock Path Skew:        -0.156ns (DCD - SCD + CPR)
    Destination Clock Delay (DCD):    2.675ns = ( 22.675 - 20.000 ) 
    Source Clock Delay      (SCD):    2.946ns
    Clock Pessimism Removal (CPR):    0.115ns
  Clock Uncertainty:      0.302ns  ((TSJ^2 + TIJ^2)^1/2 + DJ) / 2 + PE
    Total System Jitter     (TSJ):    0.071ns
    Total Input Jitter      (TIJ):    0.600ns
    Discrete Jitter          (DJ):    0.000ns
    Phase Error              (PE):    0.000ns

    Location             Delay type                Incr(ns)  Path(ns)    Netlist Resource(s)
  -------------------------------------------------------------------    -------------------
                         (clock clk_fpga_0 rise edge)
                                                      0.000     0.000 r  
    PS7_X0Y0             PS7                          0.000     0.000 r  design_1_i/processing_system7_0/inst/PS7_i/FCLKCLK[0]
                         net (fo=1, routed)           1.193     1.193    design_1_i/processing_system7_0/inst/FCLK_CLK_unbuffered[0]
    BUFGCTRL_X0Y16       BUFG (Prop_bufg_I_O)         0.101     1.294 r  design_1_i/processing_system7_0/inst/buffer_fclk_clk_0.FCLK_CLK_0_BUFG/O
                         net (fo=9595, routed)        1.652     2.946    design_1_i/axi_mem_intercon/m00_couplers/auto_pc/inst/gen_axi4_axi3.axi3_conv_inst/USE_READ.USE_SPLIT_R.read_addr_inst/USE_R_CHANNEL.cmd_queue/inst/fifo_gen_inst/inst_fifo_gen/gconvfifo.rf/grf.rf/rstblk/clk
    SLICE_X42Y50         FDRE                                         r  design_1_i/axi_mem_intercon/m00_couplers/auto_pc/inst/gen_axi4_axi3.axi3_conv_inst/USE_READ.USE_SPLIT_R.read_addr_inst/USE_R_CHANNEL.cmd_queue/inst/fifo_gen_inst/inst_fifo_gen/gconvfifo.rf/grf.rf/rstblk/ngwrdrst.grst.g7serrst.gnsckt_wrst.gcc_rst.sckt_wr_rst_cc_reg[0]/C
  -------------------------------------------------------------------    -------------------
    SLICE_X42Y50         FDRE (Prop_fdre_C_Q)         0.518     3.464 f  design_1_i/axi_mem_intercon/m00_couplers/auto_pc/inst/gen_axi4_axi3.axi3_conv_inst/USE_READ.USE_SPLIT_R.read_addr_inst/USE_R_CHANNEL.cmd_queue/inst/fifo_gen_inst/inst_fifo_gen/gconvfifo.rf/grf.rf/rstblk/ngwrdrst.grst.g7serrst.gnsckt_wrst.gcc_rst.sckt_wr_rst_cc_reg[0]/Q
                         net (fo=2, routed)           0.882     4.346    design_1_i/axi_mem_intercon/m00_couplers/auto_pc/inst/gen_axi4_axi3.axi3_conv_inst/USE_READ.USE_SPLIT_R.read_addr_inst/USE_R_CHANNEL.cmd_queue/inst/fifo_gen_inst/inst_fifo_gen/gconvfifo.rf/grf.rf/rstblk/sckt_wr_rst_cc[0]
    SLICE_X42Y49         LUT3 (Prop_lut3_I1_O)        0.124     4.470 f  design_1_i/axi_mem_intercon/m00_couplers/auto_pc/inst/gen_axi4_axi3.axi3_conv_inst/USE_READ.USE_SPLIT_R.read_addr_inst/USE_R_CHANNEL.cmd_queue/inst/fifo_gen_inst/inst_fifo_gen/gconvfifo.rf/grf.rf/rstblk/gpregsm1.curr_fwft_state[1]_i_2/O
                         net (fo=33, routed)          1.460     5.930    design_1_i/axi_mem_intercon/m00_couplers/auto_pc/inst/gen_axi4_axi3.axi3_conv_inst/USE_READ.USE_SPLIT_R.read_addr_inst/USE_R_CHANNEL.cmd_queue/inst/fifo_gen_inst/inst_fifo_gen/gconvfifo.rf/grf.rf/gntv_or_sync_fifo.gl0.rd/gr1.gr1_int.rfwft/gpregsm1.user_valid_reg_0
    SLICE_X41Y48         FDPE                                         f  design_1_i/axi_mem_intercon/m00_couplers/auto_pc/inst/gen_axi4_axi3.axi3_conv_inst/USE_READ.USE_SPLIT_R.read_addr_inst/USE_R_CHANNEL.cmd_queue/inst/fifo_gen_inst/inst_fifo_gen/gconvfifo.rf/grf.rf/gntv_or_sync_fifo.gl0.rd/gr1.gr1_int.rfwft/aempty_fwft_fb_i_reg/PRE
  -------------------------------------------------------------------    -------------------

                         (clock clk_fpga_0 rise edge)
                                                     20.000    20.000 r  
    PS7_X0Y0             PS7                          0.000    20.000 r  design_1_i/processing_system7_0/inst/PS7_i/FCLKCLK[0]
                         net (fo=1, routed)           1.088    21.088    design_1_i/processing_system7_0/inst/FCLK_CLK_unbuffered[0]
    BUFGCTRL_X0Y16       BUFG (Prop_bufg_I_O)         0.091    21.179 r  design_1_i/processing_system7_0/inst/buffer_fclk_clk_0.FCLK_CLK_0_BUFG/O
                         net (fo=9595, routed)        1.496    22.675    design_1_i/axi_mem_intercon/m00_couplers/auto_pc/inst/gen_axi4_axi3.axi3_conv_inst/USE_READ.USE_SPLIT_R.read_addr_inst/USE_R_CHANNEL.cmd_queue/inst/fifo_gen_inst/inst_fifo_gen/gconvfifo.rf/grf.rf/gntv_or_sync_fifo.gl0.rd/gr1.gr1_int.rfwft/clk
    SLICE_X41Y48         FDPE                                         r  design_1_i/axi_mem_intercon/m00_couplers/auto_pc/inst/gen_axi4_axi3.axi3_conv_inst/USE_READ.USE_SPLIT_R.read_addr_inst/USE_R_CHANNEL.cmd_queue/inst/fifo_gen_inst/inst_fifo_gen/gconvfifo.rf/grf.rf/gntv_or_sync_fifo.gl0.rd/gr1.gr1_int.rfwft/aempty_fwft_fb_i_reg/C
                         clock pessimism              0.115    22.790    
                         clock uncertainty           -0.302    22.488    
    SLICE_X41Y48         FDPE (Recov_fdpe_C_PRE)     -0.359    22.129    design_1_i/axi_mem_intercon/m00_couplers/auto_pc/inst/gen_axi4_axi3.axi3_conv_inst/USE_READ.USE_SPLIT_R.read_addr_inst/USE_R_CHANNEL.cmd_queue/inst/fifo_gen_inst/inst_fifo_gen/gconvfifo.rf/grf.rf/gntv_or_sync_fifo.gl0.rd/gr1.gr1_int.rfwft/aempty_fwft_fb_i_reg
  -------------------------------------------------------------------
                         required time                         22.129    
                         arrival time                          -5.930    
  -------------------------------------------------------------------
                         slack                                 16.200    

Slack (MET) :             16.200ns  (required time - arrival time)
  Source:                 design_1_i/axi_mem_intercon/m00_couplers/auto_pc/inst/gen_axi4_axi3.axi3_conv_inst/USE_READ.USE_SPLIT_R.read_addr_inst/USE_R_CHANNEL.cmd_queue/inst/fifo_gen_inst/inst_fifo_gen/gconvfifo.rf/grf.rf/rstblk/ngwrdrst.grst.g7serrst.gnsckt_wrst.gcc_rst.sckt_wr_rst_cc_reg[0]/C
                            (rising edge-triggered cell FDRE clocked by clk_fpga_0  {rise@0.000ns fall@10.000ns period=20.000ns})
  Destination:            design_1_i/axi_mem_intercon/m00_couplers/auto_pc/inst/gen_axi4_axi3.axi3_conv_inst/USE_READ.USE_SPLIT_R.read_addr_inst/USE_R_CHANNEL.cmd_queue/inst/fifo_gen_inst/inst_fifo_gen/gconvfifo.rf/grf.rf/gntv_or_sync_fifo.gl0.rd/gr1.gr1_int.rfwft/aempty_fwft_i_reg/PRE
                            (recovery check against rising-edge clock clk_fpga_0  {rise@0.000ns fall@10.000ns period=20.000ns})
  Path Group:             **async_default**
  Path Type:              Recovery (Max at Slow Process Corner)
  Requirement:            20.000ns  (clk_fpga_0 rise@20.000ns - clk_fpga_0 rise@0.000ns)
  Data Path Delay:        2.984ns  (logic 0.642ns (21.517%)  route 2.342ns (78.483%))
  Logic Levels:           1  (LUT3=1)
  Clock Path Skew:        -0.156ns (DCD - SCD + CPR)
    Destination Clock Delay (DCD):    2.675ns = ( 22.675 - 20.000 ) 
    Source Clock Delay      (SCD):    2.946ns
    Clock Pessimism Removal (CPR):    0.115ns
  Clock Uncertainty:      0.302ns  ((TSJ^2 + TIJ^2)^1/2 + DJ) / 2 + PE
    Total System Jitter     (TSJ):    0.071ns
    Total Input Jitter      (TIJ):    0.600ns
    Discrete Jitter          (DJ):    0.000ns
    Phase Error              (PE):    0.000ns

    Location             Delay type                Incr(ns)  Path(ns)    Netlist Resource(s)
  -------------------------------------------------------------------    -------------------
                         (clock clk_fpga_0 rise edge)
                                                      0.000     0.000 r  
    PS7_X0Y0             PS7                          0.000     0.000 r  design_1_i/processing_system7_0/inst/PS7_i/FCLKCLK[0]
                         net (fo=1, routed)           1.193     1.193    design_1_i/processing_system7_0/inst/FCLK_CLK_unbuffered[0]
    BUFGCTRL_X0Y16       BUFG (Prop_bufg_I_O)         0.101     1.294 r  design_1_i/processing_system7_0/inst/buffer_fclk_clk_0.FCLK_CLK_0_BUFG/O
                         net (fo=9595, routed)        1.652     2.946    design_1_i/axi_mem_intercon/m00_couplers/auto_pc/inst/gen_axi4_axi3.axi3_conv_inst/USE_READ.USE_SPLIT_R.read_addr_inst/USE_R_CHANNEL.cmd_queue/inst/fifo_gen_inst/inst_fifo_gen/gconvfifo.rf/grf.rf/rstblk/clk
    SLICE_X42Y50         FDRE                                         r  design_1_i/axi_mem_intercon/m00_couplers/auto_pc/inst/gen_axi4_axi3.axi3_conv_inst/USE_READ.USE_SPLIT_R.read_addr_inst/USE_R_CHANNEL.cmd_queue/inst/fifo_gen_inst/inst_fifo_gen/gconvfifo.rf/grf.rf/rstblk/ngwrdrst.grst.g7serrst.gnsckt_wrst.gcc_rst.sckt_wr_rst_cc_reg[0]/C
  -------------------------------------------------------------------    -------------------
    SLICE_X42Y50         FDRE (Prop_fdre_C_Q)         0.518     3.464 f  design_1_i/axi_mem_intercon/m00_couplers/auto_pc/inst/gen_axi4_axi3.axi3_conv_inst/USE_READ.USE_SPLIT_R.read_addr_inst/USE_R_CHANNEL.cmd_queue/inst/fifo_gen_inst/inst_fifo_gen/gconvfifo.rf/grf.rf/rstblk/ngwrdrst.grst.g7serrst.gnsckt_wrst.gcc_rst.sckt_wr_rst_cc_reg[0]/Q
                         net (fo=2, routed)           0.882     4.346    design_1_i/axi_mem_intercon/m00_couplers/auto_pc/inst/gen_axi4_axi3.axi3_conv_inst/USE_READ.USE_SPLIT_R.read_addr_inst/USE_R_CHANNEL.cmd_queue/inst/fifo_gen_inst/inst_fifo_gen/gconvfifo.rf/grf.rf/rstblk/sckt_wr_rst_cc[0]
    SLICE_X42Y49         LUT3 (Prop_lut3_I1_O)        0.124     4.470 f  design_1_i/axi_mem_intercon/m00_couplers/auto_pc/inst/gen_axi4_axi3.axi3_conv_inst/USE_READ.USE_SPLIT_R.read_addr_inst/USE_R_CHANNEL.cmd_queue/inst/fifo_gen_inst/inst_fifo_gen/gconvfifo.rf/grf.rf/rstblk/gpregsm1.curr_fwft_state[1]_i_2/O
                         net (fo=33, routed)          1.460     5.930    design_1_i/axi_mem_intercon/m00_couplers/auto_pc/inst/gen_axi4_axi3.axi3_conv_inst/USE_READ.USE_SPLIT_R.read_addr_inst/USE_R_CHANNEL.cmd_queue/inst/fifo_gen_inst/inst_fifo_gen/gconvfifo.rf/grf.rf/gntv_or_sync_fifo.gl0.rd/gr1.gr1_int.rfwft/gpregsm1.user_valid_reg_0
    SLICE_X41Y48         FDPE                                         f  design_1_i/axi_mem_intercon/m00_couplers/auto_pc/inst/gen_axi4_axi3.axi3_conv_inst/USE_READ.USE_SPLIT_R.read_addr_inst/USE_R_CHANNEL.cmd_queue/inst/fifo_gen_inst/inst_fifo_gen/gconvfifo.rf/grf.rf/gntv_or_sync_fifo.gl0.rd/gr1.gr1_int.rfwft/aempty_fwft_i_reg/PRE
  -------------------------------------------------------------------    -------------------

                         (clock clk_fpga_0 rise edge)
                                                     20.000    20.000 r  
    PS7_X0Y0             PS7                          0.000    20.000 r  design_1_i/processing_system7_0/inst/PS7_i/FCLKCLK[0]
                         net (fo=1, routed)           1.088    21.088    design_1_i/processing_system7_0/inst/FCLK_CLK_unbuffered[0]
    BUFGCTRL_X0Y16       BUFG (Prop_bufg_I_O)         0.091    21.179 r  design_1_i/processing_system7_0/inst/buffer_fclk_clk_0.FCLK_CLK_0_BUFG/O
                         net (fo=9595, routed)        1.496    22.675    design_1_i/axi_mem_intercon/m00_couplers/auto_pc/inst/gen_axi4_axi3.axi3_conv_inst/USE_READ.USE_SPLIT_R.read_addr_inst/USE_R_CHANNEL.cmd_queue/inst/fifo_gen_inst/inst_fifo_gen/gconvfifo.rf/grf.rf/gntv_or_sync_fifo.gl0.rd/gr1.gr1_int.rfwft/clk
    SLICE_X41Y48         FDPE                                         r  design_1_i/axi_mem_intercon/m00_couplers/auto_pc/inst/gen_axi4_axi3.axi3_conv_inst/USE_READ.USE_SPLIT_R.read_addr_inst/USE_R_CHANNEL.cmd_queue/inst/fifo_gen_inst/inst_fifo_gen/gconvfifo.rf/grf.rf/gntv_or_sync_fifo.gl0.rd/gr1.gr1_int.rfwft/aempty_fwft_i_reg/C
                         clock pessimism              0.115    22.790    
                         clock uncertainty           -0.302    22.488    
    SLICE_X41Y48         FDPE (Recov_fdpe_C_PRE)     -0.359    22.129    design_1_i/axi_mem_intercon/m00_couplers/auto_pc/inst/gen_axi4_axi3.axi3_conv_inst/USE_READ.USE_SPLIT_R.read_addr_inst/USE_R_CHANNEL.cmd_queue/inst/fifo_gen_inst/inst_fifo_gen/gconvfifo.rf/grf.rf/gntv_or_sync_fifo.gl0.rd/gr1.gr1_int.rfwft/aempty_fwft_i_reg
  -------------------------------------------------------------------
                         required time                         22.129    
                         arrival time                          -5.930    
  -------------------------------------------------------------------
                         slack                                 16.200    

Slack (MET) :             16.455ns  (required time - arrival time)
  Source:                 design_1_i/axi_mem_intercon/m00_couplers/auto_pc/inst/gen_axi4_axi3.axi3_conv_inst/USE_READ.USE_SPLIT_R.read_addr_inst/USE_R_CHANNEL.cmd_queue/inst/fifo_gen_inst/inst_fifo_gen/gconvfifo.rf/grf.rf/rstblk/ngwrdrst.grst.g7serrst.gnsckt_wrst.gcc_rst.sckt_wr_rst_cc_reg[0]/C
                            (rising edge-triggered cell FDRE clocked by clk_fpga_0  {rise@0.000ns fall@10.000ns period=20.000ns})
  Destination:            design_1_i/axi_mem_intercon/m00_couplers/auto_pc/inst/gen_axi4_axi3.axi3_conv_inst/USE_READ.USE_SPLIT_R.read_addr_inst/USE_R_CHANNEL.cmd_queue/inst/fifo_gen_inst/inst_fifo_gen/gconvfifo.rf/grf.rf/gntv_or_sync_fifo.gl0.rd/rpntr/gc0.count_d1_reg[0]/CLR
                            (recovery check against rising-edge clock clk_fpga_0  {rise@0.000ns fall@10.000ns period=20.000ns})
  Path Group:             **async_default**
  Path Type:              Recovery (Max at Slow Process Corner)
  Requirement:            20.000ns  (clk_fpga_0 rise@20.000ns - clk_fpga_0 rise@0.000ns)
  Data Path Delay:        2.683ns  (logic 0.642ns (23.933%)  route 2.041ns (76.067%))
  Logic Levels:           1  (LUT3=1)
  Clock Path Skew:        -0.156ns (DCD - SCD + CPR)
    Destination Clock Delay (DCD):    2.675ns = ( 22.675 - 20.000 ) 
    Source Clock Delay      (SCD):    2.946ns
    Clock Pessimism Removal (CPR):    0.115ns
  Clock Uncertainty:      0.302ns  ((TSJ^2 + TIJ^2)^1/2 + DJ) / 2 + PE
    Total System Jitter     (TSJ):    0.071ns
    Total Input Jitter      (TIJ):    0.600ns
    Discrete Jitter          (DJ):    0.000ns
    Phase Error              (PE):    0.000ns

    Location             Delay type                Incr(ns)  Path(ns)    Netlist Resource(s)
  -------------------------------------------------------------------    -------------------
                         (clock clk_fpga_0 rise edge)
                                                      0.000     0.000 r  
    PS7_X0Y0             PS7                          0.000     0.000 r  design_1_i/processing_system7_0/inst/PS7_i/FCLKCLK[0]
                         net (fo=1, routed)           1.193     1.193    design_1_i/processing_system7_0/inst/FCLK_CLK_unbuffered[0]
    BUFGCTRL_X0Y16       BUFG (Prop_bufg_I_O)         0.101     1.294 r  design_1_i/processing_system7_0/inst/buffer_fclk_clk_0.FCLK_CLK_0_BUFG/O
                         net (fo=9595, routed)        1.652     2.946    design_1_i/axi_mem_intercon/m00_couplers/auto_pc/inst/gen_axi4_axi3.axi3_conv_inst/USE_READ.USE_SPLIT_R.read_addr_inst/USE_R_CHANNEL.cmd_queue/inst/fifo_gen_inst/inst_fifo_gen/gconvfifo.rf/grf.rf/rstblk/clk
    SLICE_X42Y50         FDRE                                         r  design_1_i/axi_mem_intercon/m00_couplers/auto_pc/inst/gen_axi4_axi3.axi3_conv_inst/USE_READ.USE_SPLIT_R.read_addr_inst/USE_R_CHANNEL.cmd_queue/inst/fifo_gen_inst/inst_fifo_gen/gconvfifo.rf/grf.rf/rstblk/ngwrdrst.grst.g7serrst.gnsckt_wrst.gcc_rst.sckt_wr_rst_cc_reg[0]/C
  -------------------------------------------------------------------    -------------------
    SLICE_X42Y50         FDRE (Prop_fdre_C_Q)         0.518     3.464 f  design_1_i/axi_mem_intercon/m00_couplers/auto_pc/inst/gen_axi4_axi3.axi3_conv_inst/USE_READ.USE_SPLIT_R.read_addr_inst/USE_R_CHANNEL.cmd_queue/inst/fifo_gen_inst/inst_fifo_gen/gconvfifo.rf/grf.rf/rstblk/ngwrdrst.grst.g7serrst.gnsckt_wrst.gcc_rst.sckt_wr_rst_cc_reg[0]/Q
                         net (fo=2, routed)           0.882     4.346    design_1_i/axi_mem_intercon/m00_couplers/auto_pc/inst/gen_axi4_axi3.axi3_conv_inst/USE_READ.USE_SPLIT_R.read_addr_inst/USE_R_CHANNEL.cmd_queue/inst/fifo_gen_inst/inst_fifo_gen/gconvfifo.rf/grf.rf/rstblk/sckt_wr_rst_cc[0]
    SLICE_X42Y49         LUT3 (Prop_lut3_I1_O)        0.124     4.470 f  design_1_i/axi_mem_intercon/m00_couplers/auto_pc/inst/gen_axi4_axi3.axi3_conv_inst/USE_READ.USE_SPLIT_R.read_addr_inst/USE_R_CHANNEL.cmd_queue/inst/fifo_gen_inst/inst_fifo_gen/gconvfifo.rf/grf.rf/rstblk/gpregsm1.curr_fwft_state[1]_i_2/O
                         net (fo=33, routed)          1.158     5.629    design_1_i/axi_mem_intercon/m00_couplers/auto_pc/inst/gen_axi4_axi3.axi3_conv_inst/USE_READ.USE_SPLIT_R.read_addr_inst/USE_R_CHANNEL.cmd_queue/inst/fifo_gen_inst/inst_fifo_gen/gconvfifo.rf/grf.rf/gntv_or_sync_fifo.gl0.rd/rpntr/gc0.count_d1_reg[4]_1
    SLICE_X40Y49         FDCE                                         f  design_1_i/axi_mem_intercon/m00_couplers/auto_pc/inst/gen_axi4_axi3.axi3_conv_inst/USE_READ.USE_SPLIT_R.read_addr_inst/USE_R_CHANNEL.cmd_queue/inst/fifo_gen_inst/inst_fifo_gen/gconvfifo.rf/grf.rf/gntv_or_sync_fifo.gl0.rd/rpntr/gc0.count_d1_reg[0]/CLR
  -------------------------------------------------------------------    -------------------

                         (clock clk_fpga_0 rise edge)
                                                     20.000    20.000 r  
    PS7_X0Y0             PS7                          0.000    20.000 r  design_1_i/processing_system7_0/inst/PS7_i/FCLKCLK[0]
                         net (fo=1, routed)           1.088    21.088    design_1_i/processing_system7_0/inst/FCLK_CLK_unbuffered[0]
    BUFGCTRL_X0Y16       BUFG (Prop_bufg_I_O)         0.091    21.179 r  design_1_i/processing_system7_0/inst/buffer_fclk_clk_0.FCLK_CLK_0_BUFG/O
                         net (fo=9595, routed)        1.496    22.675    design_1_i/axi_mem_intercon/m00_couplers/auto_pc/inst/gen_axi4_axi3.axi3_conv_inst/USE_READ.USE_SPLIT_R.read_addr_inst/USE_R_CHANNEL.cmd_queue/inst/fifo_gen_inst/inst_fifo_gen/gconvfifo.rf/grf.rf/gntv_or_sync_fifo.gl0.rd/rpntr/clk
    SLICE_X40Y49         FDCE                                         r  design_1_i/axi_mem_intercon/m00_couplers/auto_pc/inst/gen_axi4_axi3.axi3_conv_inst/USE_READ.USE_SPLIT_R.read_addr_inst/USE_R_CHANNEL.cmd_queue/inst/fifo_gen_inst/inst_fifo_gen/gconvfifo.rf/grf.rf/gntv_or_sync_fifo.gl0.rd/rpntr/gc0.count_d1_reg[0]/C
                         clock pessimism              0.115    22.790    
                         clock uncertainty           -0.302    22.488    
    SLICE_X40Y49         FDCE (Recov_fdce_C_CLR)     -0.405    22.083    design_1_i/axi_mem_intercon/m00_couplers/auto_pc/inst/gen_axi4_axi3.axi3_conv_inst/USE_READ.USE_SPLIT_R.read_addr_inst/USE_R_CHANNEL.cmd_queue/inst/fifo_gen_inst/inst_fifo_gen/gconvfifo.rf/grf.rf/gntv_or_sync_fifo.gl0.rd/rpntr/gc0.count_d1_reg[0]
  -------------------------------------------------------------------
                         required time                         22.083    
                         arrival time                          -5.629    
  -------------------------------------------------------------------
                         slack                                 16.455    

Slack (MET) :             16.455ns  (required time - arrival time)
  Source:                 design_1_i/axi_mem_intercon/m00_couplers/auto_pc/inst/gen_axi4_axi3.axi3_conv_inst/USE_READ.USE_SPLIT_R.read_addr_inst/USE_R_CHANNEL.cmd_queue/inst/fifo_gen_inst/inst_fifo_gen/gconvfifo.rf/grf.rf/rstblk/ngwrdrst.grst.g7serrst.gnsckt_wrst.gcc_rst.sckt_wr_rst_cc_reg[0]/C
                            (rising edge-triggered cell FDRE clocked by clk_fpga_0  {rise@0.000ns fall@10.000ns period=20.000ns})
  Destination:            design_1_i/axi_mem_intercon/m00_couplers/auto_pc/inst/gen_axi4_axi3.axi3_conv_inst/USE_READ.USE_SPLIT_R.read_addr_inst/USE_R_CHANNEL.cmd_queue/inst/fifo_gen_inst/inst_fifo_gen/gconvfifo.rf/grf.rf/gntv_or_sync_fifo.gl0.rd/rpntr/gc0.count_d1_reg[1]/CLR
                            (recovery check against rising-edge clock clk_fpga_0  {rise@0.000ns fall@10.000ns period=20.000ns})
  Path Group:             **async_default**
  Path Type:              Recovery (Max at Slow Process Corner)
  Requirement:            20.000ns  (clk_fpga_0 rise@20.000ns - clk_fpga_0 rise@0.000ns)
  Data Path Delay:        2.683ns  (logic 0.642ns (23.933%)  route 2.041ns (76.067%))
  Logic Levels:           1  (LUT3=1)
  Clock Path Skew:        -0.156ns (DCD - SCD + CPR)
    Destination Clock Delay (DCD):    2.675ns = ( 22.675 - 20.000 ) 
    Source Clock Delay      (SCD):    2.946ns
    Clock Pessimism Removal (CPR):    0.115ns
  Clock Uncertainty:      0.302ns  ((TSJ^2 + TIJ^2)^1/2 + DJ) / 2 + PE
    Total System Jitter     (TSJ):    0.071ns
    Total Input Jitter      (TIJ):    0.600ns
    Discrete Jitter          (DJ):    0.000ns
    Phase Error              (PE):    0.000ns

    Location             Delay type                Incr(ns)  Path(ns)    Netlist Resource(s)
  -------------------------------------------------------------------    -------------------
                         (clock clk_fpga_0 rise edge)
                                                      0.000     0.000 r  
    PS7_X0Y0             PS7                          0.000     0.000 r  design_1_i/processing_system7_0/inst/PS7_i/FCLKCLK[0]
                         net (fo=1, routed)           1.193     1.193    design_1_i/processing_system7_0/inst/FCLK_CLK_unbuffered[0]
    BUFGCTRL_X0Y16       BUFG (Prop_bufg_I_O)         0.101     1.294 r  design_1_i/processing_system7_0/inst/buffer_fclk_clk_0.FCLK_CLK_0_BUFG/O
                         net (fo=9595, routed)        1.652     2.946    design_1_i/axi_mem_intercon/m00_couplers/auto_pc/inst/gen_axi4_axi3.axi3_conv_inst/USE_READ.USE_SPLIT_R.read_addr_inst/USE_R_CHANNEL.cmd_queue/inst/fifo_gen_inst/inst_fifo_gen/gconvfifo.rf/grf.rf/rstblk/clk
    SLICE_X42Y50         FDRE                                         r  design_1_i/axi_mem_intercon/m00_couplers/auto_pc/inst/gen_axi4_axi3.axi3_conv_inst/USE_READ.USE_SPLIT_R.read_addr_inst/USE_R_CHANNEL.cmd_queue/inst/fifo_gen_inst/inst_fifo_gen/gconvfifo.rf/grf.rf/rstblk/ngwrdrst.grst.g7serrst.gnsckt_wrst.gcc_rst.sckt_wr_rst_cc_reg[0]/C
  -------------------------------------------------------------------    -------------------
    SLICE_X42Y50         FDRE (Prop_fdre_C_Q)         0.518     3.464 f  design_1_i/axi_mem_intercon/m00_couplers/auto_pc/inst/gen_axi4_axi3.axi3_conv_inst/USE_READ.USE_SPLIT_R.read_addr_inst/USE_R_CHANNEL.cmd_queue/inst/fifo_gen_inst/inst_fifo_gen/gconvfifo.rf/grf.rf/rstblk/ngwrdrst.grst.g7serrst.gnsckt_wrst.gcc_rst.sckt_wr_rst_cc_reg[0]/Q
                         net (fo=2, routed)           0.882     4.346    design_1_i/axi_mem_intercon/m00_couplers/auto_pc/inst/gen_axi4_axi3.axi3_conv_inst/USE_READ.USE_SPLIT_R.read_addr_inst/USE_R_CHANNEL.cmd_queue/inst/fifo_gen_inst/inst_fifo_gen/gconvfifo.rf/grf.rf/rstblk/sckt_wr_rst_cc[0]
    SLICE_X42Y49         LUT3 (Prop_lut3_I1_O)        0.124     4.470 f  design_1_i/axi_mem_intercon/m00_couplers/auto_pc/inst/gen_axi4_axi3.axi3_conv_inst/USE_READ.USE_SPLIT_R.read_addr_inst/USE_R_CHANNEL.cmd_queue/inst/fifo_gen_inst/inst_fifo_gen/gconvfifo.rf/grf.rf/rstblk/gpregsm1.curr_fwft_state[1]_i_2/O
                         net (fo=33, routed)          1.158     5.629    design_1_i/axi_mem_intercon/m00_couplers/auto_pc/inst/gen_axi4_axi3.axi3_conv_inst/USE_READ.USE_SPLIT_R.read_addr_inst/USE_R_CHANNEL.cmd_queue/inst/fifo_gen_inst/inst_fifo_gen/gconvfifo.rf/grf.rf/gntv_or_sync_fifo.gl0.rd/rpntr/gc0.count_d1_reg[4]_1
    SLICE_X40Y49         FDCE                                         f  design_1_i/axi_mem_intercon/m00_couplers/auto_pc/inst/gen_axi4_axi3.axi3_conv_inst/USE_READ.USE_SPLIT_R.read_addr_inst/USE_R_CHANNEL.cmd_queue/inst/fifo_gen_inst/inst_fifo_gen/gconvfifo.rf/grf.rf/gntv_or_sync_fifo.gl0.rd/rpntr/gc0.count_d1_reg[1]/CLR
  -------------------------------------------------------------------    -------------------

                         (clock clk_fpga_0 rise edge)
                                                     20.000    20.000 r  
    PS7_X0Y0             PS7                          0.000    20.000 r  design_1_i/processing_system7_0/inst/PS7_i/FCLKCLK[0]
                         net (fo=1, routed)           1.088    21.088    design_1_i/processing_system7_0/inst/FCLK_CLK_unbuffered[0]
    BUFGCTRL_X0Y16       BUFG (Prop_bufg_I_O)         0.091    21.179 r  design_1_i/processing_system7_0/inst/buffer_fclk_clk_0.FCLK_CLK_0_BUFG/O
                         net (fo=9595, routed)        1.496    22.675    design_1_i/axi_mem_intercon/m00_couplers/auto_pc/inst/gen_axi4_axi3.axi3_conv_inst/USE_READ.USE_SPLIT_R.read_addr_inst/USE_R_CHANNEL.cmd_queue/inst/fifo_gen_inst/inst_fifo_gen/gconvfifo.rf/grf.rf/gntv_or_sync_fifo.gl0.rd/rpntr/clk
    SLICE_X40Y49         FDCE                                         r  design_1_i/axi_mem_intercon/m00_couplers/auto_pc/inst/gen_axi4_axi3.axi3_conv_inst/USE_READ.USE_SPLIT_R.read_addr_inst/USE_R_CHANNEL.cmd_queue/inst/fifo_gen_inst/inst_fifo_gen/gconvfifo.rf/grf.rf/gntv_or_sync_fifo.gl0.rd/rpntr/gc0.count_d1_reg[1]/C
                         clock pessimism              0.115    22.790    
                         clock uncertainty           -0.302    22.488    
    SLICE_X40Y49         FDCE (Recov_fdce_C_CLR)     -0.405    22.083    design_1_i/axi_mem_intercon/m00_couplers/auto_pc/inst/gen_axi4_axi3.axi3_conv_inst/USE_READ.USE_SPLIT_R.read_addr_inst/USE_R_CHANNEL.cmd_queue/inst/fifo_gen_inst/inst_fifo_gen/gconvfifo.rf/grf.rf/gntv_or_sync_fifo.gl0.rd/rpntr/gc0.count_d1_reg[1]
  -------------------------------------------------------------------
                         required time                         22.083    
                         arrival time                          -5.629    
  -------------------------------------------------------------------
                         slack                                 16.455    

Slack (MET) :             16.455ns  (required time - arrival time)
  Source:                 design_1_i/axi_mem_intercon/m00_couplers/auto_pc/inst/gen_axi4_axi3.axi3_conv_inst/USE_READ.USE_SPLIT_R.read_addr_inst/USE_R_CHANNEL.cmd_queue/inst/fifo_gen_inst/inst_fifo_gen/gconvfifo.rf/grf.rf/rstblk/ngwrdrst.grst.g7serrst.gnsckt_wrst.gcc_rst.sckt_wr_rst_cc_reg[0]/C
                            (rising edge-triggered cell FDRE clocked by clk_fpga_0  {rise@0.000ns fall@10.000ns period=20.000ns})
  Destination:            design_1_i/axi_mem_intercon/m00_couplers/auto_pc/inst/gen_axi4_axi3.axi3_conv_inst/USE_READ.USE_SPLIT_R.read_addr_inst/USE_R_CHANNEL.cmd_queue/inst/fifo_gen_inst/inst_fifo_gen/gconvfifo.rf/grf.rf/gntv_or_sync_fifo.gl0.rd/rpntr/gc0.count_d1_reg[2]/CLR
                            (recovery check against rising-edge clock clk_fpga_0  {rise@0.000ns fall@10.000ns period=20.000ns})
  Path Group:             **async_default**
  Path Type:              Recovery (Max at Slow Process Corner)
  Requirement:            20.000ns  (clk_fpga_0 rise@20.000ns - clk_fpga_0 rise@0.000ns)
  Data Path Delay:        2.683ns  (logic 0.642ns (23.933%)  route 2.041ns (76.067%))
  Logic Levels:           1  (LUT3=1)
  Clock Path Skew:        -0.156ns (DCD - SCD + CPR)
    Destination Clock Delay (DCD):    2.675ns = ( 22.675 - 20.000 ) 
    Source Clock Delay      (SCD):    2.946ns
    Clock Pessimism Removal (CPR):    0.115ns
  Clock Uncertainty:      0.302ns  ((TSJ^2 + TIJ^2)^1/2 + DJ) / 2 + PE
    Total System Jitter     (TSJ):    0.071ns
    Total Input Jitter      (TIJ):    0.600ns
    Discrete Jitter          (DJ):    0.000ns
    Phase Error              (PE):    0.000ns

    Location             Delay type                Incr(ns)  Path(ns)    Netlist Resource(s)
  -------------------------------------------------------------------    -------------------
                         (clock clk_fpga_0 rise edge)
                                                      0.000     0.000 r  
    PS7_X0Y0             PS7                          0.000     0.000 r  design_1_i/processing_system7_0/inst/PS7_i/FCLKCLK[0]
                         net (fo=1, routed)           1.193     1.193    design_1_i/processing_system7_0/inst/FCLK_CLK_unbuffered[0]
    BUFGCTRL_X0Y16       BUFG (Prop_bufg_I_O)         0.101     1.294 r  design_1_i/processing_system7_0/inst/buffer_fclk_clk_0.FCLK_CLK_0_BUFG/O
                         net (fo=9595, routed)        1.652     2.946    design_1_i/axi_mem_intercon/m00_couplers/auto_pc/inst/gen_axi4_axi3.axi3_conv_inst/USE_READ.USE_SPLIT_R.read_addr_inst/USE_R_CHANNEL.cmd_queue/inst/fifo_gen_inst/inst_fifo_gen/gconvfifo.rf/grf.rf/rstblk/clk
    SLICE_X42Y50         FDRE                                         r  design_1_i/axi_mem_intercon/m00_couplers/auto_pc/inst/gen_axi4_axi3.axi3_conv_inst/USE_READ.USE_SPLIT_R.read_addr_inst/USE_R_CHANNEL.cmd_queue/inst/fifo_gen_inst/inst_fifo_gen/gconvfifo.rf/grf.rf/rstblk/ngwrdrst.grst.g7serrst.gnsckt_wrst.gcc_rst.sckt_wr_rst_cc_reg[0]/C
  -------------------------------------------------------------------    -------------------
    SLICE_X42Y50         FDRE (Prop_fdre_C_Q)         0.518     3.464 f  design_1_i/axi_mem_intercon/m00_couplers/auto_pc/inst/gen_axi4_axi3.axi3_conv_inst/USE_READ.USE_SPLIT_R.read_addr_inst/USE_R_CHANNEL.cmd_queue/inst/fifo_gen_inst/inst_fifo_gen/gconvfifo.rf/grf.rf/rstblk/ngwrdrst.grst.g7serrst.gnsckt_wrst.gcc_rst.sckt_wr_rst_cc_reg[0]/Q
                         net (fo=2, routed)           0.882     4.346    design_1_i/axi_mem_intercon/m00_couplers/auto_pc/inst/gen_axi4_axi3.axi3_conv_inst/USE_READ.USE_SPLIT_R.read_addr_inst/USE_R_CHANNEL.cmd_queue/inst/fifo_gen_inst/inst_fifo_gen/gconvfifo.rf/grf.rf/rstblk/sckt_wr_rst_cc[0]
    SLICE_X42Y49         LUT3 (Prop_lut3_I1_O)        0.124     4.470 f  design_1_i/axi_mem_intercon/m00_couplers/auto_pc/inst/gen_axi4_axi3.axi3_conv_inst/USE_READ.USE_SPLIT_R.read_addr_inst/USE_R_CHANNEL.cmd_queue/inst/fifo_gen_inst/inst_fifo_gen/gconvfifo.rf/grf.rf/rstblk/gpregsm1.curr_fwft_state[1]_i_2/O
                         net (fo=33, routed)          1.158     5.629    design_1_i/axi_mem_intercon/m00_couplers/auto_pc/inst/gen_axi4_axi3.axi3_conv_inst/USE_READ.USE_SPLIT_R.read_addr_inst/USE_R_CHANNEL.cmd_queue/inst/fifo_gen_inst/inst_fifo_gen/gconvfifo.rf/grf.rf/gntv_or_sync_fifo.gl0.rd/rpntr/gc0.count_d1_reg[4]_1
    SLICE_X40Y49         FDCE                                         f  design_1_i/axi_mem_intercon/m00_couplers/auto_pc/inst/gen_axi4_axi3.axi3_conv_inst/USE_READ.USE_SPLIT_R.read_addr_inst/USE_R_CHANNEL.cmd_queue/inst/fifo_gen_inst/inst_fifo_gen/gconvfifo.rf/grf.rf/gntv_or_sync_fifo.gl0.rd/rpntr/gc0.count_d1_reg[2]/CLR
  -------------------------------------------------------------------    -------------------

                         (clock clk_fpga_0 rise edge)
                                                     20.000    20.000 r  
    PS7_X0Y0             PS7                          0.000    20.000 r  design_1_i/processing_system7_0/inst/PS7_i/FCLKCLK[0]
                         net (fo=1, routed)           1.088    21.088    design_1_i/processing_system7_0/inst/FCLK_CLK_unbuffered[0]
    BUFGCTRL_X0Y16       BUFG (Prop_bufg_I_O)         0.091    21.179 r  design_1_i/processing_system7_0/inst/buffer_fclk_clk_0.FCLK_CLK_0_BUFG/O
                         net (fo=9595, routed)        1.496    22.675    design_1_i/axi_mem_intercon/m00_couplers/auto_pc/inst/gen_axi4_axi3.axi3_conv_inst/USE_READ.USE_SPLIT_R.read_addr_inst/USE_R_CHANNEL.cmd_queue/inst/fifo_gen_inst/inst_fifo_gen/gconvfifo.rf/grf.rf/gntv_or_sync_fifo.gl0.rd/rpntr/clk
    SLICE_X40Y49         FDCE                                         r  design_1_i/axi_mem_intercon/m00_couplers/auto_pc/inst/gen_axi4_axi3.axi3_conv_inst/USE_READ.USE_SPLIT_R.read_addr_inst/USE_R_CHANNEL.cmd_queue/inst/fifo_gen_inst/inst_fifo_gen/gconvfifo.rf/grf.rf/gntv_or_sync_fifo.gl0.rd/rpntr/gc0.count_d1_reg[2]/C
                         clock pessimism              0.115    22.790    
                         clock uncertainty           -0.302    22.488    
    SLICE_X40Y49         FDCE (Recov_fdce_C_CLR)     -0.405    22.083    design_1_i/axi_mem_intercon/m00_couplers/auto_pc/inst/gen_axi4_axi3.axi3_conv_inst/USE_READ.USE_SPLIT_R.read_addr_inst/USE_R_CHANNEL.cmd_queue/inst/fifo_gen_inst/inst_fifo_gen/gconvfifo.rf/grf.rf/gntv_or_sync_fifo.gl0.rd/rpntr/gc0.count_d1_reg[2]
  -------------------------------------------------------------------
                         required time                         22.083    
                         arrival time                          -5.629    
  -------------------------------------------------------------------
                         slack                                 16.455    

Slack (MET) :             16.459ns  (required time - arrival time)
  Source:                 design_1_i/axi_mem_intercon/m00_couplers/auto_pc/inst/gen_axi4_axi3.axi3_conv_inst/USE_READ.USE_SPLIT_R.read_addr_inst/USE_R_CHANNEL.cmd_queue/inst/fifo_gen_inst/inst_fifo_gen/gconvfifo.rf/grf.rf/rstblk/ngwrdrst.grst.g7serrst.gnsckt_wrst.gcc_rst.sckt_wr_rst_cc_reg[0]/C
                            (rising edge-triggered cell FDRE clocked by clk_fpga_0  {rise@0.000ns fall@10.000ns period=20.000ns})
  Destination:            design_1_i/axi_mem_intercon/m00_couplers/auto_pc/inst/gen_axi4_axi3.axi3_conv_inst/USE_READ.USE_SPLIT_R.read_addr_inst/USE_R_CHANNEL.cmd_queue/inst/fifo_gen_inst/inst_fifo_gen/gconvfifo.rf/grf.rf/gntv_or_sync_fifo.gl0.wr/wpntr/gcc0.gc0.count_d1_reg[1]/CLR
                            (recovery check against rising-edge clock clk_fpga_0  {rise@0.000ns fall@10.000ns period=20.000ns})
  Path Group:             **async_default**
  Path Type:              Recovery (Max at Slow Process Corner)
  Requirement:            20.000ns  (clk_fpga_0 rise@20.000ns - clk_fpga_0 rise@0.000ns)
  Data Path Delay:        2.678ns  (logic 0.642ns (23.971%)  route 2.036ns (76.029%))
  Logic Levels:           1  (LUT3=1)
  Clock Path Skew:        -0.156ns (DCD - SCD + CPR)
    Destination Clock Delay (DCD):    2.675ns = ( 22.675 - 20.000 ) 
    Source Clock Delay      (SCD):    2.946ns
    Clock Pessimism Removal (CPR):    0.115ns
  Clock Uncertainty:      0.302ns  ((TSJ^2 + TIJ^2)^1/2 + DJ) / 2 + PE
    Total System Jitter     (TSJ):    0.071ns
    Total Input Jitter      (TIJ):    0.600ns
    Discrete Jitter          (DJ):    0.000ns
    Phase Error              (PE):    0.000ns

    Location             Delay type                Incr(ns)  Path(ns)    Netlist Resource(s)
  -------------------------------------------------------------------    -------------------
                         (clock clk_fpga_0 rise edge)
                                                      0.000     0.000 r  
    PS7_X0Y0             PS7                          0.000     0.000 r  design_1_i/processing_system7_0/inst/PS7_i/FCLKCLK[0]
                         net (fo=1, routed)           1.193     1.193    design_1_i/processing_system7_0/inst/FCLK_CLK_unbuffered[0]
    BUFGCTRL_X0Y16       BUFG (Prop_bufg_I_O)         0.101     1.294 r  design_1_i/processing_system7_0/inst/buffer_fclk_clk_0.FCLK_CLK_0_BUFG/O
                         net (fo=9595, routed)        1.652     2.946    design_1_i/axi_mem_intercon/m00_couplers/auto_pc/inst/gen_axi4_axi3.axi3_conv_inst/USE_READ.USE_SPLIT_R.read_addr_inst/USE_R_CHANNEL.cmd_queue/inst/fifo_gen_inst/inst_fifo_gen/gconvfifo.rf/grf.rf/rstblk/clk
    SLICE_X42Y50         FDRE                                         r  design_1_i/axi_mem_intercon/m00_couplers/auto_pc/inst/gen_axi4_axi3.axi3_conv_inst/USE_READ.USE_SPLIT_R.read_addr_inst/USE_R_CHANNEL.cmd_queue/inst/fifo_gen_inst/inst_fifo_gen/gconvfifo.rf/grf.rf/rstblk/ngwrdrst.grst.g7serrst.gnsckt_wrst.gcc_rst.sckt_wr_rst_cc_reg[0]/C
  -------------------------------------------------------------------    -------------------
    SLICE_X42Y50         FDRE (Prop_fdre_C_Q)         0.518     3.464 f  design_1_i/axi_mem_intercon/m00_couplers/auto_pc/inst/gen_axi4_axi3.axi3_conv_inst/USE_READ.USE_SPLIT_R.read_addr_inst/USE_R_CHANNEL.cmd_queue/inst/fifo_gen_inst/inst_fifo_gen/gconvfifo.rf/grf.rf/rstblk/ngwrdrst.grst.g7serrst.gnsckt_wrst.gcc_rst.sckt_wr_rst_cc_reg[0]/Q
                         net (fo=2, routed)           0.882     4.346    design_1_i/axi_mem_intercon/m00_couplers/auto_pc/inst/gen_axi4_axi3.axi3_conv_inst/USE_READ.USE_SPLIT_R.read_addr_inst/USE_R_CHANNEL.cmd_queue/inst/fifo_gen_inst/inst_fifo_gen/gconvfifo.rf/grf.rf/rstblk/sckt_wr_rst_cc[0]
    SLICE_X42Y49         LUT3 (Prop_lut3_I1_O)        0.124     4.470 f  design_1_i/axi_mem_intercon/m00_couplers/auto_pc/inst/gen_axi4_axi3.axi3_conv_inst/USE_READ.USE_SPLIT_R.read_addr_inst/USE_R_CHANNEL.cmd_queue/inst/fifo_gen_inst/inst_fifo_gen/gconvfifo.rf/grf.rf/rstblk/gpregsm1.curr_fwft_state[1]_i_2/O
                         net (fo=33, routed)          1.154     5.624    design_1_i/axi_mem_intercon/m00_couplers/auto_pc/inst/gen_axi4_axi3.axi3_conv_inst/USE_READ.USE_SPLIT_R.read_addr_inst/USE_R_CHANNEL.cmd_queue/inst/fifo_gen_inst/inst_fifo_gen/gconvfifo.rf/grf.rf/gntv_or_sync_fifo.gl0.wr/wpntr/gcc0.gc0.count_d1_reg[0]_0
    SLICE_X41Y49         FDCE                                         f  design_1_i/axi_mem_intercon/m00_couplers/auto_pc/inst/gen_axi4_axi3.axi3_conv_inst/USE_READ.USE_SPLIT_R.read_addr_inst/USE_R_CHANNEL.cmd_queue/inst/fifo_gen_inst/inst_fifo_gen/gconvfifo.rf/grf.rf/gntv_or_sync_fifo.gl0.wr/wpntr/gcc0.gc0.count_d1_reg[1]/CLR
  -------------------------------------------------------------------    -------------------

                         (clock clk_fpga_0 rise edge)
                                                     20.000    20.000 r  
    PS7_X0Y0             PS7                          0.000    20.000 r  design_1_i/processing_system7_0/inst/PS7_i/FCLKCLK[0]
                         net (fo=1, routed)           1.088    21.088    design_1_i/processing_system7_0/inst/FCLK_CLK_unbuffered[0]
    BUFGCTRL_X0Y16       BUFG (Prop_bufg_I_O)         0.091    21.179 r  design_1_i/processing_system7_0/inst/buffer_fclk_clk_0.FCLK_CLK_0_BUFG/O
                         net (fo=9595, routed)        1.496    22.675    design_1_i/axi_mem_intercon/m00_couplers/auto_pc/inst/gen_axi4_axi3.axi3_conv_inst/USE_READ.USE_SPLIT_R.read_addr_inst/USE_R_CHANNEL.cmd_queue/inst/fifo_gen_inst/inst_fifo_gen/gconvfifo.rf/grf.rf/gntv_or_sync_fifo.gl0.wr/wpntr/clk
    SLICE_X41Y49         FDCE                                         r  design_1_i/axi_mem_intercon/m00_couplers/auto_pc/inst/gen_axi4_axi3.axi3_conv_inst/USE_READ.USE_SPLIT_R.read_addr_inst/USE_R_CHANNEL.cmd_queue/inst/fifo_gen_inst/inst_fifo_gen/gconvfifo.rf/grf.rf/gntv_or_sync_fifo.gl0.wr/wpntr/gcc0.gc0.count_d1_reg[1]/C
                         clock pessimism              0.115    22.790    
                         clock uncertainty           -0.302    22.488    
    SLICE_X41Y49         FDCE (Recov_fdce_C_CLR)     -0.405    22.083    design_1_i/axi_mem_intercon/m00_couplers/auto_pc/inst/gen_axi4_axi3.axi3_conv_inst/USE_READ.USE_SPLIT_R.read_addr_inst/USE_R_CHANNEL.cmd_queue/inst/fifo_gen_inst/inst_fifo_gen/gconvfifo.rf/grf.rf/gntv_or_sync_fifo.gl0.wr/wpntr/gcc0.gc0.count_d1_reg[1]
  -------------------------------------------------------------------
                         required time                         22.083    
                         arrival time                          -5.624    
  -------------------------------------------------------------------
                         slack                                 16.459    

Slack (MET) :             16.459ns  (required time - arrival time)
  Source:                 design_1_i/axi_mem_intercon/m00_couplers/auto_pc/inst/gen_axi4_axi3.axi3_conv_inst/USE_READ.USE_SPLIT_R.read_addr_inst/USE_R_CHANNEL.cmd_queue/inst/fifo_gen_inst/inst_fifo_gen/gconvfifo.rf/grf.rf/rstblk/ngwrdrst.grst.g7serrst.gnsckt_wrst.gcc_rst.sckt_wr_rst_cc_reg[0]/C
                            (rising edge-triggered cell FDRE clocked by clk_fpga_0  {rise@0.000ns fall@10.000ns period=20.000ns})
  Destination:            design_1_i/axi_mem_intercon/m00_couplers/auto_pc/inst/gen_axi4_axi3.axi3_conv_inst/USE_READ.USE_SPLIT_R.read_addr_inst/USE_R_CHANNEL.cmd_queue/inst/fifo_gen_inst/inst_fifo_gen/gconvfifo.rf/grf.rf/gntv_or_sync_fifo.gl0.wr/wpntr/gcc0.gc0.count_d1_reg[2]/CLR
                            (recovery check against rising-edge clock clk_fpga_0  {rise@0.000ns fall@10.000ns period=20.000ns})
  Path Group:             **async_default**
  Path Type:              Recovery (Max at Slow Process Corner)
  Requirement:            20.000ns  (clk_fpga_0 rise@20.000ns - clk_fpga_0 rise@0.000ns)
  Data Path Delay:        2.678ns  (logic 0.642ns (23.971%)  route 2.036ns (76.029%))
  Logic Levels:           1  (LUT3=1)
  Clock Path Skew:        -0.156ns (DCD - SCD + CPR)
    Destination Clock Delay (DCD):    2.675ns = ( 22.675 - 20.000 ) 
    Source Clock Delay      (SCD):    2.946ns
    Clock Pessimism Removal (CPR):    0.115ns
  Clock Uncertainty:      0.302ns  ((TSJ^2 + TIJ^2)^1/2 + DJ) / 2 + PE
    Total System Jitter     (TSJ):    0.071ns
    Total Input Jitter      (TIJ):    0.600ns
    Discrete Jitter          (DJ):    0.000ns
    Phase Error              (PE):    0.000ns

    Location             Delay type                Incr(ns)  Path(ns)    Netlist Resource(s)
  -------------------------------------------------------------------    -------------------
                         (clock clk_fpga_0 rise edge)
                                                      0.000     0.000 r  
    PS7_X0Y0             PS7                          0.000     0.000 r  design_1_i/processing_system7_0/inst/PS7_i/FCLKCLK[0]
                         net (fo=1, routed)           1.193     1.193    design_1_i/processing_system7_0/inst/FCLK_CLK_unbuffered[0]
    BUFGCTRL_X0Y16       BUFG (Prop_bufg_I_O)         0.101     1.294 r  design_1_i/processing_system7_0/inst/buffer_fclk_clk_0.FCLK_CLK_0_BUFG/O
                         net (fo=9595, routed)        1.652     2.946    design_1_i/axi_mem_intercon/m00_couplers/auto_pc/inst/gen_axi4_axi3.axi3_conv_inst/USE_READ.USE_SPLIT_R.read_addr_inst/USE_R_CHANNEL.cmd_queue/inst/fifo_gen_inst/inst_fifo_gen/gconvfifo.rf/grf.rf/rstblk/clk
    SLICE_X42Y50         FDRE                                         r  design_1_i/axi_mem_intercon/m00_couplers/auto_pc/inst/gen_axi4_axi3.axi3_conv_inst/USE_READ.USE_SPLIT_R.read_addr_inst/USE_R_CHANNEL.cmd_queue/inst/fifo_gen_inst/inst_fifo_gen/gconvfifo.rf/grf.rf/rstblk/ngwrdrst.grst.g7serrst.gnsckt_wrst.gcc_rst.sckt_wr_rst_cc_reg[0]/C
  -------------------------------------------------------------------    -------------------
    SLICE_X42Y50         FDRE (Prop_fdre_C_Q)         0.518     3.464 f  design_1_i/axi_mem_intercon/m00_couplers/auto_pc/inst/gen_axi4_axi3.axi3_conv_inst/USE_READ.USE_SPLIT_R.read_addr_inst/USE_R_CHANNEL.cmd_queue/inst/fifo_gen_inst/inst_fifo_gen/gconvfifo.rf/grf.rf/rstblk/ngwrdrst.grst.g7serrst.gnsckt_wrst.gcc_rst.sckt_wr_rst_cc_reg[0]/Q
                         net (fo=2, routed)           0.882     4.346    design_1_i/axi_mem_intercon/m00_couplers/auto_pc/inst/gen_axi4_axi3.axi3_conv_inst/USE_READ.USE_SPLIT_R.read_addr_inst/USE_R_CHANNEL.cmd_queue/inst/fifo_gen_inst/inst_fifo_gen/gconvfifo.rf/grf.rf/rstblk/sckt_wr_rst_cc[0]
    SLICE_X42Y49         LUT3 (Prop_lut3_I1_O)        0.124     4.470 f  design_1_i/axi_mem_intercon/m00_couplers/auto_pc/inst/gen_axi4_axi3.axi3_conv_inst/USE_READ.USE_SPLIT_R.read_addr_inst/USE_R_CHANNEL.cmd_queue/inst/fifo_gen_inst/inst_fifo_gen/gconvfifo.rf/grf.rf/rstblk/gpregsm1.curr_fwft_state[1]_i_2/O
                         net (fo=33, routed)          1.154     5.624    design_1_i/axi_mem_intercon/m00_couplers/auto_pc/inst/gen_axi4_axi3.axi3_conv_inst/USE_READ.USE_SPLIT_R.read_addr_inst/USE_R_CHANNEL.cmd_queue/inst/fifo_gen_inst/inst_fifo_gen/gconvfifo.rf/grf.rf/gntv_or_sync_fifo.gl0.wr/wpntr/gcc0.gc0.count_d1_reg[0]_0
    SLICE_X41Y49         FDCE                                         f  design_1_i/axi_mem_intercon/m00_couplers/auto_pc/inst/gen_axi4_axi3.axi3_conv_inst/USE_READ.USE_SPLIT_R.read_addr_inst/USE_R_CHANNEL.cmd_queue/inst/fifo_gen_inst/inst_fifo_gen/gconvfifo.rf/grf.rf/gntv_or_sync_fifo.gl0.wr/wpntr/gcc0.gc0.count_d1_reg[2]/CLR
  -------------------------------------------------------------------    -------------------

                         (clock clk_fpga_0 rise edge)
                                                     20.000    20.000 r  
    PS7_X0Y0             PS7                          0.000    20.000 r  design_1_i/processing_system7_0/inst/PS7_i/FCLKCLK[0]
                         net (fo=1, routed)           1.088    21.088    design_1_i/processing_system7_0/inst/FCLK_CLK_unbuffered[0]
    BUFGCTRL_X0Y16       BUFG (Prop_bufg_I_O)         0.091    21.179 r  design_1_i/processing_system7_0/inst/buffer_fclk_clk_0.FCLK_CLK_0_BUFG/O
                         net (fo=9595, routed)        1.496    22.675    design_1_i/axi_mem_intercon/m00_couplers/auto_pc/inst/gen_axi4_axi3.axi3_conv_inst/USE_READ.USE_SPLIT_R.read_addr_inst/USE_R_CHANNEL.cmd_queue/inst/fifo_gen_inst/inst_fifo_gen/gconvfifo.rf/grf.rf/gntv_or_sync_fifo.gl0.wr/wpntr/clk
    SLICE_X41Y49         FDCE                                         r  design_1_i/axi_mem_intercon/m00_couplers/auto_pc/inst/gen_axi4_axi3.axi3_conv_inst/USE_READ.USE_SPLIT_R.read_addr_inst/USE_R_CHANNEL.cmd_queue/inst/fifo_gen_inst/inst_fifo_gen/gconvfifo.rf/grf.rf/gntv_or_sync_fifo.gl0.wr/wpntr/gcc0.gc0.count_d1_reg[2]/C
                         clock pessimism              0.115    22.790    
                         clock uncertainty           -0.302    22.488    
    SLICE_X41Y49         FDCE (Recov_fdce_C_CLR)     -0.405    22.083    design_1_i/axi_mem_intercon/m00_couplers/auto_pc/inst/gen_axi4_axi3.axi3_conv_inst/USE_READ.USE_SPLIT_R.read_addr_inst/USE_R_CHANNEL.cmd_queue/inst/fifo_gen_inst/inst_fifo_gen/gconvfifo.rf/grf.rf/gntv_or_sync_fifo.gl0.wr/wpntr/gcc0.gc0.count_d1_reg[2]
  -------------------------------------------------------------------
                         required time                         22.083    
                         arrival time                          -5.624    
  -------------------------------------------------------------------
                         slack                                 16.459    

Slack (MET) :             16.459ns  (required time - arrival time)
  Source:                 design_1_i/axi_mem_intercon/m00_couplers/auto_pc/inst/gen_axi4_axi3.axi3_conv_inst/USE_READ.USE_SPLIT_R.read_addr_inst/USE_R_CHANNEL.cmd_queue/inst/fifo_gen_inst/inst_fifo_gen/gconvfifo.rf/grf.rf/rstblk/ngwrdrst.grst.g7serrst.gnsckt_wrst.gcc_rst.sckt_wr_rst_cc_reg[0]/C
                            (rising edge-triggered cell FDRE clocked by clk_fpga_0  {rise@0.000ns fall@10.000ns period=20.000ns})
  Destination:            design_1_i/axi_mem_intercon/m00_couplers/auto_pc/inst/gen_axi4_axi3.axi3_conv_inst/USE_READ.USE_SPLIT_R.read_addr_inst/USE_R_CHANNEL.cmd_queue/inst/fifo_gen_inst/inst_fifo_gen/gconvfifo.rf/grf.rf/gntv_or_sync_fifo.gl0.wr/wpntr/gcc0.gc0.count_d1_reg[3]/CLR
                            (recovery check against rising-edge clock clk_fpga_0  {rise@0.000ns fall@10.000ns period=20.000ns})
  Path Group:             **async_default**
  Path Type:              Recovery (Max at Slow Process Corner)
  Requirement:            20.000ns  (clk_fpga_0 rise@20.000ns - clk_fpga_0 rise@0.000ns)
  Data Path Delay:        2.678ns  (logic 0.642ns (23.971%)  route 2.036ns (76.029%))
  Logic Levels:           1  (LUT3=1)
  Clock Path Skew:        -0.156ns (DCD - SCD + CPR)
    Destination Clock Delay (DCD):    2.675ns = ( 22.675 - 20.000 ) 
    Source Clock Delay      (SCD):    2.946ns
    Clock Pessimism Removal (CPR):    0.115ns
  Clock Uncertainty:      0.302ns  ((TSJ^2 + TIJ^2)^1/2 + DJ) / 2 + PE
    Total System Jitter     (TSJ):    0.071ns
    Total Input Jitter      (TIJ):    0.600ns
    Discrete Jitter          (DJ):    0.000ns
    Phase Error              (PE):    0.000ns

    Location             Delay type                Incr(ns)  Path(ns)    Netlist Resource(s)
  -------------------------------------------------------------------    -------------------
                         (clock clk_fpga_0 rise edge)
                                                      0.000     0.000 r  
    PS7_X0Y0             PS7                          0.000     0.000 r  design_1_i/processing_system7_0/inst/PS7_i/FCLKCLK[0]
                         net (fo=1, routed)           1.193     1.193    design_1_i/processing_system7_0/inst/FCLK_CLK_unbuffered[0]
    BUFGCTRL_X0Y16       BUFG (Prop_bufg_I_O)         0.101     1.294 r  design_1_i/processing_system7_0/inst/buffer_fclk_clk_0.FCLK_CLK_0_BUFG/O
                         net (fo=9595, routed)        1.652     2.946    design_1_i/axi_mem_intercon/m00_couplers/auto_pc/inst/gen_axi4_axi3.axi3_conv_inst/USE_READ.USE_SPLIT_R.read_addr_inst/USE_R_CHANNEL.cmd_queue/inst/fifo_gen_inst/inst_fifo_gen/gconvfifo.rf/grf.rf/rstblk/clk
    SLICE_X42Y50         FDRE                                         r  design_1_i/axi_mem_intercon/m00_couplers/auto_pc/inst/gen_axi4_axi3.axi3_conv_inst/USE_READ.USE_SPLIT_R.read_addr_inst/USE_R_CHANNEL.cmd_queue/inst/fifo_gen_inst/inst_fifo_gen/gconvfifo.rf/grf.rf/rstblk/ngwrdrst.grst.g7serrst.gnsckt_wrst.gcc_rst.sckt_wr_rst_cc_reg[0]/C
  -------------------------------------------------------------------    -------------------
    SLICE_X42Y50         FDRE (Prop_fdre_C_Q)         0.518     3.464 f  design_1_i/axi_mem_intercon/m00_couplers/auto_pc/inst/gen_axi4_axi3.axi3_conv_inst/USE_READ.USE_SPLIT_R.read_addr_inst/USE_R_CHANNEL.cmd_queue/inst/fifo_gen_inst/inst_fifo_gen/gconvfifo.rf/grf.rf/rstblk/ngwrdrst.grst.g7serrst.gnsckt_wrst.gcc_rst.sckt_wr_rst_cc_reg[0]/Q
                         net (fo=2, routed)           0.882     4.346    design_1_i/axi_mem_intercon/m00_couplers/auto_pc/inst/gen_axi4_axi3.axi3_conv_inst/USE_READ.USE_SPLIT_R.read_addr_inst/USE_R_CHANNEL.cmd_queue/inst/fifo_gen_inst/inst_fifo_gen/gconvfifo.rf/grf.rf/rstblk/sckt_wr_rst_cc[0]
    SLICE_X42Y49         LUT3 (Prop_lut3_I1_O)        0.124     4.470 f  design_1_i/axi_mem_intercon/m00_couplers/auto_pc/inst/gen_axi4_axi3.axi3_conv_inst/USE_READ.USE_SPLIT_R.read_addr_inst/USE_R_CHANNEL.cmd_queue/inst/fifo_gen_inst/inst_fifo_gen/gconvfifo.rf/grf.rf/rstblk/gpregsm1.curr_fwft_state[1]_i_2/O
                         net (fo=33, routed)          1.154     5.624    design_1_i/axi_mem_intercon/m00_couplers/auto_pc/inst/gen_axi4_axi3.axi3_conv_inst/USE_READ.USE_SPLIT_R.read_addr_inst/USE_R_CHANNEL.cmd_queue/inst/fifo_gen_inst/inst_fifo_gen/gconvfifo.rf/grf.rf/gntv_or_sync_fifo.gl0.wr/wpntr/gcc0.gc0.count_d1_reg[0]_0
    SLICE_X41Y49         FDCE                                         f  design_1_i/axi_mem_intercon/m00_couplers/auto_pc/inst/gen_axi4_axi3.axi3_conv_inst/USE_READ.USE_SPLIT_R.read_addr_inst/USE_R_CHANNEL.cmd_queue/inst/fifo_gen_inst/inst_fifo_gen/gconvfifo.rf/grf.rf/gntv_or_sync_fifo.gl0.wr/wpntr/gcc0.gc0.count_d1_reg[3]/CLR
  -------------------------------------------------------------------    -------------------

                         (clock clk_fpga_0 rise edge)
                                                     20.000    20.000 r  
    PS7_X0Y0             PS7                          0.000    20.000 r  design_1_i/processing_system7_0/inst/PS7_i/FCLKCLK[0]
                         net (fo=1, routed)           1.088    21.088    design_1_i/processing_system7_0/inst/FCLK_CLK_unbuffered[0]
    BUFGCTRL_X0Y16       BUFG (Prop_bufg_I_O)         0.091    21.179 r  design_1_i/processing_system7_0/inst/buffer_fclk_clk_0.FCLK_CLK_0_BUFG/O
                         net (fo=9595, routed)        1.496    22.675    design_1_i/axi_mem_intercon/m00_couplers/auto_pc/inst/gen_axi4_axi3.axi3_conv_inst/USE_READ.USE_SPLIT_R.read_addr_inst/USE_R_CHANNEL.cmd_queue/inst/fifo_gen_inst/inst_fifo_gen/gconvfifo.rf/grf.rf/gntv_or_sync_fifo.gl0.wr/wpntr/clk
    SLICE_X41Y49         FDCE                                         r  design_1_i/axi_mem_intercon/m00_couplers/auto_pc/inst/gen_axi4_axi3.axi3_conv_inst/USE_READ.USE_SPLIT_R.read_addr_inst/USE_R_CHANNEL.cmd_queue/inst/fifo_gen_inst/inst_fifo_gen/gconvfifo.rf/grf.rf/gntv_or_sync_fifo.gl0.wr/wpntr/gcc0.gc0.count_d1_reg[3]/C
                         clock pessimism              0.115    22.790    
                         clock uncertainty           -0.302    22.488    
    SLICE_X41Y49         FDCE (Recov_fdce_C_CLR)     -0.405    22.083    design_1_i/axi_mem_intercon/m00_couplers/auto_pc/inst/gen_axi4_axi3.axi3_conv_inst/USE_READ.USE_SPLIT_R.read_addr_inst/USE_R_CHANNEL.cmd_queue/inst/fifo_gen_inst/inst_fifo_gen/gconvfifo.rf/grf.rf/gntv_or_sync_fifo.gl0.wr/wpntr/gcc0.gc0.count_d1_reg[3]
  -------------------------------------------------------------------
                         required time                         22.083    
                         arrival time                          -5.624    
  -------------------------------------------------------------------
                         slack                                 16.459    





Min Delay Paths
--------------------------------------------------------------------------------------
Slack (MET) :             0.353ns  (arrival time - required time)
  Source:                 design_1_i/axi_mem_intercon/m00_couplers/auto_pc/inst/gen_axi4_axi3.axi3_conv_inst/USE_READ.USE_SPLIT_R.read_addr_inst/USE_R_CHANNEL.cmd_queue/inst/fifo_gen_inst/inst_fifo_gen/gconvfifo.rf/grf.rf/rstblk/ngwrdrst.grst.g7serrst.gnsckt_wrst.rst_wr_reg2_inst/arststages_ff_reg[1]/C
                            (rising edge-triggered cell FDPE clocked by clk_fpga_0  {rise@0.000ns fall@10.000ns period=20.000ns})
  Destination:            design_1_i/axi_mem_intercon/m00_couplers/auto_pc/inst/gen_axi4_axi3.axi3_conv_inst/USE_READ.USE_SPLIT_R.read_addr_inst/USE_R_CHANNEL.cmd_queue/inst/fifo_gen_inst/inst_fifo_gen/gconvfifo.rf/grf.rf/gntv_or_sync_fifo.gl0.wr/wpntr/gcc0.gc0.count_reg[1]/CLR
                            (removal check against rising-edge clock clk_fpga_0  {rise@0.000ns fall@10.000ns period=20.000ns})
  Path Group:             **async_default**
  Path Type:              Removal (Min at Fast Process Corner)
  Requirement:            0.000ns  (clk_fpga_0 rise@0.000ns - clk_fpga_0 rise@0.000ns)
  Data Path Delay:        0.534ns  (logic 0.227ns (42.490%)  route 0.307ns (57.510%))
  Logic Levels:           1  (LUT3=1)
  Clock Path Skew:        0.273ns (DCD - SCD - CPR)
    Destination Clock Delay (DCD):    1.196ns
    Source Clock Delay      (SCD):    0.893ns
    Clock Pessimism Removal (CPR):    0.030ns

    Location             Delay type                Incr(ns)  Path(ns)    Netlist Resource(s)
  -------------------------------------------------------------------    -------------------
                         (clock clk_fpga_0 rise edge)
                                                      0.000     0.000 r  
    PS7_X0Y0             PS7                          0.000     0.000 r  design_1_i/processing_system7_0/inst/PS7_i/FCLKCLK[0]
                         net (fo=1, routed)           0.310     0.310    design_1_i/processing_system7_0/inst/FCLK_CLK_unbuffered[0]
    BUFGCTRL_X0Y16       BUFG (Prop_bufg_I_O)         0.026     0.336 r  design_1_i/processing_system7_0/inst/buffer_fclk_clk_0.FCLK_CLK_0_BUFG/O
                         net (fo=9595, routed)        0.557     0.893    design_1_i/axi_mem_intercon/m00_couplers/auto_pc/inst/gen_axi4_axi3.axi3_conv_inst/USE_READ.USE_SPLIT_R.read_addr_inst/USE_R_CHANNEL.cmd_queue/inst/fifo_gen_inst/inst_fifo_gen/gconvfifo.rf/grf.rf/rstblk/ngwrdrst.grst.g7serrst.gnsckt_wrst.rst_wr_reg2_inst/dest_clk
    SLICE_X41Y50         FDPE                                         r  design_1_i/axi_mem_intercon/m00_couplers/auto_pc/inst/gen_axi4_axi3.axi3_conv_inst/USE_READ.USE_SPLIT_R.read_addr_inst/USE_R_CHANNEL.cmd_queue/inst/fifo_gen_inst/inst_fifo_gen/gconvfifo.rf/grf.rf/rstblk/ngwrdrst.grst.g7serrst.gnsckt_wrst.rst_wr_reg2_inst/arststages_ff_reg[1]/C
  -------------------------------------------------------------------    -------------------
    SLICE_X41Y50         FDPE (Prop_fdpe_C_Q)         0.128     1.021 f  design_1_i/axi_mem_intercon/m00_couplers/auto_pc/inst/gen_axi4_axi3.axi3_conv_inst/USE_READ.USE_SPLIT_R.read_addr_inst/USE_R_CHANNEL.cmd_queue/inst/fifo_gen_inst/inst_fifo_gen/gconvfifo.rf/grf.rf/rstblk/ngwrdrst.grst.g7serrst.gnsckt_wrst.rst_wr_reg2_inst/arststages_ff_reg[1]/Q
                         net (fo=2, routed)           0.121     1.142    design_1_i/axi_mem_intercon/m00_couplers/auto_pc/inst/gen_axi4_axi3.axi3_conv_inst/USE_READ.USE_SPLIT_R.read_addr_inst/USE_R_CHANNEL.cmd_queue/inst/fifo_gen_inst/inst_fifo_gen/gconvfifo.rf/grf.rf/rstblk/rst_wr_reg2
    SLICE_X42Y49         LUT3 (Prop_lut3_I2_O)        0.099     1.241 f  design_1_i/axi_mem_intercon/m00_couplers/auto_pc/inst/gen_axi4_axi3.axi3_conv_inst/USE_READ.USE_SPLIT_R.read_addr_inst/USE_R_CHANNEL.cmd_queue/inst/fifo_gen_inst/inst_fifo_gen/gconvfifo.rf/grf.rf/rstblk/gpregsm1.curr_fwft_state[1]_i_2/O
                         net (fo=33, routed)          0.186     1.427    design_1_i/axi_mem_intercon/m00_couplers/auto_pc/inst/gen_axi4_axi3.axi3_conv_inst/USE_READ.USE_SPLIT_R.read_addr_inst/USE_R_CHANNEL.cmd_queue/inst/fifo_gen_inst/inst_fifo_gen/gconvfifo.rf/grf.rf/gntv_or_sync_fifo.gl0.wr/wpntr/gcc0.gc0.count_d1_reg[0]_0
    SLICE_X43Y49         FDCE                                         f  design_1_i/axi_mem_intercon/m00_couplers/auto_pc/inst/gen_axi4_axi3.axi3_conv_inst/USE_READ.USE_SPLIT_R.read_addr_inst/USE_R_CHANNEL.cmd_queue/inst/fifo_gen_inst/inst_fifo_gen/gconvfifo.rf/grf.rf/gntv_or_sync_fifo.gl0.wr/wpntr/gcc0.gc0.count_reg[1]/CLR
  -------------------------------------------------------------------    -------------------

                         (clock clk_fpga_0 rise edge)
                                                      0.000     0.000 r  
    PS7_X0Y0             PS7                          0.000     0.000 r  design_1_i/processing_system7_0/inst/PS7_i/FCLKCLK[0]
                         net (fo=1, routed)           0.337     0.337    design_1_i/processing_system7_0/inst/FCLK_CLK_unbuffered[0]
    BUFGCTRL_X0Y16       BUFG (Prop_bufg_I_O)         0.029     0.366 r  design_1_i/processing_system7_0/inst/buffer_fclk_clk_0.FCLK_CLK_0_BUFG/O
                         net (fo=9595, routed)        0.830     1.196    design_1_i/axi_mem_intercon/m00_couplers/auto_pc/inst/gen_axi4_axi3.axi3_conv_inst/USE_READ.USE_SPLIT_R.read_addr_inst/USE_R_CHANNEL.cmd_queue/inst/fifo_gen_inst/inst_fifo_gen/gconvfifo.rf/grf.rf/gntv_or_sync_fifo.gl0.wr/wpntr/clk
    SLICE_X43Y49         FDCE                                         r  design_1_i/axi_mem_intercon/m00_couplers/auto_pc/inst/gen_axi4_axi3.axi3_conv_inst/USE_READ.USE_SPLIT_R.read_addr_inst/USE_R_CHANNEL.cmd_queue/inst/fifo_gen_inst/inst_fifo_gen/gconvfifo.rf/grf.rf/gntv_or_sync_fifo.gl0.wr/wpntr/gcc0.gc0.count_reg[1]/C
                         clock pessimism             -0.030     1.166    
    SLICE_X43Y49         FDCE (Remov_fdce_C_CLR)     -0.092     1.074    design_1_i/axi_mem_intercon/m00_couplers/auto_pc/inst/gen_axi4_axi3.axi3_conv_inst/USE_READ.USE_SPLIT_R.read_addr_inst/USE_R_CHANNEL.cmd_queue/inst/fifo_gen_inst/inst_fifo_gen/gconvfifo.rf/grf.rf/gntv_or_sync_fifo.gl0.wr/wpntr/gcc0.gc0.count_reg[1]
  -------------------------------------------------------------------
                         required time                         -1.074    
                         arrival time                           1.427    
  -------------------------------------------------------------------
                         slack                                  0.353    

Slack (MET) :             0.371ns  (arrival time - required time)
  Source:                 design_1_i/axi_mem_intercon/m00_couplers/auto_pc/inst/gen_axi4_axi3.axi3_conv_inst/USE_READ.USE_SPLIT_R.read_addr_inst/USE_R_CHANNEL.cmd_queue/inst/fifo_gen_inst/inst_fifo_gen/gconvfifo.rf/grf.rf/rstblk/ngwrdrst.grst.g7serrst.gnsckt_wrst.rst_wr_reg2_inst/arststages_ff_reg[1]/C
                            (rising edge-triggered cell FDPE clocked by clk_fpga_0  {rise@0.000ns fall@10.000ns period=20.000ns})
  Destination:            design_1_i/axi_mem_intercon/m00_couplers/auto_pc/inst/gen_axi4_axi3.axi3_conv_inst/USE_READ.USE_SPLIT_R.read_addr_inst/USE_R_CHANNEL.cmd_queue/inst/fifo_gen_inst/inst_fifo_gen/gconvfifo.rf/grf.rf/gntv_or_sync_fifo.gl0.wr/gwss.wsts/ram_full_i_reg/CLR
                            (removal check against rising-edge clock clk_fpga_0  {rise@0.000ns fall@10.000ns period=20.000ns})
  Path Group:             **async_default**
  Path Type:              Removal (Min at Fast Process Corner)
  Requirement:            0.000ns  (clk_fpga_0 rise@0.000ns - clk_fpga_0 rise@0.000ns)
  Data Path Delay:        0.552ns  (logic 0.227ns (41.087%)  route 0.325ns (58.913%))
  Logic Levels:           1  (LUT3=1)
  Clock Path Skew:        0.273ns (DCD - SCD - CPR)
    Destination Clock Delay (DCD):    1.196ns
    Source Clock Delay      (SCD):    0.893ns
    Clock Pessimism Removal (CPR):    0.030ns

    Location             Delay type                Incr(ns)  Path(ns)    Netlist Resource(s)
  -------------------------------------------------------------------    -------------------
                         (clock clk_fpga_0 rise edge)
                                                      0.000     0.000 r  
    PS7_X0Y0             PS7                          0.000     0.000 r  design_1_i/processing_system7_0/inst/PS7_i/FCLKCLK[0]
                         net (fo=1, routed)           0.310     0.310    design_1_i/processing_system7_0/inst/FCLK_CLK_unbuffered[0]
    BUFGCTRL_X0Y16       BUFG (Prop_bufg_I_O)         0.026     0.336 r  design_1_i/processing_system7_0/inst/buffer_fclk_clk_0.FCLK_CLK_0_BUFG/O
                         net (fo=9595, routed)        0.557     0.893    design_1_i/axi_mem_intercon/m00_couplers/auto_pc/inst/gen_axi4_axi3.axi3_conv_inst/USE_READ.USE_SPLIT_R.read_addr_inst/USE_R_CHANNEL.cmd_queue/inst/fifo_gen_inst/inst_fifo_gen/gconvfifo.rf/grf.rf/rstblk/ngwrdrst.grst.g7serrst.gnsckt_wrst.rst_wr_reg2_inst/dest_clk
    SLICE_X41Y50         FDPE                                         r  design_1_i/axi_mem_intercon/m00_couplers/auto_pc/inst/gen_axi4_axi3.axi3_conv_inst/USE_READ.USE_SPLIT_R.read_addr_inst/USE_R_CHANNEL.cmd_queue/inst/fifo_gen_inst/inst_fifo_gen/gconvfifo.rf/grf.rf/rstblk/ngwrdrst.grst.g7serrst.gnsckt_wrst.rst_wr_reg2_inst/arststages_ff_reg[1]/C
  -------------------------------------------------------------------    -------------------
    SLICE_X41Y50         FDPE (Prop_fdpe_C_Q)         0.128     1.021 f  design_1_i/axi_mem_intercon/m00_couplers/auto_pc/inst/gen_axi4_axi3.axi3_conv_inst/USE_READ.USE_SPLIT_R.read_addr_inst/USE_R_CHANNEL.cmd_queue/inst/fifo_gen_inst/inst_fifo_gen/gconvfifo.rf/grf.rf/rstblk/ngwrdrst.grst.g7serrst.gnsckt_wrst.rst_wr_reg2_inst/arststages_ff_reg[1]/Q
                         net (fo=2, routed)           0.121     1.142    design_1_i/axi_mem_intercon/m00_couplers/auto_pc/inst/gen_axi4_axi3.axi3_conv_inst/USE_READ.USE_SPLIT_R.read_addr_inst/USE_R_CHANNEL.cmd_queue/inst/fifo_gen_inst/inst_fifo_gen/gconvfifo.rf/grf.rf/rstblk/rst_wr_reg2
    SLICE_X42Y49         LUT3 (Prop_lut3_I2_O)        0.099     1.241 f  design_1_i/axi_mem_intercon/m00_couplers/auto_pc/inst/gen_axi4_axi3.axi3_conv_inst/USE_READ.USE_SPLIT_R.read_addr_inst/USE_R_CHANNEL.cmd_queue/inst/fifo_gen_inst/inst_fifo_gen/gconvfifo.rf/grf.rf/rstblk/gpregsm1.curr_fwft_state[1]_i_2/O
                         net (fo=33, routed)          0.204     1.445    design_1_i/axi_mem_intercon/m00_couplers/auto_pc/inst/gen_axi4_axi3.axi3_conv_inst/USE_READ.USE_SPLIT_R.read_addr_inst/USE_R_CHANNEL.cmd_queue/inst/fifo_gen_inst/inst_fifo_gen/gconvfifo.rf/grf.rf/gntv_or_sync_fifo.gl0.wr/gwss.wsts/ram_full_i_reg_0
    SLICE_X39Y49         FDCE                                         f  design_1_i/axi_mem_intercon/m00_couplers/auto_pc/inst/gen_axi4_axi3.axi3_conv_inst/USE_READ.USE_SPLIT_R.read_addr_inst/USE_R_CHANNEL.cmd_queue/inst/fifo_gen_inst/inst_fifo_gen/gconvfifo.rf/grf.rf/gntv_or_sync_fifo.gl0.wr/gwss.wsts/ram_full_i_reg/CLR
  -------------------------------------------------------------------    -------------------

                         (clock clk_fpga_0 rise edge)
                                                      0.000     0.000 r  
    PS7_X0Y0             PS7                          0.000     0.000 r  design_1_i/processing_system7_0/inst/PS7_i/FCLKCLK[0]
                         net (fo=1, routed)           0.337     0.337    design_1_i/processing_system7_0/inst/FCLK_CLK_unbuffered[0]
    BUFGCTRL_X0Y16       BUFG (Prop_bufg_I_O)         0.029     0.366 r  design_1_i/processing_system7_0/inst/buffer_fclk_clk_0.FCLK_CLK_0_BUFG/O
                         net (fo=9595, routed)        0.830     1.196    design_1_i/axi_mem_intercon/m00_couplers/auto_pc/inst/gen_axi4_axi3.axi3_conv_inst/USE_READ.USE_SPLIT_R.read_addr_inst/USE_R_CHANNEL.cmd_queue/inst/fifo_gen_inst/inst_fifo_gen/gconvfifo.rf/grf.rf/gntv_or_sync_fifo.gl0.wr/gwss.wsts/clk
    SLICE_X39Y49         FDCE                                         r  design_1_i/axi_mem_intercon/m00_couplers/auto_pc/inst/gen_axi4_axi3.axi3_conv_inst/USE_READ.USE_SPLIT_R.read_addr_inst/USE_R_CHANNEL.cmd_queue/inst/fifo_gen_inst/inst_fifo_gen/gconvfifo.rf/grf.rf/gntv_or_sync_fifo.gl0.wr/gwss.wsts/ram_full_i_reg/C
                         clock pessimism             -0.030     1.166    
    SLICE_X39Y49         FDCE (Remov_fdce_C_CLR)     -0.092     1.074    design_1_i/axi_mem_intercon/m00_couplers/auto_pc/inst/gen_axi4_axi3.axi3_conv_inst/USE_READ.USE_SPLIT_R.read_addr_inst/USE_R_CHANNEL.cmd_queue/inst/fifo_gen_inst/inst_fifo_gen/gconvfifo.rf/grf.rf/gntv_or_sync_fifo.gl0.wr/gwss.wsts/ram_full_i_reg
  -------------------------------------------------------------------
                         required time                         -1.074    
                         arrival time                           1.445    
  -------------------------------------------------------------------
                         slack                                  0.371    

Slack (MET) :             0.473ns  (arrival time - required time)
  Source:                 design_1_i/axi_mem_intercon/m00_couplers/auto_pc/inst/gen_axi4_axi3.axi3_conv_inst/USE_READ.USE_SPLIT_R.read_addr_inst/USE_R_CHANNEL.cmd_queue/inst/fifo_gen_inst/inst_fifo_gen/gconvfifo.rf/grf.rf/rstblk/ngwrdrst.grst.g7serrst.gnsckt_wrst.rst_wr_reg2_inst/arststages_ff_reg[1]/C
                            (rising edge-triggered cell FDPE clocked by clk_fpga_0  {rise@0.000ns fall@10.000ns period=20.000ns})
  Destination:            design_1_i/axi_mem_intercon/m00_couplers/auto_pc/inst/gen_axi4_axi3.axi3_conv_inst/USE_READ.USE_SPLIT_R.read_addr_inst/USE_R_CHANNEL.cmd_queue/inst/fifo_gen_inst/inst_fifo_gen/gconvfifo.rf/grf.rf/gntv_or_sync_fifo.gl0.wr/wpntr/gcc0.gc0.count_reg[0]/PRE
                            (removal check against rising-edge clock clk_fpga_0  {rise@0.000ns fall@10.000ns period=20.000ns})
  Path Group:             **async_default**
  Path Type:              Removal (Min at Fast Process Corner)
  Requirement:            0.000ns  (clk_fpga_0 rise@0.000ns - clk_fpga_0 rise@0.000ns)
  Data Path Delay:        0.676ns  (logic 0.227ns (33.597%)  route 0.449ns (66.403%))
  Logic Levels:           1  (LUT3=1)
  Clock Path Skew:        0.273ns (DCD - SCD - CPR)
    Destination Clock Delay (DCD):    1.196ns
    Source Clock Delay      (SCD):    0.893ns
    Clock Pessimism Removal (CPR):    0.030ns

    Location             Delay type                Incr(ns)  Path(ns)    Netlist Resource(s)
  -------------------------------------------------------------------    -------------------
                         (clock clk_fpga_0 rise edge)
                                                      0.000     0.000 r  
    PS7_X0Y0             PS7                          0.000     0.000 r  design_1_i/processing_system7_0/inst/PS7_i/FCLKCLK[0]
                         net (fo=1, routed)           0.310     0.310    design_1_i/processing_system7_0/inst/FCLK_CLK_unbuffered[0]
    BUFGCTRL_X0Y16       BUFG (Prop_bufg_I_O)         0.026     0.336 r  design_1_i/processing_system7_0/inst/buffer_fclk_clk_0.FCLK_CLK_0_BUFG/O
                         net (fo=9595, routed)        0.557     0.893    design_1_i/axi_mem_intercon/m00_couplers/auto_pc/inst/gen_axi4_axi3.axi3_conv_inst/USE_READ.USE_SPLIT_R.read_addr_inst/USE_R_CHANNEL.cmd_queue/inst/fifo_gen_inst/inst_fifo_gen/gconvfifo.rf/grf.rf/rstblk/ngwrdrst.grst.g7serrst.gnsckt_wrst.rst_wr_reg2_inst/dest_clk
    SLICE_X41Y50         FDPE                                         r  design_1_i/axi_mem_intercon/m00_couplers/auto_pc/inst/gen_axi4_axi3.axi3_conv_inst/USE_READ.USE_SPLIT_R.read_addr_inst/USE_R_CHANNEL.cmd_queue/inst/fifo_gen_inst/inst_fifo_gen/gconvfifo.rf/grf.rf/rstblk/ngwrdrst.grst.g7serrst.gnsckt_wrst.rst_wr_reg2_inst/arststages_ff_reg[1]/C
  -------------------------------------------------------------------    -------------------
    SLICE_X41Y50         FDPE (Prop_fdpe_C_Q)         0.128     1.021 f  design_1_i/axi_mem_intercon/m00_couplers/auto_pc/inst/gen_axi4_axi3.axi3_conv_inst/USE_READ.USE_SPLIT_R.read_addr_inst/USE_R_CHANNEL.cmd_queue/inst/fifo_gen_inst/inst_fifo_gen/gconvfifo.rf/grf.rf/rstblk/ngwrdrst.grst.g7serrst.gnsckt_wrst.rst_wr_reg2_inst/arststages_ff_reg[1]/Q
                         net (fo=2, routed)           0.121     1.142    design_1_i/axi_mem_intercon/m00_couplers/auto_pc/inst/gen_axi4_axi3.axi3_conv_inst/USE_READ.USE_SPLIT_R.read_addr_inst/USE_R_CHANNEL.cmd_queue/inst/fifo_gen_inst/inst_fifo_gen/gconvfifo.rf/grf.rf/rstblk/rst_wr_reg2
    SLICE_X42Y49         LUT3 (Prop_lut3_I2_O)        0.099     1.241 f  design_1_i/axi_mem_intercon/m00_couplers/auto_pc/inst/gen_axi4_axi3.axi3_conv_inst/USE_READ.USE_SPLIT_R.read_addr_inst/USE_R_CHANNEL.cmd_queue/inst/fifo_gen_inst/inst_fifo_gen/gconvfifo.rf/grf.rf/rstblk/gpregsm1.curr_fwft_state[1]_i_2/O
                         net (fo=33, routed)          0.328     1.568    design_1_i/axi_mem_intercon/m00_couplers/auto_pc/inst/gen_axi4_axi3.axi3_conv_inst/USE_READ.USE_SPLIT_R.read_addr_inst/USE_R_CHANNEL.cmd_queue/inst/fifo_gen_inst/inst_fifo_gen/gconvfifo.rf/grf.rf/gntv_or_sync_fifo.gl0.wr/wpntr/gcc0.gc0.count_d1_reg[0]_0
    SLICE_X42Y48         FDPE                                         f  design_1_i/axi_mem_intercon/m00_couplers/auto_pc/inst/gen_axi4_axi3.axi3_conv_inst/USE_READ.USE_SPLIT_R.read_addr_inst/USE_R_CHANNEL.cmd_queue/inst/fifo_gen_inst/inst_fifo_gen/gconvfifo.rf/grf.rf/gntv_or_sync_fifo.gl0.wr/wpntr/gcc0.gc0.count_reg[0]/PRE
  -------------------------------------------------------------------    -------------------

                         (clock clk_fpga_0 rise edge)
                                                      0.000     0.000 r  
    PS7_X0Y0             PS7                          0.000     0.000 r  design_1_i/processing_system7_0/inst/PS7_i/FCLKCLK[0]
                         net (fo=1, routed)           0.337     0.337    design_1_i/processing_system7_0/inst/FCLK_CLK_unbuffered[0]
    BUFGCTRL_X0Y16       BUFG (Prop_bufg_I_O)         0.029     0.366 r  design_1_i/processing_system7_0/inst/buffer_fclk_clk_0.FCLK_CLK_0_BUFG/O
                         net (fo=9595, routed)        0.830     1.196    design_1_i/axi_mem_intercon/m00_couplers/auto_pc/inst/gen_axi4_axi3.axi3_conv_inst/USE_READ.USE_SPLIT_R.read_addr_inst/USE_R_CHANNEL.cmd_queue/inst/fifo_gen_inst/inst_fifo_gen/gconvfifo.rf/grf.rf/gntv_or_sync_fifo.gl0.wr/wpntr/clk
    SLICE_X42Y48         FDPE                                         r  design_1_i/axi_mem_intercon/m00_couplers/auto_pc/inst/gen_axi4_axi3.axi3_conv_inst/USE_READ.USE_SPLIT_R.read_addr_inst/USE_R_CHANNEL.cmd_queue/inst/fifo_gen_inst/inst_fifo_gen/gconvfifo.rf/grf.rf/gntv_or_sync_fifo.gl0.wr/wpntr/gcc0.gc0.count_reg[0]/C
                         clock pessimism             -0.030     1.166    
    SLICE_X42Y48         FDPE (Remov_fdpe_C_PRE)     -0.071     1.095    design_1_i/axi_mem_intercon/m00_couplers/auto_pc/inst/gen_axi4_axi3.axi3_conv_inst/USE_READ.USE_SPLIT_R.read_addr_inst/USE_R_CHANNEL.cmd_queue/inst/fifo_gen_inst/inst_fifo_gen/gconvfifo.rf/grf.rf/gntv_or_sync_fifo.gl0.wr/wpntr/gcc0.gc0.count_reg[0]
  -------------------------------------------------------------------
                         required time                         -1.095    
                         arrival time                           1.568    
  -------------------------------------------------------------------
                         slack                                  0.473    

Slack (MET) :             0.494ns  (arrival time - required time)
  Source:                 design_1_i/axi_mem_intercon/m00_couplers/auto_pc/inst/gen_axi4_axi3.axi3_conv_inst/USE_READ.USE_SPLIT_R.read_addr_inst/USE_R_CHANNEL.cmd_queue/inst/fifo_gen_inst/inst_fifo_gen/gconvfifo.rf/grf.rf/rstblk/ngwrdrst.grst.g7serrst.gnsckt_wrst.rst_wr_reg2_inst/arststages_ff_reg[1]/C
                            (rising edge-triggered cell FDPE clocked by clk_fpga_0  {rise@0.000ns fall@10.000ns period=20.000ns})
  Destination:            design_1_i/axi_mem_intercon/m00_couplers/auto_pc/inst/gen_axi4_axi3.axi3_conv_inst/USE_READ.USE_SPLIT_R.read_addr_inst/USE_R_CHANNEL.cmd_queue/inst/fifo_gen_inst/inst_fifo_gen/gconvfifo.rf/grf.rf/gntv_or_sync_fifo.gl0.wr/wpntr/gcc0.gc0.count_d1_reg[0]/CLR
                            (removal check against rising-edge clock clk_fpga_0  {rise@0.000ns fall@10.000ns period=20.000ns})
  Path Group:             **async_default**
  Path Type:              Removal (Min at Fast Process Corner)
  Requirement:            0.000ns  (clk_fpga_0 rise@0.000ns - clk_fpga_0 rise@0.000ns)
  Data Path Delay:        0.676ns  (logic 0.227ns (33.597%)  route 0.449ns (66.403%))
  Logic Levels:           1  (LUT3=1)
  Clock Path Skew:        0.273ns (DCD - SCD - CPR)
    Destination Clock Delay (DCD):    1.196ns
    Source Clock Delay      (SCD):    0.893ns
    Clock Pessimism Removal (CPR):    0.030ns

    Location             Delay type                Incr(ns)  Path(ns)    Netlist Resource(s)
  -------------------------------------------------------------------    -------------------
                         (clock clk_fpga_0 rise edge)
                                                      0.000     0.000 r  
    PS7_X0Y0             PS7                          0.000     0.000 r  design_1_i/processing_system7_0/inst/PS7_i/FCLKCLK[0]
                         net (fo=1, routed)           0.310     0.310    design_1_i/processing_system7_0/inst/FCLK_CLK_unbuffered[0]
    BUFGCTRL_X0Y16       BUFG (Prop_bufg_I_O)         0.026     0.336 r  design_1_i/processing_system7_0/inst/buffer_fclk_clk_0.FCLK_CLK_0_BUFG/O
                         net (fo=9595, routed)        0.557     0.893    design_1_i/axi_mem_intercon/m00_couplers/auto_pc/inst/gen_axi4_axi3.axi3_conv_inst/USE_READ.USE_SPLIT_R.read_addr_inst/USE_R_CHANNEL.cmd_queue/inst/fifo_gen_inst/inst_fifo_gen/gconvfifo.rf/grf.rf/rstblk/ngwrdrst.grst.g7serrst.gnsckt_wrst.rst_wr_reg2_inst/dest_clk
    SLICE_X41Y50         FDPE                                         r  design_1_i/axi_mem_intercon/m00_couplers/auto_pc/inst/gen_axi4_axi3.axi3_conv_inst/USE_READ.USE_SPLIT_R.read_addr_inst/USE_R_CHANNEL.cmd_queue/inst/fifo_gen_inst/inst_fifo_gen/gconvfifo.rf/grf.rf/rstblk/ngwrdrst.grst.g7serrst.gnsckt_wrst.rst_wr_reg2_inst/arststages_ff_reg[1]/C
  -------------------------------------------------------------------    -------------------
    SLICE_X41Y50         FDPE (Prop_fdpe_C_Q)         0.128     1.021 f  design_1_i/axi_mem_intercon/m00_couplers/auto_pc/inst/gen_axi4_axi3.axi3_conv_inst/USE_READ.USE_SPLIT_R.read_addr_inst/USE_R_CHANNEL.cmd_queue/inst/fifo_gen_inst/inst_fifo_gen/gconvfifo.rf/grf.rf/rstblk/ngwrdrst.grst.g7serrst.gnsckt_wrst.rst_wr_reg2_inst/arststages_ff_reg[1]/Q
                         net (fo=2, routed)           0.121     1.142    design_1_i/axi_mem_intercon/m00_couplers/auto_pc/inst/gen_axi4_axi3.axi3_conv_inst/USE_READ.USE_SPLIT_R.read_addr_inst/USE_R_CHANNEL.cmd_queue/inst/fifo_gen_inst/inst_fifo_gen/gconvfifo.rf/grf.rf/rstblk/rst_wr_reg2
    SLICE_X42Y49         LUT3 (Prop_lut3_I2_O)        0.099     1.241 f  design_1_i/axi_mem_intercon/m00_couplers/auto_pc/inst/gen_axi4_axi3.axi3_conv_inst/USE_READ.USE_SPLIT_R.read_addr_inst/USE_R_CHANNEL.cmd_queue/inst/fifo_gen_inst/inst_fifo_gen/gconvfifo.rf/grf.rf/rstblk/gpregsm1.curr_fwft_state[1]_i_2/O
                         net (fo=33, routed)          0.328     1.568    design_1_i/axi_mem_intercon/m00_couplers/auto_pc/inst/gen_axi4_axi3.axi3_conv_inst/USE_READ.USE_SPLIT_R.read_addr_inst/USE_R_CHANNEL.cmd_queue/inst/fifo_gen_inst/inst_fifo_gen/gconvfifo.rf/grf.rf/gntv_or_sync_fifo.gl0.wr/wpntr/gcc0.gc0.count_d1_reg[0]_0
    SLICE_X43Y48         FDCE                                         f  design_1_i/axi_mem_intercon/m00_couplers/auto_pc/inst/gen_axi4_axi3.axi3_conv_inst/USE_READ.USE_SPLIT_R.read_addr_inst/USE_R_CHANNEL.cmd_queue/inst/fifo_gen_inst/inst_fifo_gen/gconvfifo.rf/grf.rf/gntv_or_sync_fifo.gl0.wr/wpntr/gcc0.gc0.count_d1_reg[0]/CLR
  -------------------------------------------------------------------    -------------------

                         (clock clk_fpga_0 rise edge)
                                                      0.000     0.000 r  
    PS7_X0Y0             PS7                          0.000     0.000 r  design_1_i/processing_system7_0/inst/PS7_i/FCLKCLK[0]
                         net (fo=1, routed)           0.337     0.337    design_1_i/processing_system7_0/inst/FCLK_CLK_unbuffered[0]
    BUFGCTRL_X0Y16       BUFG (Prop_bufg_I_O)         0.029     0.366 r  design_1_i/processing_system7_0/inst/buffer_fclk_clk_0.FCLK_CLK_0_BUFG/O
                         net (fo=9595, routed)        0.830     1.196    design_1_i/axi_mem_intercon/m00_couplers/auto_pc/inst/gen_axi4_axi3.axi3_conv_inst/USE_READ.USE_SPLIT_R.read_addr_inst/USE_R_CHANNEL.cmd_queue/inst/fifo_gen_inst/inst_fifo_gen/gconvfifo.rf/grf.rf/gntv_or_sync_fifo.gl0.wr/wpntr/clk
    SLICE_X43Y48         FDCE                                         r  design_1_i/axi_mem_intercon/m00_couplers/auto_pc/inst/gen_axi4_axi3.axi3_conv_inst/USE_READ.USE_SPLIT_R.read_addr_inst/USE_R_CHANNEL.cmd_queue/inst/fifo_gen_inst/inst_fifo_gen/gconvfifo.rf/grf.rf/gntv_or_sync_fifo.gl0.wr/wpntr/gcc0.gc0.count_d1_reg[0]/C
                         clock pessimism             -0.030     1.166    
    SLICE_X43Y48         FDCE (Remov_fdce_C_CLR)     -0.092     1.074    design_1_i/axi_mem_intercon/m00_couplers/auto_pc/inst/gen_axi4_axi3.axi3_conv_inst/USE_READ.USE_SPLIT_R.read_addr_inst/USE_R_CHANNEL.cmd_queue/inst/fifo_gen_inst/inst_fifo_gen/gconvfifo.rf/grf.rf/gntv_or_sync_fifo.gl0.wr/wpntr/gcc0.gc0.count_d1_reg[0]
  -------------------------------------------------------------------
                         required time                         -1.074    
                         arrival time                           1.568    
  -------------------------------------------------------------------
                         slack                                  0.494    

Slack (MET) :             0.499ns  (arrival time - required time)
  Source:                 design_1_i/axi_mem_intercon/m00_couplers/auto_pc/inst/gen_axi4_axi3.axi3_conv_inst/USE_WRITE.write_addr_inst/USE_B_CHANNEL.cmd_b_queue/inst/fifo_gen_inst/inst_fifo_gen/gconvfifo.rf/grf.rf/rstblk/ngwrdrst.grst.g7serrst.gnsckt_wrst.gcc_rst.sckt_wr_rst_cc_reg[1]/C
                            (rising edge-triggered cell FDRE clocked by clk_fpga_0  {rise@0.000ns fall@10.000ns period=20.000ns})
  Destination:            design_1_i/axi_mem_intercon/m00_couplers/auto_pc/inst/gen_axi4_axi3.axi3_conv_inst/USE_WRITE.write_addr_inst/USE_B_CHANNEL.cmd_b_queue/inst/fifo_gen_inst/inst_fifo_gen/gconvfifo.rf/grf.rf/gntv_or_sync_fifo.gl0.rd/gr1.gr1_int.rfwft/gpregsm1.curr_fwft_state_reg[0]/CLR
                            (removal check against rising-edge clock clk_fpga_0  {rise@0.000ns fall@10.000ns period=20.000ns})
  Path Group:             **async_default**
  Path Type:              Removal (Min at Fast Process Corner)
  Requirement:            0.000ns  (clk_fpga_0 rise@0.000ns - clk_fpga_0 rise@0.000ns)
  Data Path Delay:        0.420ns  (logic 0.186ns (44.247%)  route 0.234ns (55.753%))
  Logic Levels:           1  (LUT3=1)
  Clock Path Skew:        0.013ns (DCD - SCD - CPR)
    Destination Clock Delay (DCD):    1.199ns
    Source Clock Delay      (SCD):    0.904ns
    Clock Pessimism Removal (CPR):    0.282ns

    Location             Delay type                Incr(ns)  Path(ns)    Netlist Resource(s)
  -------------------------------------------------------------------    -------------------
                         (clock clk_fpga_0 rise edge)
                                                      0.000     0.000 r  
    PS7_X0Y0             PS7                          0.000     0.000 r  design_1_i/processing_system7_0/inst/PS7_i/FCLKCLK[0]
                         net (fo=1, routed)           0.310     0.310    design_1_i/processing_system7_0/inst/FCLK_CLK_unbuffered[0]
    BUFGCTRL_X0Y16       BUFG (Prop_bufg_I_O)         0.026     0.336 r  design_1_i/processing_system7_0/inst/buffer_fclk_clk_0.FCLK_CLK_0_BUFG/O
                         net (fo=9595, routed)        0.568     0.904    design_1_i/axi_mem_intercon/m00_couplers/auto_pc/inst/gen_axi4_axi3.axi3_conv_inst/USE_WRITE.write_addr_inst/USE_B_CHANNEL.cmd_b_queue/inst/fifo_gen_inst/inst_fifo_gen/gconvfifo.rf/grf.rf/rstblk/clk
    SLICE_X29Y80         FDRE                                         r  design_1_i/axi_mem_intercon/m00_couplers/auto_pc/inst/gen_axi4_axi3.axi3_conv_inst/USE_WRITE.write_addr_inst/USE_B_CHANNEL.cmd_b_queue/inst/fifo_gen_inst/inst_fifo_gen/gconvfifo.rf/grf.rf/rstblk/ngwrdrst.grst.g7serrst.gnsckt_wrst.gcc_rst.sckt_wr_rst_cc_reg[1]/C
  -------------------------------------------------------------------    -------------------
    SLICE_X29Y80         FDRE (Prop_fdre_C_Q)         0.141     1.045 f  design_1_i/axi_mem_intercon/m00_couplers/auto_pc/inst/gen_axi4_axi3.axi3_conv_inst/USE_WRITE.write_addr_inst/USE_B_CHANNEL.cmd_b_queue/inst/fifo_gen_inst/inst_fifo_gen/gconvfifo.rf/grf.rf/rstblk/ngwrdrst.grst.g7serrst.gnsckt_wrst.gcc_rst.sckt_wr_rst_cc_reg[1]/Q
                         net (fo=2, routed)           0.115     1.160    design_1_i/axi_mem_intercon/m00_couplers/auto_pc/inst/gen_axi4_axi3.axi3_conv_inst/USE_WRITE.write_addr_inst/USE_B_CHANNEL.cmd_b_queue/inst/fifo_gen_inst/inst_fifo_gen/gconvfifo.rf/grf.rf/rstblk/sckt_wr_rst_cc[1]
    SLICE_X29Y79         LUT3 (Prop_lut3_I0_O)        0.045     1.205 f  design_1_i/axi_mem_intercon/m00_couplers/auto_pc/inst/gen_axi4_axi3.axi3_conv_inst/USE_WRITE.write_addr_inst/USE_B_CHANNEL.cmd_b_queue/inst/fifo_gen_inst/inst_fifo_gen/gconvfifo.rf/grf.rf/rstblk/gpregsm1.curr_fwft_state[1]_i_2/O
                         net (fo=32, routed)          0.119     1.324    design_1_i/axi_mem_intercon/m00_couplers/auto_pc/inst/gen_axi4_axi3.axi3_conv_inst/USE_WRITE.write_addr_inst/USE_B_CHANNEL.cmd_b_queue/inst/fifo_gen_inst/inst_fifo_gen/gconvfifo.rf/grf.rf/gntv_or_sync_fifo.gl0.rd/gr1.gr1_int.rfwft/gpregsm1.user_valid_reg_0
    SLICE_X29Y79         FDCE                                         f  design_1_i/axi_mem_intercon/m00_couplers/auto_pc/inst/gen_axi4_axi3.axi3_conv_inst/USE_WRITE.write_addr_inst/USE_B_CHANNEL.cmd_b_queue/inst/fifo_gen_inst/inst_fifo_gen/gconvfifo.rf/grf.rf/gntv_or_sync_fifo.gl0.rd/gr1.gr1_int.rfwft/gpregsm1.curr_fwft_state_reg[0]/CLR
  -------------------------------------------------------------------    -------------------

                         (clock clk_fpga_0 rise edge)
                                                      0.000     0.000 r  
    PS7_X0Y0             PS7                          0.000     0.000 r  design_1_i/processing_system7_0/inst/PS7_i/FCLKCLK[0]
                         net (fo=1, routed)           0.337     0.337    design_1_i/processing_system7_0/inst/FCLK_CLK_unbuffered[0]
    BUFGCTRL_X0Y16       BUFG (Prop_bufg_I_O)         0.029     0.366 r  design_1_i/processing_system7_0/inst/buffer_fclk_clk_0.FCLK_CLK_0_BUFG/O
                         net (fo=9595, routed)        0.833     1.199    design_1_i/axi_mem_intercon/m00_couplers/auto_pc/inst/gen_axi4_axi3.axi3_conv_inst/USE_WRITE.write_addr_inst/USE_B_CHANNEL.cmd_b_queue/inst/fifo_gen_inst/inst_fifo_gen/gconvfifo.rf/grf.rf/gntv_or_sync_fifo.gl0.rd/gr1.gr1_int.rfwft/clk
    SLICE_X29Y79         FDCE                                         r  design_1_i/axi_mem_intercon/m00_couplers/auto_pc/inst/gen_axi4_axi3.axi3_conv_inst/USE_WRITE.write_addr_inst/USE_B_CHANNEL.cmd_b_queue/inst/fifo_gen_inst/inst_fifo_gen/gconvfifo.rf/grf.rf/gntv_or_sync_fifo.gl0.rd/gr1.gr1_int.rfwft/gpregsm1.curr_fwft_state_reg[0]/C
                         clock pessimism             -0.282     0.917    
    SLICE_X29Y79         FDCE (Remov_fdce_C_CLR)     -0.092     0.825    design_1_i/axi_mem_intercon/m00_couplers/auto_pc/inst/gen_axi4_axi3.axi3_conv_inst/USE_WRITE.write_addr_inst/USE_B_CHANNEL.cmd_b_queue/inst/fifo_gen_inst/inst_fifo_gen/gconvfifo.rf/grf.rf/gntv_or_sync_fifo.gl0.rd/gr1.gr1_int.rfwft/gpregsm1.curr_fwft_state_reg[0]
  -------------------------------------------------------------------
                         required time                         -0.825    
                         arrival time                           1.324    
  -------------------------------------------------------------------
                         slack                                  0.499    

Slack (MET) :             0.499ns  (arrival time - required time)
  Source:                 design_1_i/axi_mem_intercon/m00_couplers/auto_pc/inst/gen_axi4_axi3.axi3_conv_inst/USE_WRITE.write_addr_inst/USE_B_CHANNEL.cmd_b_queue/inst/fifo_gen_inst/inst_fifo_gen/gconvfifo.rf/grf.rf/rstblk/ngwrdrst.grst.g7serrst.gnsckt_wrst.gcc_rst.sckt_wr_rst_cc_reg[1]/C
                            (rising edge-triggered cell FDRE clocked by clk_fpga_0  {rise@0.000ns fall@10.000ns period=20.000ns})
  Destination:            design_1_i/axi_mem_intercon/m00_couplers/auto_pc/inst/gen_axi4_axi3.axi3_conv_inst/USE_WRITE.write_addr_inst/USE_B_CHANNEL.cmd_b_queue/inst/fifo_gen_inst/inst_fifo_gen/gconvfifo.rf/grf.rf/gntv_or_sync_fifo.gl0.rd/gr1.gr1_int.rfwft/gpregsm1.curr_fwft_state_reg[1]/CLR
                            (removal check against rising-edge clock clk_fpga_0  {rise@0.000ns fall@10.000ns period=20.000ns})
  Path Group:             **async_default**
  Path Type:              Removal (Min at Fast Process Corner)
  Requirement:            0.000ns  (clk_fpga_0 rise@0.000ns - clk_fpga_0 rise@0.000ns)
  Data Path Delay:        0.420ns  (logic 0.186ns (44.247%)  route 0.234ns (55.753%))
  Logic Levels:           1  (LUT3=1)
  Clock Path Skew:        0.013ns (DCD - SCD - CPR)
    Destination Clock Delay (DCD):    1.199ns
    Source Clock Delay      (SCD):    0.904ns
    Clock Pessimism Removal (CPR):    0.282ns

    Location             Delay type                Incr(ns)  Path(ns)    Netlist Resource(s)
  -------------------------------------------------------------------    -------------------
                         (clock clk_fpga_0 rise edge)
                                                      0.000     0.000 r  
    PS7_X0Y0             PS7                          0.000     0.000 r  design_1_i/processing_system7_0/inst/PS7_i/FCLKCLK[0]
                         net (fo=1, routed)           0.310     0.310    design_1_i/processing_system7_0/inst/FCLK_CLK_unbuffered[0]
    BUFGCTRL_X0Y16       BUFG (Prop_bufg_I_O)         0.026     0.336 r  design_1_i/processing_system7_0/inst/buffer_fclk_clk_0.FCLK_CLK_0_BUFG/O
                         net (fo=9595, routed)        0.568     0.904    design_1_i/axi_mem_intercon/m00_couplers/auto_pc/inst/gen_axi4_axi3.axi3_conv_inst/USE_WRITE.write_addr_inst/USE_B_CHANNEL.cmd_b_queue/inst/fifo_gen_inst/inst_fifo_gen/gconvfifo.rf/grf.rf/rstblk/clk
    SLICE_X29Y80         FDRE                                         r  design_1_i/axi_mem_intercon/m00_couplers/auto_pc/inst/gen_axi4_axi3.axi3_conv_inst/USE_WRITE.write_addr_inst/USE_B_CHANNEL.cmd_b_queue/inst/fifo_gen_inst/inst_fifo_gen/gconvfifo.rf/grf.rf/rstblk/ngwrdrst.grst.g7serrst.gnsckt_wrst.gcc_rst.sckt_wr_rst_cc_reg[1]/C
  -------------------------------------------------------------------    -------------------
    SLICE_X29Y80         FDRE (Prop_fdre_C_Q)         0.141     1.045 f  design_1_i/axi_mem_intercon/m00_couplers/auto_pc/inst/gen_axi4_axi3.axi3_conv_inst/USE_WRITE.write_addr_inst/USE_B_CHANNEL.cmd_b_queue/inst/fifo_gen_inst/inst_fifo_gen/gconvfifo.rf/grf.rf/rstblk/ngwrdrst.grst.g7serrst.gnsckt_wrst.gcc_rst.sckt_wr_rst_cc_reg[1]/Q
                         net (fo=2, routed)           0.115     1.160    design_1_i/axi_mem_intercon/m00_couplers/auto_pc/inst/gen_axi4_axi3.axi3_conv_inst/USE_WRITE.write_addr_inst/USE_B_CHANNEL.cmd_b_queue/inst/fifo_gen_inst/inst_fifo_gen/gconvfifo.rf/grf.rf/rstblk/sckt_wr_rst_cc[1]
    SLICE_X29Y79         LUT3 (Prop_lut3_I0_O)        0.045     1.205 f  design_1_i/axi_mem_intercon/m00_couplers/auto_pc/inst/gen_axi4_axi3.axi3_conv_inst/USE_WRITE.write_addr_inst/USE_B_CHANNEL.cmd_b_queue/inst/fifo_gen_inst/inst_fifo_gen/gconvfifo.rf/grf.rf/rstblk/gpregsm1.curr_fwft_state[1]_i_2/O
                         net (fo=32, routed)          0.119     1.324    design_1_i/axi_mem_intercon/m00_couplers/auto_pc/inst/gen_axi4_axi3.axi3_conv_inst/USE_WRITE.write_addr_inst/USE_B_CHANNEL.cmd_b_queue/inst/fifo_gen_inst/inst_fifo_gen/gconvfifo.rf/grf.rf/gntv_or_sync_fifo.gl0.rd/gr1.gr1_int.rfwft/gpregsm1.user_valid_reg_0
    SLICE_X29Y79         FDCE                                         f  design_1_i/axi_mem_intercon/m00_couplers/auto_pc/inst/gen_axi4_axi3.axi3_conv_inst/USE_WRITE.write_addr_inst/USE_B_CHANNEL.cmd_b_queue/inst/fifo_gen_inst/inst_fifo_gen/gconvfifo.rf/grf.rf/gntv_or_sync_fifo.gl0.rd/gr1.gr1_int.rfwft/gpregsm1.curr_fwft_state_reg[1]/CLR
  -------------------------------------------------------------------    -------------------

                         (clock clk_fpga_0 rise edge)
                                                      0.000     0.000 r  
    PS7_X0Y0             PS7                          0.000     0.000 r  design_1_i/processing_system7_0/inst/PS7_i/FCLKCLK[0]
                         net (fo=1, routed)           0.337     0.337    design_1_i/processing_system7_0/inst/FCLK_CLK_unbuffered[0]
    BUFGCTRL_X0Y16       BUFG (Prop_bufg_I_O)         0.029     0.366 r  design_1_i/processing_system7_0/inst/buffer_fclk_clk_0.FCLK_CLK_0_BUFG/O
                         net (fo=9595, routed)        0.833     1.199    design_1_i/axi_mem_intercon/m00_couplers/auto_pc/inst/gen_axi4_axi3.axi3_conv_inst/USE_WRITE.write_addr_inst/USE_B_CHANNEL.cmd_b_queue/inst/fifo_gen_inst/inst_fifo_gen/gconvfifo.rf/grf.rf/gntv_or_sync_fifo.gl0.rd/gr1.gr1_int.rfwft/clk
    SLICE_X29Y79         FDCE                                         r  design_1_i/axi_mem_intercon/m00_couplers/auto_pc/inst/gen_axi4_axi3.axi3_conv_inst/USE_WRITE.write_addr_inst/USE_B_CHANNEL.cmd_b_queue/inst/fifo_gen_inst/inst_fifo_gen/gconvfifo.rf/grf.rf/gntv_or_sync_fifo.gl0.rd/gr1.gr1_int.rfwft/gpregsm1.curr_fwft_state_reg[1]/C
                         clock pessimism             -0.282     0.917    
    SLICE_X29Y79         FDCE (Remov_fdce_C_CLR)     -0.092     0.825    design_1_i/axi_mem_intercon/m00_couplers/auto_pc/inst/gen_axi4_axi3.axi3_conv_inst/USE_WRITE.write_addr_inst/USE_B_CHANNEL.cmd_b_queue/inst/fifo_gen_inst/inst_fifo_gen/gconvfifo.rf/grf.rf/gntv_or_sync_fifo.gl0.rd/gr1.gr1_int.rfwft/gpregsm1.curr_fwft_state_reg[1]
  -------------------------------------------------------------------
                         required time                         -0.825    
                         arrival time                           1.324    
  -------------------------------------------------------------------
                         slack                                  0.499    

Slack (MET) :             0.502ns  (arrival time - required time)
  Source:                 design_1_i/axi_mem_intercon/m00_couplers/auto_pc/inst/gen_axi4_axi3.axi3_conv_inst/USE_WRITE.write_addr_inst/USE_B_CHANNEL.cmd_b_queue/inst/fifo_gen_inst/inst_fifo_gen/gconvfifo.rf/grf.rf/rstblk/ngwrdrst.grst.g7serrst.gnsckt_wrst.gcc_rst.sckt_wr_rst_cc_reg[1]/C
                            (rising edge-triggered cell FDRE clocked by clk_fpga_0  {rise@0.000ns fall@10.000ns period=20.000ns})
  Destination:            design_1_i/axi_mem_intercon/m00_couplers/auto_pc/inst/gen_axi4_axi3.axi3_conv_inst/USE_WRITE.write_addr_inst/USE_B_CHANNEL.cmd_b_queue/inst/fifo_gen_inst/inst_fifo_gen/gconvfifo.rf/grf.rf/gntv_or_sync_fifo.gl0.rd/gr1.gr1_int.rfwft/aempty_fwft_fb_i_reg/PRE
                            (removal check against rising-edge clock clk_fpga_0  {rise@0.000ns fall@10.000ns period=20.000ns})
  Path Group:             **async_default**
  Path Type:              Removal (Min at Fast Process Corner)
  Requirement:            0.000ns  (clk_fpga_0 rise@0.000ns - clk_fpga_0 rise@0.000ns)
  Data Path Delay:        0.420ns  (logic 0.186ns (44.247%)  route 0.234ns (55.753%))
  Logic Levels:           1  (LUT3=1)
  Clock Path Skew:        0.013ns (DCD - SCD - CPR)
    Destination Clock Delay (DCD):    1.199ns
    Source Clock Delay      (SCD):    0.904ns
    Clock Pessimism Removal (CPR):    0.282ns

    Location             Delay type                Incr(ns)  Path(ns)    Netlist Resource(s)
  -------------------------------------------------------------------    -------------------
                         (clock clk_fpga_0 rise edge)
                                                      0.000     0.000 r  
    PS7_X0Y0             PS7                          0.000     0.000 r  design_1_i/processing_system7_0/inst/PS7_i/FCLKCLK[0]
                         net (fo=1, routed)           0.310     0.310    design_1_i/processing_system7_0/inst/FCLK_CLK_unbuffered[0]
    BUFGCTRL_X0Y16       BUFG (Prop_bufg_I_O)         0.026     0.336 r  design_1_i/processing_system7_0/inst/buffer_fclk_clk_0.FCLK_CLK_0_BUFG/O
                         net (fo=9595, routed)        0.568     0.904    design_1_i/axi_mem_intercon/m00_couplers/auto_pc/inst/gen_axi4_axi3.axi3_conv_inst/USE_WRITE.write_addr_inst/USE_B_CHANNEL.cmd_b_queue/inst/fifo_gen_inst/inst_fifo_gen/gconvfifo.rf/grf.rf/rstblk/clk
    SLICE_X29Y80         FDRE                                         r  design_1_i/axi_mem_intercon/m00_couplers/auto_pc/inst/gen_axi4_axi3.axi3_conv_inst/USE_WRITE.write_addr_inst/USE_B_CHANNEL.cmd_b_queue/inst/fifo_gen_inst/inst_fifo_gen/gconvfifo.rf/grf.rf/rstblk/ngwrdrst.grst.g7serrst.gnsckt_wrst.gcc_rst.sckt_wr_rst_cc_reg[1]/C
  -------------------------------------------------------------------    -------------------
    SLICE_X29Y80         FDRE (Prop_fdre_C_Q)         0.141     1.045 f  design_1_i/axi_mem_intercon/m00_couplers/auto_pc/inst/gen_axi4_axi3.axi3_conv_inst/USE_WRITE.write_addr_inst/USE_B_CHANNEL.cmd_b_queue/inst/fifo_gen_inst/inst_fifo_gen/gconvfifo.rf/grf.rf/rstblk/ngwrdrst.grst.g7serrst.gnsckt_wrst.gcc_rst.sckt_wr_rst_cc_reg[1]/Q
                         net (fo=2, routed)           0.115     1.160    design_1_i/axi_mem_intercon/m00_couplers/auto_pc/inst/gen_axi4_axi3.axi3_conv_inst/USE_WRITE.write_addr_inst/USE_B_CHANNEL.cmd_b_queue/inst/fifo_gen_inst/inst_fifo_gen/gconvfifo.rf/grf.rf/rstblk/sckt_wr_rst_cc[1]
    SLICE_X29Y79         LUT3 (Prop_lut3_I0_O)        0.045     1.205 f  design_1_i/axi_mem_intercon/m00_couplers/auto_pc/inst/gen_axi4_axi3.axi3_conv_inst/USE_WRITE.write_addr_inst/USE_B_CHANNEL.cmd_b_queue/inst/fifo_gen_inst/inst_fifo_gen/gconvfifo.rf/grf.rf/rstblk/gpregsm1.curr_fwft_state[1]_i_2/O
                         net (fo=32, routed)          0.119     1.324    design_1_i/axi_mem_intercon/m00_couplers/auto_pc/inst/gen_axi4_axi3.axi3_conv_inst/USE_WRITE.write_addr_inst/USE_B_CHANNEL.cmd_b_queue/inst/fifo_gen_inst/inst_fifo_gen/gconvfifo.rf/grf.rf/gntv_or_sync_fifo.gl0.rd/gr1.gr1_int.rfwft/gpregsm1.user_valid_reg_0
    SLICE_X29Y79         FDPE                                         f  design_1_i/axi_mem_intercon/m00_couplers/auto_pc/inst/gen_axi4_axi3.axi3_conv_inst/USE_WRITE.write_addr_inst/USE_B_CHANNEL.cmd_b_queue/inst/fifo_gen_inst/inst_fifo_gen/gconvfifo.rf/grf.rf/gntv_or_sync_fifo.gl0.rd/gr1.gr1_int.rfwft/aempty_fwft_fb_i_reg/PRE
  -------------------------------------------------------------------    -------------------

                         (clock clk_fpga_0 rise edge)
                                                      0.000     0.000 r  
    PS7_X0Y0             PS7                          0.000     0.000 r  design_1_i/processing_system7_0/inst/PS7_i/FCLKCLK[0]
                         net (fo=1, routed)           0.337     0.337    design_1_i/processing_system7_0/inst/FCLK_CLK_unbuffered[0]
    BUFGCTRL_X0Y16       BUFG (Prop_bufg_I_O)         0.029     0.366 r  design_1_i/processing_system7_0/inst/buffer_fclk_clk_0.FCLK_CLK_0_BUFG/O
                         net (fo=9595, routed)        0.833     1.199    design_1_i/axi_mem_intercon/m00_couplers/auto_pc/inst/gen_axi4_axi3.axi3_conv_inst/USE_WRITE.write_addr_inst/USE_B_CHANNEL.cmd_b_queue/inst/fifo_gen_inst/inst_fifo_gen/gconvfifo.rf/grf.rf/gntv_or_sync_fifo.gl0.rd/gr1.gr1_int.rfwft/clk
    SLICE_X29Y79         FDPE                                         r  design_1_i/axi_mem_intercon/m00_couplers/auto_pc/inst/gen_axi4_axi3.axi3_conv_inst/USE_WRITE.write_addr_inst/USE_B_CHANNEL.cmd_b_queue/inst/fifo_gen_inst/inst_fifo_gen/gconvfifo.rf/grf.rf/gntv_or_sync_fifo.gl0.rd/gr1.gr1_int.rfwft/aempty_fwft_fb_i_reg/C
                         clock pessimism             -0.282     0.917    
    SLICE_X29Y79         FDPE (Remov_fdpe_C_PRE)     -0.095     0.822    design_1_i/axi_mem_intercon/m00_couplers/auto_pc/inst/gen_axi4_axi3.axi3_conv_inst/USE_WRITE.write_addr_inst/USE_B_CHANNEL.cmd_b_queue/inst/fifo_gen_inst/inst_fifo_gen/gconvfifo.rf/grf.rf/gntv_or_sync_fifo.gl0.rd/gr1.gr1_int.rfwft/aempty_fwft_fb_i_reg
  -------------------------------------------------------------------
                         required time                         -0.822    
                         arrival time                           1.324    
  -------------------------------------------------------------------
                         slack                                  0.502    

Slack (MET) :             0.502ns  (arrival time - required time)
  Source:                 design_1_i/axi_mem_intercon/m00_couplers/auto_pc/inst/gen_axi4_axi3.axi3_conv_inst/USE_WRITE.write_addr_inst/USE_B_CHANNEL.cmd_b_queue/inst/fifo_gen_inst/inst_fifo_gen/gconvfifo.rf/grf.rf/rstblk/ngwrdrst.grst.g7serrst.gnsckt_wrst.gcc_rst.sckt_wr_rst_cc_reg[1]/C
                            (rising edge-triggered cell FDRE clocked by clk_fpga_0  {rise@0.000ns fall@10.000ns period=20.000ns})
  Destination:            design_1_i/axi_mem_intercon/m00_couplers/auto_pc/inst/gen_axi4_axi3.axi3_conv_inst/USE_WRITE.write_addr_inst/USE_B_CHANNEL.cmd_b_queue/inst/fifo_gen_inst/inst_fifo_gen/gconvfifo.rf/grf.rf/gntv_or_sync_fifo.gl0.rd/gr1.gr1_int.rfwft/aempty_fwft_i_reg/PRE
                            (removal check against rising-edge clock clk_fpga_0  {rise@0.000ns fall@10.000ns period=20.000ns})
  Path Group:             **async_default**
  Path Type:              Removal (Min at Fast Process Corner)
  Requirement:            0.000ns  (clk_fpga_0 rise@0.000ns - clk_fpga_0 rise@0.000ns)
  Data Path Delay:        0.420ns  (logic 0.186ns (44.247%)  route 0.234ns (55.753%))
  Logic Levels:           1  (LUT3=1)
  Clock Path Skew:        0.013ns (DCD - SCD - CPR)
    Destination Clock Delay (DCD):    1.199ns
    Source Clock Delay      (SCD):    0.904ns
    Clock Pessimism Removal (CPR):    0.282ns

    Location             Delay type                Incr(ns)  Path(ns)    Netlist Resource(s)
  -------------------------------------------------------------------    -------------------
                         (clock clk_fpga_0 rise edge)
                                                      0.000     0.000 r  
    PS7_X0Y0             PS7                          0.000     0.000 r  design_1_i/processing_system7_0/inst/PS7_i/FCLKCLK[0]
                         net (fo=1, routed)           0.310     0.310    design_1_i/processing_system7_0/inst/FCLK_CLK_unbuffered[0]
    BUFGCTRL_X0Y16       BUFG (Prop_bufg_I_O)         0.026     0.336 r  design_1_i/processing_system7_0/inst/buffer_fclk_clk_0.FCLK_CLK_0_BUFG/O
                         net (fo=9595, routed)        0.568     0.904    design_1_i/axi_mem_intercon/m00_couplers/auto_pc/inst/gen_axi4_axi3.axi3_conv_inst/USE_WRITE.write_addr_inst/USE_B_CHANNEL.cmd_b_queue/inst/fifo_gen_inst/inst_fifo_gen/gconvfifo.rf/grf.rf/rstblk/clk
    SLICE_X29Y80         FDRE                                         r  design_1_i/axi_mem_intercon/m00_couplers/auto_pc/inst/gen_axi4_axi3.axi3_conv_inst/USE_WRITE.write_addr_inst/USE_B_CHANNEL.cmd_b_queue/inst/fifo_gen_inst/inst_fifo_gen/gconvfifo.rf/grf.rf/rstblk/ngwrdrst.grst.g7serrst.gnsckt_wrst.gcc_rst.sckt_wr_rst_cc_reg[1]/C
  -------------------------------------------------------------------    -------------------
    SLICE_X29Y80         FDRE (Prop_fdre_C_Q)         0.141     1.045 f  design_1_i/axi_mem_intercon/m00_couplers/auto_pc/inst/gen_axi4_axi3.axi3_conv_inst/USE_WRITE.write_addr_inst/USE_B_CHANNEL.cmd_b_queue/inst/fifo_gen_inst/inst_fifo_gen/gconvfifo.rf/grf.rf/rstblk/ngwrdrst.grst.g7serrst.gnsckt_wrst.gcc_rst.sckt_wr_rst_cc_reg[1]/Q
                         net (fo=2, routed)           0.115     1.160    design_1_i/axi_mem_intercon/m00_couplers/auto_pc/inst/gen_axi4_axi3.axi3_conv_inst/USE_WRITE.write_addr_inst/USE_B_CHANNEL.cmd_b_queue/inst/fifo_gen_inst/inst_fifo_gen/gconvfifo.rf/grf.rf/rstblk/sckt_wr_rst_cc[1]
    SLICE_X29Y79         LUT3 (Prop_lut3_I0_O)        0.045     1.205 f  design_1_i/axi_mem_intercon/m00_couplers/auto_pc/inst/gen_axi4_axi3.axi3_conv_inst/USE_WRITE.write_addr_inst/USE_B_CHANNEL.cmd_b_queue/inst/fifo_gen_inst/inst_fifo_gen/gconvfifo.rf/grf.rf/rstblk/gpregsm1.curr_fwft_state[1]_i_2/O
                         net (fo=32, routed)          0.119     1.324    design_1_i/axi_mem_intercon/m00_couplers/auto_pc/inst/gen_axi4_axi3.axi3_conv_inst/USE_WRITE.write_addr_inst/USE_B_CHANNEL.cmd_b_queue/inst/fifo_gen_inst/inst_fifo_gen/gconvfifo.rf/grf.rf/gntv_or_sync_fifo.gl0.rd/gr1.gr1_int.rfwft/gpregsm1.user_valid_reg_0
    SLICE_X29Y79         FDPE                                         f  design_1_i/axi_mem_intercon/m00_couplers/auto_pc/inst/gen_axi4_axi3.axi3_conv_inst/USE_WRITE.write_addr_inst/USE_B_CHANNEL.cmd_b_queue/inst/fifo_gen_inst/inst_fifo_gen/gconvfifo.rf/grf.rf/gntv_or_sync_fifo.gl0.rd/gr1.gr1_int.rfwft/aempty_fwft_i_reg/PRE
  -------------------------------------------------------------------    -------------------

                         (clock clk_fpga_0 rise edge)
                                                      0.000     0.000 r  
    PS7_X0Y0             PS7                          0.000     0.000 r  design_1_i/processing_system7_0/inst/PS7_i/FCLKCLK[0]
                         net (fo=1, routed)           0.337     0.337    design_1_i/processing_system7_0/inst/FCLK_CLK_unbuffered[0]
    BUFGCTRL_X0Y16       BUFG (Prop_bufg_I_O)         0.029     0.366 r  design_1_i/processing_system7_0/inst/buffer_fclk_clk_0.FCLK_CLK_0_BUFG/O
                         net (fo=9595, routed)        0.833     1.199    design_1_i/axi_mem_intercon/m00_couplers/auto_pc/inst/gen_axi4_axi3.axi3_conv_inst/USE_WRITE.write_addr_inst/USE_B_CHANNEL.cmd_b_queue/inst/fifo_gen_inst/inst_fifo_gen/gconvfifo.rf/grf.rf/gntv_or_sync_fifo.gl0.rd/gr1.gr1_int.rfwft/clk
    SLICE_X29Y79         FDPE                                         r  design_1_i/axi_mem_intercon/m00_couplers/auto_pc/inst/gen_axi4_axi3.axi3_conv_inst/USE_WRITE.write_addr_inst/USE_B_CHANNEL.cmd_b_queue/inst/fifo_gen_inst/inst_fifo_gen/gconvfifo.rf/grf.rf/gntv_or_sync_fifo.gl0.rd/gr1.gr1_int.rfwft/aempty_fwft_i_reg/C
                         clock pessimism             -0.282     0.917    
    SLICE_X29Y79         FDPE (Remov_fdpe_C_PRE)     -0.095     0.822    design_1_i/axi_mem_intercon/m00_couplers/auto_pc/inst/gen_axi4_axi3.axi3_conv_inst/USE_WRITE.write_addr_inst/USE_B_CHANNEL.cmd_b_queue/inst/fifo_gen_inst/inst_fifo_gen/gconvfifo.rf/grf.rf/gntv_or_sync_fifo.gl0.rd/gr1.gr1_int.rfwft/aempty_fwft_i_reg
  -------------------------------------------------------------------
                         required time                         -0.822    
                         arrival time                           1.324    
  -------------------------------------------------------------------
                         slack                                  0.502    

Slack (MET) :             0.602ns  (arrival time - required time)
  Source:                 design_1_i/axi_mem_intercon/m00_couplers/auto_pc/inst/gen_axi4_axi3.axi3_conv_inst/USE_READ.USE_SPLIT_R.read_addr_inst/USE_R_CHANNEL.cmd_queue/inst/fifo_gen_inst/inst_fifo_gen/gconvfifo.rf/grf.rf/rstblk/ngwrdrst.grst.g7serrst.gnsckt_wrst.rst_wr_reg2_inst/arststages_ff_reg[1]/C
                            (rising edge-triggered cell FDPE clocked by clk_fpga_0  {rise@0.000ns fall@10.000ns period=20.000ns})
  Destination:            design_1_i/axi_mem_intercon/m00_couplers/auto_pc/inst/gen_axi4_axi3.axi3_conv_inst/USE_READ.USE_SPLIT_R.read_addr_inst/USE_R_CHANNEL.cmd_queue/inst/fifo_gen_inst/inst_fifo_gen/gconvfifo.rf/grf.rf/gntv_or_sync_fifo.gl0.rd/gr1.gr1_int.rfwft/gpregsm1.curr_fwft_state_reg[0]/CLR
                            (removal check against rising-edge clock clk_fpga_0  {rise@0.000ns fall@10.000ns period=20.000ns})
  Path Group:             **async_default**
  Path Type:              Removal (Min at Fast Process Corner)
  Requirement:            0.000ns  (clk_fpga_0 rise@0.000ns - clk_fpga_0 rise@0.000ns)
  Data Path Delay:        0.808ns  (logic 0.227ns (28.085%)  route 0.581ns (71.915%))
  Logic Levels:           1  (LUT3=1)
  Clock Path Skew:        0.273ns (DCD - SCD - CPR)
    Destination Clock Delay (DCD):    1.196ns
    Source Clock Delay      (SCD):    0.893ns
    Clock Pessimism Removal (CPR):    0.030ns

    Location             Delay type                Incr(ns)  Path(ns)    Netlist Resource(s)
  -------------------------------------------------------------------    -------------------
                         (clock clk_fpga_0 rise edge)
                                                      0.000     0.000 r  
    PS7_X0Y0             PS7                          0.000     0.000 r  design_1_i/processing_system7_0/inst/PS7_i/FCLKCLK[0]
                         net (fo=1, routed)           0.310     0.310    design_1_i/processing_system7_0/inst/FCLK_CLK_unbuffered[0]
    BUFGCTRL_X0Y16       BUFG (Prop_bufg_I_O)         0.026     0.336 r  design_1_i/processing_system7_0/inst/buffer_fclk_clk_0.FCLK_CLK_0_BUFG/O
                         net (fo=9595, routed)        0.557     0.893    design_1_i/axi_mem_intercon/m00_couplers/auto_pc/inst/gen_axi4_axi3.axi3_conv_inst/USE_READ.USE_SPLIT_R.read_addr_inst/USE_R_CHANNEL.cmd_queue/inst/fifo_gen_inst/inst_fifo_gen/gconvfifo.rf/grf.rf/rstblk/ngwrdrst.grst.g7serrst.gnsckt_wrst.rst_wr_reg2_inst/dest_clk
    SLICE_X41Y50         FDPE                                         r  design_1_i/axi_mem_intercon/m00_couplers/auto_pc/inst/gen_axi4_axi3.axi3_conv_inst/USE_READ.USE_SPLIT_R.read_addr_inst/USE_R_CHANNEL.cmd_queue/inst/fifo_gen_inst/inst_fifo_gen/gconvfifo.rf/grf.rf/rstblk/ngwrdrst.grst.g7serrst.gnsckt_wrst.rst_wr_reg2_inst/arststages_ff_reg[1]/C
  -------------------------------------------------------------------    -------------------
    SLICE_X41Y50         FDPE (Prop_fdpe_C_Q)         0.128     1.021 f  design_1_i/axi_mem_intercon/m00_couplers/auto_pc/inst/gen_axi4_axi3.axi3_conv_inst/USE_READ.USE_SPLIT_R.read_addr_inst/USE_R_CHANNEL.cmd_queue/inst/fifo_gen_inst/inst_fifo_gen/gconvfifo.rf/grf.rf/rstblk/ngwrdrst.grst.g7serrst.gnsckt_wrst.rst_wr_reg2_inst/arststages_ff_reg[1]/Q
                         net (fo=2, routed)           0.121     1.142    design_1_i/axi_mem_intercon/m00_couplers/auto_pc/inst/gen_axi4_axi3.axi3_conv_inst/USE_READ.USE_SPLIT_R.read_addr_inst/USE_R_CHANNEL.cmd_queue/inst/fifo_gen_inst/inst_fifo_gen/gconvfifo.rf/grf.rf/rstblk/rst_wr_reg2
    SLICE_X42Y49         LUT3 (Prop_lut3_I2_O)        0.099     1.241 f  design_1_i/axi_mem_intercon/m00_couplers/auto_pc/inst/gen_axi4_axi3.axi3_conv_inst/USE_READ.USE_SPLIT_R.read_addr_inst/USE_R_CHANNEL.cmd_queue/inst/fifo_gen_inst/inst_fifo_gen/gconvfifo.rf/grf.rf/rstblk/gpregsm1.curr_fwft_state[1]_i_2/O
                         net (fo=33, routed)          0.460     1.701    design_1_i/axi_mem_intercon/m00_couplers/auto_pc/inst/gen_axi4_axi3.axi3_conv_inst/USE_READ.USE_SPLIT_R.read_addr_inst/USE_R_CHANNEL.cmd_queue/inst/fifo_gen_inst/inst_fifo_gen/gconvfifo.rf/grf.rf/gntv_or_sync_fifo.gl0.rd/gr1.gr1_int.rfwft/gpregsm1.user_valid_reg_0
    SLICE_X38Y48         FDCE                                         f  design_1_i/axi_mem_intercon/m00_couplers/auto_pc/inst/gen_axi4_axi3.axi3_conv_inst/USE_READ.USE_SPLIT_R.read_addr_inst/USE_R_CHANNEL.cmd_queue/inst/fifo_gen_inst/inst_fifo_gen/gconvfifo.rf/grf.rf/gntv_or_sync_fifo.gl0.rd/gr1.gr1_int.rfwft/gpregsm1.curr_fwft_state_reg[0]/CLR
  -------------------------------------------------------------------    -------------------

                         (clock clk_fpga_0 rise edge)
                                                      0.000     0.000 r  
    PS7_X0Y0             PS7                          0.000     0.000 r  design_1_i/processing_system7_0/inst/PS7_i/FCLKCLK[0]
                         net (fo=1, routed)           0.337     0.337    design_1_i/processing_system7_0/inst/FCLK_CLK_unbuffered[0]
    BUFGCTRL_X0Y16       BUFG (Prop_bufg_I_O)         0.029     0.366 r  design_1_i/processing_system7_0/inst/buffer_fclk_clk_0.FCLK_CLK_0_BUFG/O
                         net (fo=9595, routed)        0.830     1.196    design_1_i/axi_mem_intercon/m00_couplers/auto_pc/inst/gen_axi4_axi3.axi3_conv_inst/USE_READ.USE_SPLIT_R.read_addr_inst/USE_R_CHANNEL.cmd_queue/inst/fifo_gen_inst/inst_fifo_gen/gconvfifo.rf/grf.rf/gntv_or_sync_fifo.gl0.rd/gr1.gr1_int.rfwft/clk
    SLICE_X38Y48         FDCE                                         r  design_1_i/axi_mem_intercon/m00_couplers/auto_pc/inst/gen_axi4_axi3.axi3_conv_inst/USE_READ.USE_SPLIT_R.read_addr_inst/USE_R_CHANNEL.cmd_queue/inst/fifo_gen_inst/inst_fifo_gen/gconvfifo.rf/grf.rf/gntv_or_sync_fifo.gl0.rd/gr1.gr1_int.rfwft/gpregsm1.curr_fwft_state_reg[0]/C
                         clock pessimism             -0.030     1.166    
    SLICE_X38Y48         FDCE (Remov_fdce_C_CLR)     -0.067     1.099    design_1_i/axi_mem_intercon/m00_couplers/auto_pc/inst/gen_axi4_axi3.axi3_conv_inst/USE_READ.USE_SPLIT_R.read_addr_inst/USE_R_CHANNEL.cmd_queue/inst/fifo_gen_inst/inst_fifo_gen/gconvfifo.rf/grf.rf/gntv_or_sync_fifo.gl0.rd/gr1.gr1_int.rfwft/gpregsm1.curr_fwft_state_reg[0]
  -------------------------------------------------------------------
                         required time                         -1.099    
                         arrival time                           1.701    
  -------------------------------------------------------------------
                         slack                                  0.602    

Slack (MET) :             0.602ns  (arrival time - required time)
  Source:                 design_1_i/axi_mem_intercon/m00_couplers/auto_pc/inst/gen_axi4_axi3.axi3_conv_inst/USE_READ.USE_SPLIT_R.read_addr_inst/USE_R_CHANNEL.cmd_queue/inst/fifo_gen_inst/inst_fifo_gen/gconvfifo.rf/grf.rf/rstblk/ngwrdrst.grst.g7serrst.gnsckt_wrst.rst_wr_reg2_inst/arststages_ff_reg[1]/C
                            (rising edge-triggered cell FDPE clocked by clk_fpga_0  {rise@0.000ns fall@10.000ns period=20.000ns})
  Destination:            design_1_i/axi_mem_intercon/m00_couplers/auto_pc/inst/gen_axi4_axi3.axi3_conv_inst/USE_READ.USE_SPLIT_R.read_addr_inst/USE_R_CHANNEL.cmd_queue/inst/fifo_gen_inst/inst_fifo_gen/gconvfifo.rf/grf.rf/gntv_or_sync_fifo.gl0.rd/gr1.gr1_int.rfwft/gpregsm1.curr_fwft_state_reg[1]/CLR
                            (removal check against rising-edge clock clk_fpga_0  {rise@0.000ns fall@10.000ns period=20.000ns})
  Path Group:             **async_default**
  Path Type:              Removal (Min at Fast Process Corner)
  Requirement:            0.000ns  (clk_fpga_0 rise@0.000ns - clk_fpga_0 rise@0.000ns)
  Data Path Delay:        0.808ns  (logic 0.227ns (28.085%)  route 0.581ns (71.915%))
  Logic Levels:           1  (LUT3=1)
  Clock Path Skew:        0.273ns (DCD - SCD - CPR)
    Destination Clock Delay (DCD):    1.196ns
    Source Clock Delay      (SCD):    0.893ns
    Clock Pessimism Removal (CPR):    0.030ns

    Location             Delay type                Incr(ns)  Path(ns)    Netlist Resource(s)
  -------------------------------------------------------------------    -------------------
                         (clock clk_fpga_0 rise edge)
                                                      0.000     0.000 r  
    PS7_X0Y0             PS7                          0.000     0.000 r  design_1_i/processing_system7_0/inst/PS7_i/FCLKCLK[0]
                         net (fo=1, routed)           0.310     0.310    design_1_i/processing_system7_0/inst/FCLK_CLK_unbuffered[0]
    BUFGCTRL_X0Y16       BUFG (Prop_bufg_I_O)         0.026     0.336 r  design_1_i/processing_system7_0/inst/buffer_fclk_clk_0.FCLK_CLK_0_BUFG/O
                         net (fo=9595, routed)        0.557     0.893    design_1_i/axi_mem_intercon/m00_couplers/auto_pc/inst/gen_axi4_axi3.axi3_conv_inst/USE_READ.USE_SPLIT_R.read_addr_inst/USE_R_CHANNEL.cmd_queue/inst/fifo_gen_inst/inst_fifo_gen/gconvfifo.rf/grf.rf/rstblk/ngwrdrst.grst.g7serrst.gnsckt_wrst.rst_wr_reg2_inst/dest_clk
    SLICE_X41Y50         FDPE                                         r  design_1_i/axi_mem_intercon/m00_couplers/auto_pc/inst/gen_axi4_axi3.axi3_conv_inst/USE_READ.USE_SPLIT_R.read_addr_inst/USE_R_CHANNEL.cmd_queue/inst/fifo_gen_inst/inst_fifo_gen/gconvfifo.rf/grf.rf/rstblk/ngwrdrst.grst.g7serrst.gnsckt_wrst.rst_wr_reg2_inst/arststages_ff_reg[1]/C
  -------------------------------------------------------------------    -------------------
    SLICE_X41Y50         FDPE (Prop_fdpe_C_Q)         0.128     1.021 f  design_1_i/axi_mem_intercon/m00_couplers/auto_pc/inst/gen_axi4_axi3.axi3_conv_inst/USE_READ.USE_SPLIT_R.read_addr_inst/USE_R_CHANNEL.cmd_queue/inst/fifo_gen_inst/inst_fifo_gen/gconvfifo.rf/grf.rf/rstblk/ngwrdrst.grst.g7serrst.gnsckt_wrst.rst_wr_reg2_inst/arststages_ff_reg[1]/Q
                         net (fo=2, routed)           0.121     1.142    design_1_i/axi_mem_intercon/m00_couplers/auto_pc/inst/gen_axi4_axi3.axi3_conv_inst/USE_READ.USE_SPLIT_R.read_addr_inst/USE_R_CHANNEL.cmd_queue/inst/fifo_gen_inst/inst_fifo_gen/gconvfifo.rf/grf.rf/rstblk/rst_wr_reg2
    SLICE_X42Y49         LUT3 (Prop_lut3_I2_O)        0.099     1.241 f  design_1_i/axi_mem_intercon/m00_couplers/auto_pc/inst/gen_axi4_axi3.axi3_conv_inst/USE_READ.USE_SPLIT_R.read_addr_inst/USE_R_CHANNEL.cmd_queue/inst/fifo_gen_inst/inst_fifo_gen/gconvfifo.rf/grf.rf/rstblk/gpregsm1.curr_fwft_state[1]_i_2/O
                         net (fo=33, routed)          0.460     1.701    design_1_i/axi_mem_intercon/m00_couplers/auto_pc/inst/gen_axi4_axi3.axi3_conv_inst/USE_READ.USE_SPLIT_R.read_addr_inst/USE_R_CHANNEL.cmd_queue/inst/fifo_gen_inst/inst_fifo_gen/gconvfifo.rf/grf.rf/gntv_or_sync_fifo.gl0.rd/gr1.gr1_int.rfwft/gpregsm1.user_valid_reg_0
    SLICE_X38Y48         FDCE                                         f  design_1_i/axi_mem_intercon/m00_couplers/auto_pc/inst/gen_axi4_axi3.axi3_conv_inst/USE_READ.USE_SPLIT_R.read_addr_inst/USE_R_CHANNEL.cmd_queue/inst/fifo_gen_inst/inst_fifo_gen/gconvfifo.rf/grf.rf/gntv_or_sync_fifo.gl0.rd/gr1.gr1_int.rfwft/gpregsm1.curr_fwft_state_reg[1]/CLR
  -------------------------------------------------------------------    -------------------

                         (clock clk_fpga_0 rise edge)
                                                      0.000     0.000 r  
    PS7_X0Y0             PS7                          0.000     0.000 r  design_1_i/processing_system7_0/inst/PS7_i/FCLKCLK[0]
                         net (fo=1, routed)           0.337     0.337    design_1_i/processing_system7_0/inst/FCLK_CLK_unbuffered[0]
    BUFGCTRL_X0Y16       BUFG (Prop_bufg_I_O)         0.029     0.366 r  design_1_i/processing_system7_0/inst/buffer_fclk_clk_0.FCLK_CLK_0_BUFG/O
                         net (fo=9595, routed)        0.830     1.196    design_1_i/axi_mem_intercon/m00_couplers/auto_pc/inst/gen_axi4_axi3.axi3_conv_inst/USE_READ.USE_SPLIT_R.read_addr_inst/USE_R_CHANNEL.cmd_queue/inst/fifo_gen_inst/inst_fifo_gen/gconvfifo.rf/grf.rf/gntv_or_sync_fifo.gl0.rd/gr1.gr1_int.rfwft/clk
    SLICE_X38Y48         FDCE                                         r  design_1_i/axi_mem_intercon/m00_couplers/auto_pc/inst/gen_axi4_axi3.axi3_conv_inst/USE_READ.USE_SPLIT_R.read_addr_inst/USE_R_CHANNEL.cmd_queue/inst/fifo_gen_inst/inst_fifo_gen/gconvfifo.rf/grf.rf/gntv_or_sync_fifo.gl0.rd/gr1.gr1_int.rfwft/gpregsm1.curr_fwft_state_reg[1]/C
                         clock pessimism             -0.030     1.166    
    SLICE_X38Y48         FDCE (Remov_fdce_C_CLR)     -0.067     1.099    design_1_i/axi_mem_intercon/m00_couplers/auto_pc/inst/gen_axi4_axi3.axi3_conv_inst/USE_READ.USE_SPLIT_R.read_addr_inst/USE_R_CHANNEL.cmd_queue/inst/fifo_gen_inst/inst_fifo_gen/gconvfifo.rf/grf.rf/gntv_or_sync_fifo.gl0.rd/gr1.gr1_int.rfwft/gpregsm1.curr_fwft_state_reg[1]
  -------------------------------------------------------------------
                         required time                         -1.099    
                         arrival time                           1.701    
  -------------------------------------------------------------------
                         slack                                  0.602    





